
 /----------------------------------------------------------------------------\
 |                                                                            |
 |  yosys -- Yosys Open SYnthesis Suite                                       |
 |                                                                            |
 |  Copyright (C) 2012 - 2020  Claire Xenia Wolf <claire@yosyshq.com>         |
 |                                                                            |
 |  Permission to use, copy, modify, and/or distribute this software for any  |
 |  purpose with or without fee is hereby granted, provided that the above    |
 |  copyright notice and this permission notice appear in all copies.         |
 |                                                                            |
 |  THE SOFTWARE IS PROVIDED "AS IS" AND THE AUTHOR DISCLAIMS ALL WARRANTIES  |
 |  WITH REGARD TO THIS SOFTWARE INCLUDING ALL IMPLIED WARRANTIES OF          |
 |  MERCHANTABILITY AND FITNESS. IN NO EVENT SHALL THE AUTHOR BE LIABLE FOR   |
 |  ANY SPECIAL, DIRECT, INDIRECT, OR CONSEQUENTIAL DAMAGES OR ANY DAMAGES    |
 |  WHATSOEVER RESULTING FROM LOSS OF USE, DATA OR PROFITS, WHETHER IN AN     |
 |  ACTION OF CONTRACT, NEGLIGENCE OR OTHER TORTIOUS ACTION, ARISING OUT OF   |
 |  OR IN CONNECTION WITH THE USE OR PERFORMANCE OF THIS SOFTWARE.            |
 |                                                                            |
 \----------------------------------------------------------------------------/

 Yosys 0.38+92 (git sha1 84116c9a3, x86_64-conda-linux-gnu-cc 11.2.0 -fvisibility-inlines-hidden -fmessage-length=0 -march=nocona -mtune=haswell -ftree-vectorize -fPIC -fstack-protector-strong -fno-plt -O2 -ffunction-sections -fdebug-prefix-map=/root/conda-eda/conda-eda/workdir/conda-env/conda-bld/yosys_1708682804602/work=/usr/local/src/conda/yosys-0.38_93_g84116c9a3 -fdebug-prefix-map=/home/felipe-zorro/miniconda3/envs/digital=/usr/local/src/conda-prefix -fPIC -Os -fno-merge-constants)


-- Parsing `top.v' using frontend ` -vlog2k' --

1. Executing Verilog-2005 frontend: top.v
Parsing Verilog input from `top.v' to AST representation.
Storing AST representation for module `$abstract\top'.
Successfully finished Verilog frontend.

-- Parsing `cursor.v' using frontend ` -vlog2k' --

2. Executing Verilog-2005 frontend: cursor.v
Parsing Verilog input from `cursor.v' to AST representation.
Storing AST representation for module `$abstract\cursor'.
Successfully finished Verilog frontend.

-- Parsing `detector_flanco.v' using frontend ` -vlog2k' --

3. Executing Verilog-2005 frontend: detector_flanco.v
Parsing Verilog input from `detector_flanco.v' to AST representation.
Storing AST representation for module `$abstract\detector_flanco'.
Successfully finished Verilog frontend.

-- Parsing `mc.v' using frontend ` -vlog2k' --

4. Executing Verilog-2005 frontend: mc.v
Parsing Verilog input from `mc.v' to AST representation.
Storing AST representation for module `$abstract\mc'.
Successfully finished Verilog frontend.

-- Parsing `pos_mov.v' using frontend ` -vlog2k' --

5. Executing Verilog-2005 frontend: pos_mov.v
Parsing Verilog input from `pos_mov.v' to AST representation.
Storing AST representation for module `$abstract\pos_mov'.
Successfully finished Verilog frontend.

-- Parsing `validar_jugada.v' using frontend ` -vlog2k' --

6. Executing Verilog-2005 frontend: validar_jugada.v
Parsing Verilog input from `validar_jugada.v' to AST representation.
Storing AST representation for module `$abstract\validar_jugada'.
Successfully finished Verilog frontend.

-- Parsing `reg_jugadas.v' using frontend ` -vlog2k' --

7. Executing Verilog-2005 frontend: reg_jugadas.v
Parsing Verilog input from `reg_jugadas.v' to AST representation.
Storing AST representation for module `$abstract\regjugadas'.
Successfully finished Verilog frontend.

-- Parsing `reg_caballo.v' using frontend ` -vlog2k' --

8. Executing Verilog-2005 frontend: reg_caballo.v
Parsing Verilog input from `reg_caballo.v' to AST representation.
Storing AST representation for module `$abstract\reg_caballo'.
Successfully finished Verilog frontend.

-- Parsing `traductor.v' using frontend ` -vlog2k' --

9. Executing Verilog-2005 frontend: traductor.v
Parsing Verilog input from `traductor.v' to AST representation.
Storing AST representation for module `$abstract\traductor'.
Successfully finished Verilog frontend.

-- Parsing `tablero_temp.v' using frontend ` -vlog2k' --

10. Executing Verilog-2005 frontend: tablero_temp.v
Parsing Verilog input from `tablero_temp.v' to AST representation.
Storing AST representation for module `$abstract\tablero_temp'.
Successfully finished Verilog frontend.

-- Parsing `ws2812_array.v' using frontend ` -vlog2k' --

11. Executing Verilog-2005 frontend: ws2812_array.v
Parsing Verilog input from `ws2812_array.v' to AST representation.
Storing AST representation for module `$abstract\ws2812_array'.
Successfully finished Verilog frontend.

-- Parsing `comp_arr.v' using frontend ` -vlog2k' --

12. Executing Verilog-2005 frontend: comp_arr.v
Parsing Verilog input from `comp_arr.v' to AST representation.
Storing AST representation for module `$abstract\comp_arr'.
Successfully finished Verilog frontend.

-- Parsing `control_arr.v' using frontend ` -vlog2k' --

13. Executing Verilog-2005 frontend: control_arr.v
Parsing Verilog input from `control_arr.v' to AST representation.
Storing AST representation for module `$abstract\control_arr'.
Successfully finished Verilog frontend.

-- Parsing `count_arr.v' using frontend ` -vlog2k' --

14. Executing Verilog-2005 frontend: count_arr.v
Parsing Verilog input from `count_arr.v' to AST representation.
Storing AST representation for module `$abstract\count_arr'.
Successfully finished Verilog frontend.

-- Parsing `ws2812_led.v' using frontend ` -vlog2k' --

15. Executing Verilog-2005 frontend: ws2812_led.v
Parsing Verilog input from `ws2812_led.v' to AST representation.
Storing AST representation for module `$abstract\ws2812_LED'.
Successfully finished Verilog frontend.

-- Parsing `control_wsl.v' using frontend ` -vlog2k' --

16. Executing Verilog-2005 frontend: control_wsl.v
Parsing Verilog input from `control_wsl.v' to AST representation.
Storing AST representation for module `$abstract\control_wsl'.
Successfully finished Verilog frontend.

-- Parsing `count_wsl.v' using frontend ` -vlog2k' --

17. Executing Verilog-2005 frontend: count_wsl.v
Parsing Verilog input from `count_wsl.v' to AST representation.
Storing AST representation for module `$abstract\count_wsl'.
Successfully finished Verilog frontend.

-- Parsing `shift_wsl.v' using frontend ` -vlog2k' --

18. Executing Verilog-2005 frontend: shift_wsl.v
Parsing Verilog input from `shift_wsl.v' to AST representation.
Storing AST representation for module `$abstract\shift_wsl'.
Successfully finished Verilog frontend.

-- Parsing `ws2812.v' using frontend ` -vlog2k' --

19. Executing Verilog-2005 frontend: ws2812.v
Parsing Verilog input from `ws2812.v' to AST representation.
Storing AST representation for module `$abstract\ws2812'.
Successfully finished Verilog frontend.

-- Parsing `control_ws.v' using frontend ` -vlog2k' --

20. Executing Verilog-2005 frontend: control_ws.v
Parsing Verilog input from `control_ws.v' to AST representation.
Storing AST representation for module `$abstract\control_ws'.
Successfully finished Verilog frontend.

-- Parsing `count_ws.v' using frontend ` -vlog2k' --

21. Executing Verilog-2005 frontend: count_ws.v
Parsing Verilog input from `count_ws.v' to AST representation.
Storing AST representation for module `$abstract\count_ws'.
Successfully finished Verilog frontend.

-- Parsing `comp_ws.v' using frontend ` -vlog2k' --

22. Executing Verilog-2005 frontend: comp_ws.v
Parsing Verilog input from `comp_ws.v' to AST representation.
Storing AST representation for module `$abstract\comp_ws'.
Successfully finished Verilog frontend.

-- Parsing `multiplexor_ws.v' using frontend ` -vlog2k' --

23. Executing Verilog-2005 frontend: multiplexor_ws.v
Parsing Verilog input from `multiplexor_ws.v' to AST representation.
Storing AST representation for module `$abstract\mux_ws'.
Successfully finished Verilog frontend.

-- Running command `synth_ecp5 -top top -json build/top.json' --

24. Executing SYNTH_ECP5 pass.

24.1. Executing Verilog-2005 frontend: /home/felipe-zorro/miniconda3/envs/digital/bin/../share/yosys/ecp5/cells_sim.v
Parsing Verilog input from `/home/felipe-zorro/miniconda3/envs/digital/bin/../share/yosys/ecp5/cells_sim.v' to AST representation.
Generating RTLIL representation for module `\LUT4'.
Generating RTLIL representation for module `\$__ABC9_LUT5'.
Generating RTLIL representation for module `\$__ABC9_LUT6'.
Generating RTLIL representation for module `\$__ABC9_LUT7'.
Generating RTLIL representation for module `\L6MUX21'.
Generating RTLIL representation for module `\CCU2C'.
Generating RTLIL representation for module `\TRELLIS_RAM16X2'.
Generating RTLIL representation for module `\PFUMX'.
Generating RTLIL representation for module `\TRELLIS_DPR16X4'.
Generating RTLIL representation for module `\DPR16X4C'.
Generating RTLIL representation for module `\LUT2'.
Generating RTLIL representation for module `\TRELLIS_FF'.
Generating RTLIL representation for module `\TRELLIS_IO'.
Generating RTLIL representation for module `\INV'.
Generating RTLIL representation for module `\TRELLIS_COMB'.
Generating RTLIL representation for module `\DP16KD'.
Generating RTLIL representation for module `\FD1P3AX'.
Generating RTLIL representation for module `\FD1P3AY'.
Generating RTLIL representation for module `\FD1P3BX'.
Generating RTLIL representation for module `\FD1P3DX'.
Generating RTLIL representation for module `\FD1P3IX'.
Generating RTLIL representation for module `\FD1P3JX'.
Generating RTLIL representation for module `\FD1S3AX'.
Generating RTLIL representation for module `\FD1S3AY'.
Generating RTLIL representation for module `\FD1S3BX'.
Generating RTLIL representation for module `\FD1S3DX'.
Generating RTLIL representation for module `\FD1S3IX'.
Generating RTLIL representation for module `\FD1S3JX'.
Generating RTLIL representation for module `\IFS1P3BX'.
Generating RTLIL representation for module `\IFS1P3DX'.
Generating RTLIL representation for module `\IFS1P3IX'.
Generating RTLIL representation for module `\IFS1P3JX'.
Generating RTLIL representation for module `\OFS1P3BX'.
Generating RTLIL representation for module `\OFS1P3DX'.
Generating RTLIL representation for module `\OFS1P3IX'.
Generating RTLIL representation for module `\OFS1P3JX'.
Generating RTLIL representation for module `\IB'.
Generating RTLIL representation for module `\IBPU'.
Generating RTLIL representation for module `\IBPD'.
Generating RTLIL representation for module `\OB'.
Generating RTLIL representation for module `\OBZ'.
Generating RTLIL representation for module `\OBZPU'.
Generating RTLIL representation for module `\OBZPD'.
Generating RTLIL representation for module `\OBCO'.
Generating RTLIL representation for module `\BB'.
Generating RTLIL representation for module `\BBPU'.
Generating RTLIL representation for module `\BBPD'.
Generating RTLIL representation for module `\ILVDS'.
Generating RTLIL representation for module `\OLVDS'.
Successfully finished Verilog frontend.

24.2. Executing Verilog-2005 frontend: /home/felipe-zorro/miniconda3/envs/digital/bin/../share/yosys/ecp5/cells_bb.v
Parsing Verilog input from `/home/felipe-zorro/miniconda3/envs/digital/bin/../share/yosys/ecp5/cells_bb.v' to AST representation.
Generating RTLIL representation for module `\MULT18X18D'.
Generating RTLIL representation for module `\ALU54B'.
Generating RTLIL representation for module `\EHXPLLL'.
Generating RTLIL representation for module `\DTR'.
Generating RTLIL representation for module `\OSCG'.
Generating RTLIL representation for module `\USRMCLK'.
Generating RTLIL representation for module `\JTAGG'.
Generating RTLIL representation for module `\DELAYF'.
Generating RTLIL representation for module `\DELAYG'.
Generating RTLIL representation for module `\IDDRX1F'.
Generating RTLIL representation for module `\IDDRX2F'.
Generating RTLIL representation for module `\IDDR71B'.
Generating RTLIL representation for module `\IDDRX2DQA'.
Generating RTLIL representation for module `\ODDRX1F'.
Generating RTLIL representation for module `\ODDRX2F'.
Generating RTLIL representation for module `\ODDR71B'.
Generating RTLIL representation for module `\OSHX2A'.
Generating RTLIL representation for module `\ODDRX2DQA'.
Generating RTLIL representation for module `\ODDRX2DQSB'.
Generating RTLIL representation for module `\TSHX2DQA'.
Generating RTLIL representation for module `\TSHX2DQSA'.
Generating RTLIL representation for module `\DQSBUFM'.
Generating RTLIL representation for module `\DDRDLLA'.
Generating RTLIL representation for module `\DLLDELD'.
Generating RTLIL representation for module `\CLKDIVF'.
Generating RTLIL representation for module `\ECLKSYNCB'.
Generating RTLIL representation for module `\ECLKBRIDGECS'.
Generating RTLIL representation for module `\DCCA'.
Generating RTLIL representation for module `\DCSC'.
Generating RTLIL representation for module `\DCUA'.
Generating RTLIL representation for module `\EXTREFB'.
Generating RTLIL representation for module `\PCSCLKDIV'.
Generating RTLIL representation for module `\PUR'.
Generating RTLIL representation for module `\GSR'.
Generating RTLIL representation for module `\SGSR'.
Generating RTLIL representation for module `\PDPW16KD'.
Successfully finished Verilog frontend.

24.3. Executing HIERARCHY pass (managing design hierarchy).

24.4. Executing AST frontend in derive mode using pre-parsed AST for module `\top'.
Generating RTLIL representation for module `\top'.

24.4.1. Analyzing design hierarchy..
Top module:  \top

24.4.2. Executing AST frontend in derive mode using pre-parsed AST for module `\ws2812_array'.
Generating RTLIL representation for module `\ws2812_array'.

24.4.3. Executing AST frontend in derive mode using pre-parsed AST for module `\mc'.
Generating RTLIL representation for module `\mc'.

24.4.4. Executing AST frontend in derive mode using pre-parsed AST for module `\validar_jugada'.
Generating RTLIL representation for module `\validar_jugada'.

24.4.5. Executing AST frontend in derive mode using pre-parsed AST for module `\pos_mov'.
Generating RTLIL representation for module `\pos_mov'.
Warning: Replacing memory \pos_movi_2d with list of registers. See pos_mov.v:39
Warning: Replacing memory \jugadas_2d with list of registers. See pos_mov.v:28

24.4.6. Executing AST frontend in derive mode using pre-parsed AST for module `\regjugadas'.
Generating RTLIL representation for module `\regjugadas'.

24.4.7. Executing AST frontend in derive mode using pre-parsed AST for module `\reg_caballo'.
Generating RTLIL representation for module `\reg_caballo'.

24.4.8. Executing AST frontend in derive mode using pre-parsed AST for module `\cursor'.
Generating RTLIL representation for module `\cursor'.

24.4.9. Analyzing design hierarchy..
Top module:  \top
Used module:     \ws2812_array
Used module:     \mc
Used module:     \validar_jugada
Used module:     \pos_mov
Used module:     \regjugadas
Used module:     \reg_caballo
Used module:     \cursor

24.4.10. Executing AST frontend in derive mode using pre-parsed AST for module `\detector_flanco'.
Generating RTLIL representation for module `\detector_flanco'.

24.4.11. Executing AST frontend in derive mode using pre-parsed AST for module `\control_arr'.
Generating RTLIL representation for module `\control_arr'.

24.4.12. Executing AST frontend in derive mode using pre-parsed AST for module `\comp_arr'.
Generating RTLIL representation for module `\comp_arr'.

24.4.13. Executing AST frontend in derive mode using pre-parsed AST for module `\count_arr'.
Generating RTLIL representation for module `\count_arr'.

24.4.14. Executing AST frontend in derive mode using pre-parsed AST for module `\traductor'.
Generating RTLIL representation for module `\traductor'.

24.4.15. Executing AST frontend in derive mode using pre-parsed AST for module `\ws2812_LED'.
Generating RTLIL representation for module `\ws2812_LED'.

24.4.16. Analyzing design hierarchy..
Top module:  \top
Used module:     \ws2812_array
Used module:         \control_arr
Used module:         \comp_arr
Used module:         \count_arr
Used module:         \traductor
Used module:         \ws2812_LED
Used module:     \mc
Used module:     \validar_jugada
Used module:     \pos_mov
Used module:     \regjugadas
Used module:     \reg_caballo
Used module:     \cursor
Used module:         \detector_flanco

24.4.17. Executing AST frontend in derive mode using pre-parsed AST for module `\control_wsl'.
Generating RTLIL representation for module `\control_wsl'.

24.4.18. Executing AST frontend in derive mode using pre-parsed AST for module `\shift_wsl'.
Generating RTLIL representation for module `\shift_wsl'.

24.4.19. Executing AST frontend in derive mode using pre-parsed AST for module `\count_wsl'.
Generating RTLIL representation for module `\count_wsl'.

24.4.20. Executing AST frontend in derive mode using pre-parsed AST for module `\ws2812'.
Generating RTLIL representation for module `\ws2812'.

24.4.21. Executing AST frontend in derive mode using pre-parsed AST for module `\tablero_temp'.
Generating RTLIL representation for module `\tablero_temp'.

24.4.22. Analyzing design hierarchy..
Top module:  \top
Used module:     \ws2812_array
Used module:         \control_arr
Used module:         \comp_arr
Used module:         \count_arr
Used module:         \traductor
Used module:             \tablero_temp
Used module:         \ws2812_LED
Used module:             \control_wsl
Used module:             \shift_wsl
Used module:             \count_wsl
Used module:             \ws2812
Used module:     \mc
Used module:     \validar_jugada
Used module:     \pos_mov
Used module:     \regjugadas
Used module:     \reg_caballo
Used module:     \cursor
Used module:         \detector_flanco

24.4.23. Executing AST frontend in derive mode using pre-parsed AST for module `\control_ws'.
Generating RTLIL representation for module `\control_ws'.

24.4.24. Executing AST frontend in derive mode using pre-parsed AST for module `\count_ws'.
Generating RTLIL representation for module `\count_ws'.

24.4.25. Executing AST frontend in derive mode using pre-parsed AST for module `\mux_ws'.
Generating RTLIL representation for module `\mux_ws'.

24.4.26. Executing AST frontend in derive mode using pre-parsed AST for module `\comp_ws'.
Generating RTLIL representation for module `\comp_ws'.

24.4.27. Analyzing design hierarchy..
Top module:  \top
Used module:     \ws2812_array
Used module:         \control_arr
Used module:         \comp_arr
Used module:         \count_arr
Used module:         \traductor
Used module:             \tablero_temp
Used module:         \ws2812_LED
Used module:             \control_wsl
Used module:             \shift_wsl
Used module:             \count_wsl
Used module:             \ws2812
Used module:                 \control_ws
Used module:                 \count_ws
Used module:                 \mux_ws
Used module:                 \comp_ws
Used module:     \mc
Used module:     \validar_jugada
Used module:     \pos_mov
Used module:     \regjugadas
Used module:     \reg_caballo
Used module:     \cursor
Used module:         \detector_flanco

24.4.28. Analyzing design hierarchy..
Top module:  \top
Used module:     \ws2812_array
Used module:         \control_arr
Used module:         \comp_arr
Used module:         \count_arr
Used module:         \traductor
Used module:             \tablero_temp
Used module:         \ws2812_LED
Used module:             \control_wsl
Used module:             \shift_wsl
Used module:             \count_wsl
Used module:             \ws2812
Used module:                 \control_ws
Used module:                 \count_ws
Used module:                 \mux_ws
Used module:                 \comp_ws
Used module:     \mc
Used module:     \validar_jugada
Used module:     \pos_mov
Used module:     \regjugadas
Used module:     \reg_caballo
Used module:     \cursor
Used module:         \detector_flanco
Removing unused module `$abstract\mux_ws'.
Removing unused module `$abstract\comp_ws'.
Removing unused module `$abstract\count_ws'.
Removing unused module `$abstract\control_ws'.
Removing unused module `$abstract\ws2812'.
Removing unused module `$abstract\shift_wsl'.
Removing unused module `$abstract\count_wsl'.
Removing unused module `$abstract\control_wsl'.
Removing unused module `$abstract\ws2812_LED'.
Removing unused module `$abstract\count_arr'.
Removing unused module `$abstract\control_arr'.
Removing unused module `$abstract\comp_arr'.
Removing unused module `$abstract\ws2812_array'.
Removing unused module `$abstract\tablero_temp'.
Removing unused module `$abstract\traductor'.
Removing unused module `$abstract\reg_caballo'.
Removing unused module `$abstract\regjugadas'.
Removing unused module `$abstract\validar_jugada'.
Removing unused module `$abstract\pos_mov'.
Removing unused module `$abstract\mc'.
Removing unused module `$abstract\detector_flanco'.
Removing unused module `$abstract\cursor'.
Removing unused module `$abstract\top'.
Removed 23 unused modules.
Warning: Resizing cell port ws2812_array.ws2812_LED00.RESET_CMD from 32 bits to 1 bits.

24.5. Executing PROC pass (convert processes to netlists).

24.5.1. Executing PROC_CLEAN pass (remove empty switches from decision trees).
Found and cleaned up 1 empty switch in `\TRELLIS_DPR16X4.$proc$/home/felipe-zorro/miniconda3/envs/digital/bin/../share/yosys/ecp5/cells_sim.v:213$123'.
Removing empty process `traductor.$proc$traductor.v:0$1834'.
Cleaned up 1 empty switch.

24.5.2. Executing PROC_RMDEAD pass (remove dead branches from decision trees).
Marked 1 switch rules as full_case in process $proc$/home/felipe-zorro/miniconda3/envs/digital/bin/../share/yosys/ecp5/cells_sim.v:350$230 in module TRELLIS_FF.
Marked 1 switch rules as full_case in process $proc$/home/felipe-zorro/miniconda3/envs/digital/bin/../share/yosys/ecp5/cells_sim.v:285$182 in module DPR16X4C.
Marked 1 switch rules as full_case in process $proc$/home/felipe-zorro/miniconda3/envs/digital/bin/../share/yosys/ecp5/cells_sim.v:221$124 in module TRELLIS_DPR16X4.
Marked 1 switch rules as full_case in process $proc$comp_ws.v:7$1864 in module comp_ws.
Marked 1 switch rules as full_case in process $proc$count_ws.v:7$1857 in module count_ws.
Marked 8 switch rules as full_case in process $proc$control_ws.v:44$1850 in module control_ws.
Marked 4 switch rules as full_case in process $proc$tablero_temp.v:21$1841 in module tablero_temp.
Marked 1 switch rules as full_case in process $proc$count_wsl.v:10$1838 in module count_wsl.
Marked 2 switch rules as full_case in process $proc$shift_wsl.v:9$1837 in module shift_wsl.
Marked 5 switch rules as full_case in process $proc$control_wsl.v:40$1835 in module control_wsl.
Marked 3 switch rules as full_case in process $proc$traductor.v:64$1827 in module traductor.
Marked 1 switch rules as full_case in process $proc$count_arr.v:8$1822 in module count_arr.
Marked 1 switch rules as full_case in process $proc$comp_arr.v:6$1820 in module comp_arr.
Marked 5 switch rules as full_case in process $proc$control_arr.v:38$1818 in module control_arr.
Marked 1 switch rules as full_case in process $proc$cursor.v:18$1811 in module cursor.
Marked 1 switch rules as full_case in process $proc$reg_caballo.v:11$1810 in module reg_caballo.
Marked 2 switch rules as full_case in process $proc$reg_jugadas.v:17$1793 in module regjugadas.
Marked 130 switch rules as full_case in process $proc$pos_mov.v:35$254 in module pos_mov.
Marked 4 switch rules as full_case in process $proc$mc.v:26$244 in module mc.
Marked 2 switch rules as full_case in process $proc$top.v:12$233 in module top.
Removed a total of 0 dead cases.

24.5.3. Executing PROC_PRUNE pass (remove redundant assignments in processes).
Removed 22 redundant assignments.
Promoted 199 assignments to connections.

24.5.4. Executing PROC_INIT pass (extract init attributes).
Found init rule in `\TRELLIS_FF.$proc$/home/felipe-zorro/miniconda3/envs/digital/bin/../share/yosys/ecp5/cells_sim.v:0$231'.
  Set init value: \Q = 1'0
Found init rule in `\control_ws.$proc$control_ws.v:0$1856'.
  Set init value: \reset = 1'0
  Set init value: \done = 1'0
  Set init value: \DOUT = 1'0
  Set init value: \inc = 1'0
  Set init value: \SEL_TIM = 2'00
Found init rule in `\control_wsl.$proc$control_wsl.v:0$1836'.
  Set init value: \DONE = 1'0
  Set init value: \dec = 1'0
  Set init value: \ld = 1'0
  Set init value: \sh = 1'0
  Set init value: \INIT_T = 1'0
Found init rule in `\control_arr.$proc$control_arr.v:0$1819'.
  Set init value: \reset = 1'0
  Set init value: \DONE = 1'0
  Set init value: \inc = 1'0
  Set init value: \INIT_LED = 1'0
Found init rule in `\mc.$proc$mc.v:24$247'.
  Set init value: \estado = 3'000
Found init rule in `\top.$proc$top.v:10$242'.
  Set init value: \init_trigger = 1'0
Found init rule in `\top.$proc$top.v:9$241'.
  Set init value: \delay = 20'00000000000000000000

24.5.5. Executing PROC_ARST pass (detect async resets in processes).
Found async reset \rst in `\pos_mov.$proc$pos_mov.v:35$254'.

24.5.6. Executing PROC_ROM pass (convert switches to ROMs).
Converted 0 switches.

24.5.7. Executing PROC_MUX pass (convert decision trees to multiplexers).
Creating decoders for process `\TRELLIS_FF.$proc$/home/felipe-zorro/miniconda3/envs/digital/bin/../share/yosys/ecp5/cells_sim.v:0$231'.
Creating decoders for process `\TRELLIS_FF.$proc$/home/felipe-zorro/miniconda3/envs/digital/bin/../share/yosys/ecp5/cells_sim.v:350$230'.
     1/1: $0\Q[0:0]
Creating decoders for process `\DPR16X4C.$proc$/home/felipe-zorro/miniconda3/envs/digital/bin/../share/yosys/ecp5/cells_sim.v:0$205'.
Creating decoders for process `\DPR16X4C.$proc$/home/felipe-zorro/miniconda3/envs/digital/bin/../share/yosys/ecp5/cells_sim.v:285$182'.
     1/3: $1$memwr$\ram$/home/felipe-zorro/miniconda3/envs/digital/bin/../share/yosys/ecp5/cells_sim.v:287$181_EN[3:0]$188
     2/3: $1$memwr$\ram$/home/felipe-zorro/miniconda3/envs/digital/bin/../share/yosys/ecp5/cells_sim.v:287$181_DATA[3:0]$187
     3/3: $1$memwr$\ram$/home/felipe-zorro/miniconda3/envs/digital/bin/../share/yosys/ecp5/cells_sim.v:287$181_ADDR[3:0]$186
Creating decoders for process `\TRELLIS_DPR16X4.$proc$/home/felipe-zorro/miniconda3/envs/digital/bin/../share/yosys/ecp5/cells_sim.v:0$148'.
Creating decoders for process `\TRELLIS_DPR16X4.$proc$/home/felipe-zorro/miniconda3/envs/digital/bin/../share/yosys/ecp5/cells_sim.v:221$124'.
     1/3: $1$memwr$\mem$/home/felipe-zorro/miniconda3/envs/digital/bin/../share/yosys/ecp5/cells_sim.v:223$122_EN[3:0]$130
     2/3: $1$memwr$\mem$/home/felipe-zorro/miniconda3/envs/digital/bin/../share/yosys/ecp5/cells_sim.v:223$122_DATA[3:0]$129
     3/3: $1$memwr$\mem$/home/felipe-zorro/miniconda3/envs/digital/bin/../share/yosys/ecp5/cells_sim.v:223$122_ADDR[3:0]$128
Creating decoders for process `\TRELLIS_DPR16X4.$proc$/home/felipe-zorro/miniconda3/envs/digital/bin/../share/yosys/ecp5/cells_sim.v:213$123'.
Creating decoders for process `\comp_ws.$proc$comp_ws.v:7$1864'.
     1/1: $0\z[0:0]
Creating decoders for process `\mux_ws.$proc$multiplexor_ws.v:7$1859'.
     1/1: $0\out[10:0]
Creating decoders for process `\count_ws.$proc$count_ws.v:7$1857'.
     1/1: $0\count[10:0]
Creating decoders for process `\control_ws.$proc$control_ws.v:0$1856'.
Creating decoders for process `\control_ws.$proc$control_ws.v:44$1850'.
     1/7: $2\state[3:0]
     2/7: $1\state[3:0]
     3/7: $0\SEL_TIM[1:0]
     4/7: $0\inc[0:0]
     5/7: $0\DOUT[0:0]
     6/7: $0\done[0:0]
     7/7: $0\reset[0:0]
Creating decoders for process `\tablero_temp.$proc$tablero_temp.v:21$1841'.
     1/4: $4\codigo[2:0]
     2/4: $3\codigo[2:0]
     3/4: $2\codigo[2:0]
     4/4: $1\codigo[2:0]
Creating decoders for process `\count_wsl.$proc$count_wsl.v:10$1838'.
     1/2: $0\count[5:0]
     2/2: $0\z[0:0]
Creating decoders for process `\shift_wsl.$proc$shift_wsl.v:9$1837'.
     1/1: $0\o_RGB[23:0]
Creating decoders for process `\control_wsl.$proc$control_wsl.v:0$1836'.
Creating decoders for process `\control_wsl.$proc$control_wsl.v:40$1835'.
     1/7: $2\state[3:0]
     2/7: $1\state[3:0]
     3/7: $0\INIT_T[0:0]
     4/7: $0\sh[0:0]
     5/7: $0\ld[0:0]
     6/7: $0\dec[0:0]
     7/7: $0\DONE[0:0]
Creating decoders for process `\traductor.$proc$traductor.v:64$1827'.
     1/1: $0\RGB[23:0]
Creating decoders for process `\count_arr.$proc$count_arr.v:8$1822'.
     1/1: $0\addr[8:0]
Creating decoders for process `\comp_arr.$proc$comp_arr.v:6$1820'.
     1/1: $0\z[0:0]
Creating decoders for process `\control_arr.$proc$control_arr.v:0$1819'.
Creating decoders for process `\control_arr.$proc$control_arr.v:38$1818'.
     1/6: $2\state[3:0]
     2/6: $1\state[3:0]
     3/6: $0\INIT_LED[0:0]
     4/6: $0\inc[0:0]
     5/6: $0\DONE[0:0]
     6/6: $0\reset[0:0]
Creating decoders for process `\detector_flanco.$proc$detector_flanco.v:9$1816'.
Creating decoders for process `\cursor.$proc$cursor.v:18$1811'.
     1/2: $0\c_s[2:0]
     2/2: $0\f_s[2:0]
Creating decoders for process `\reg_caballo.$proc$reg_caballo.v:11$1810'.
     1/2: $0\c_out[2:0]
     2/2: $0\f_out[2:0]
Creating decoders for process `\regjugadas.$proc$reg_jugadas.v:17$1793'.
     1/5: $2$lookahead\tablero$1792[63:0]$1799
     2/5: $2$bitselwrite$pos$reg_jugadas.v:22$1791[5:0]$1798
     3/5: $1$lookahead\tablero$1792[63:0]$1797
     4/5: $1$bitselwrite$pos$reg_jugadas.v:22$1791[5:0]$1796
     5/5: $0\casillas_pisadas[6:0]
Creating decoders for process `\pos_mov.$proc$pos_mov.v:35$254'.
     1/69: $0\done[0:0]
     2/69: $3\i[31:0]
     3/69: $3\j[31:0]
     4/69: $2\j[31:0]
     5/69: $2\i[31:0]
     6/69: $0\pos_movi_2d[63][0:0]
     7/69: $0\pos_movi_2d[62][0:0]
     8/69: $0\pos_movi_2d[61][0:0]
     9/69: $0\pos_movi_2d[60][0:0]
    10/69: $0\pos_movi_2d[59][0:0]
    11/69: $0\pos_movi_2d[58][0:0]
    12/69: $0\pos_movi_2d[57][0:0]
    13/69: $0\pos_movi_2d[56][0:0]
    14/69: $0\pos_movi_2d[55][0:0]
    15/69: $0\pos_movi_2d[54][0:0]
    16/69: $0\pos_movi_2d[53][0:0]
    17/69: $0\pos_movi_2d[52][0:0]
    18/69: $0\pos_movi_2d[51][0:0]
    19/69: $0\pos_movi_2d[50][0:0]
    20/69: $0\pos_movi_2d[49][0:0]
    21/69: $0\pos_movi_2d[48][0:0]
    22/69: $0\pos_movi_2d[47][0:0]
    23/69: $0\pos_movi_2d[46][0:0]
    24/69: $0\pos_movi_2d[45][0:0]
    25/69: $0\pos_movi_2d[44][0:0]
    26/69: $0\pos_movi_2d[43][0:0]
    27/69: $0\pos_movi_2d[42][0:0]
    28/69: $0\pos_movi_2d[41][0:0]
    29/69: $0\pos_movi_2d[40][0:0]
    30/69: $0\pos_movi_2d[39][0:0]
    31/69: $0\pos_movi_2d[38][0:0]
    32/69: $0\pos_movi_2d[37][0:0]
    33/69: $0\pos_movi_2d[36][0:0]
    34/69: $0\pos_movi_2d[35][0:0]
    35/69: $0\pos_movi_2d[34][0:0]
    36/69: $0\pos_movi_2d[33][0:0]
    37/69: $0\pos_movi_2d[32][0:0]
    38/69: $0\pos_movi_2d[31][0:0]
    39/69: $0\pos_movi_2d[30][0:0]
    40/69: $0\pos_movi_2d[29][0:0]
    41/69: $0\pos_movi_2d[28][0:0]
    42/69: $0\pos_movi_2d[27][0:0]
    43/69: $0\pos_movi_2d[26][0:0]
    44/69: $0\pos_movi_2d[25][0:0]
    45/69: $0\pos_movi_2d[24][0:0]
    46/69: $0\pos_movi_2d[23][0:0]
    47/69: $0\pos_movi_2d[22][0:0]
    48/69: $0\pos_movi_2d[21][0:0]
    49/69: $0\pos_movi_2d[20][0:0]
    50/69: $0\pos_movi_2d[19][0:0]
    51/69: $0\pos_movi_2d[18][0:0]
    52/69: $0\pos_movi_2d[17][0:0]
    53/69: $0\pos_movi_2d[16][0:0]
    54/69: $0\pos_movi_2d[15][0:0]
    55/69: $0\pos_movi_2d[14][0:0]
    56/69: $0\pos_movi_2d[13][0:0]
    57/69: $0\pos_movi_2d[12][0:0]
    58/69: $0\pos_movi_2d[11][0:0]
    59/69: $0\pos_movi_2d[10][0:0]
    60/69: $0\pos_movi_2d[9][0:0]
    61/69: $0\pos_movi_2d[8][0:0]
    62/69: $0\pos_movi_2d[7][0:0]
    63/69: $0\pos_movi_2d[6][0:0]
    64/69: $0\pos_movi_2d[5][0:0]
    65/69: $0\pos_movi_2d[4][0:0]
    66/69: $0\pos_movi_2d[3][0:0]
    67/69: $0\pos_movi_2d[2][0:0]
    68/69: $0\pos_movi_2d[1][0:0]
    69/69: $0\pos_movi_2d[0][0:0]
Creating decoders for process `\pos_mov.$proc$pos_mov.v:25$253'.
Creating decoders for process `\mc.$proc$mc.v:24$247'.
Creating decoders for process `\mc.$proc$mc.v:26$244'.
     1/6: $0\lose[0:0]
     2/6: $0\win[0:0]
     3/6: $0\load_fc[0:0]
     4/6: $0\add_jugadas[0:0]
     5/6: $0\cal_mov_va[0:0]
     6/6: $0\estado[2:0]
Creating decoders for process `\top.$proc$top.v:10$242'.
Creating decoders for process `\top.$proc$top.v:9$241'.
Creating decoders for process `\top.$proc$top.v:12$233'.
     1/2: $0\init_trigger[0:0]
     2/2: $0\delay[19:0]

24.5.8. Executing PROC_DLATCH pass (convert process syncs to latches).
No latch inferred for signal `\tablero_temp.\codigo' from process `\tablero_temp.$proc$tablero_temp.v:21$1841'.
No latch inferred for signal `\pos_mov.\i' from process `\pos_mov.$proc$pos_mov.v:25$253'.
No latch inferred for signal `\pos_mov.\pos_movi' from process `\pos_mov.$proc$pos_mov.v:25$253'.
No latch inferred for signal `\pos_mov.\j' from process `\pos_mov.$proc$pos_mov.v:25$253'.
No latch inferred for signal `\pos_mov.\jugadas_2d[0]' from process `\pos_mov.$proc$pos_mov.v:25$253'.
No latch inferred for signal `\pos_mov.\jugadas_2d[1]' from process `\pos_mov.$proc$pos_mov.v:25$253'.
No latch inferred for signal `\pos_mov.\jugadas_2d[2]' from process `\pos_mov.$proc$pos_mov.v:25$253'.
No latch inferred for signal `\pos_mov.\jugadas_2d[3]' from process `\pos_mov.$proc$pos_mov.v:25$253'.
No latch inferred for signal `\pos_mov.\jugadas_2d[4]' from process `\pos_mov.$proc$pos_mov.v:25$253'.
No latch inferred for signal `\pos_mov.\jugadas_2d[5]' from process `\pos_mov.$proc$pos_mov.v:25$253'.
No latch inferred for signal `\pos_mov.\jugadas_2d[6]' from process `\pos_mov.$proc$pos_mov.v:25$253'.
No latch inferred for signal `\pos_mov.\jugadas_2d[7]' from process `\pos_mov.$proc$pos_mov.v:25$253'.
No latch inferred for signal `\pos_mov.\jugadas_2d[8]' from process `\pos_mov.$proc$pos_mov.v:25$253'.
No latch inferred for signal `\pos_mov.\jugadas_2d[9]' from process `\pos_mov.$proc$pos_mov.v:25$253'.
No latch inferred for signal `\pos_mov.\jugadas_2d[10]' from process `\pos_mov.$proc$pos_mov.v:25$253'.
No latch inferred for signal `\pos_mov.\jugadas_2d[11]' from process `\pos_mov.$proc$pos_mov.v:25$253'.
No latch inferred for signal `\pos_mov.\jugadas_2d[12]' from process `\pos_mov.$proc$pos_mov.v:25$253'.
No latch inferred for signal `\pos_mov.\jugadas_2d[13]' from process `\pos_mov.$proc$pos_mov.v:25$253'.
No latch inferred for signal `\pos_mov.\jugadas_2d[14]' from process `\pos_mov.$proc$pos_mov.v:25$253'.
No latch inferred for signal `\pos_mov.\jugadas_2d[15]' from process `\pos_mov.$proc$pos_mov.v:25$253'.
No latch inferred for signal `\pos_mov.\jugadas_2d[16]' from process `\pos_mov.$proc$pos_mov.v:25$253'.
No latch inferred for signal `\pos_mov.\jugadas_2d[17]' from process `\pos_mov.$proc$pos_mov.v:25$253'.
No latch inferred for signal `\pos_mov.\jugadas_2d[18]' from process `\pos_mov.$proc$pos_mov.v:25$253'.
No latch inferred for signal `\pos_mov.\jugadas_2d[19]' from process `\pos_mov.$proc$pos_mov.v:25$253'.
No latch inferred for signal `\pos_mov.\jugadas_2d[20]' from process `\pos_mov.$proc$pos_mov.v:25$253'.
No latch inferred for signal `\pos_mov.\jugadas_2d[21]' from process `\pos_mov.$proc$pos_mov.v:25$253'.
No latch inferred for signal `\pos_mov.\jugadas_2d[22]' from process `\pos_mov.$proc$pos_mov.v:25$253'.
No latch inferred for signal `\pos_mov.\jugadas_2d[23]' from process `\pos_mov.$proc$pos_mov.v:25$253'.
No latch inferred for signal `\pos_mov.\jugadas_2d[24]' from process `\pos_mov.$proc$pos_mov.v:25$253'.
No latch inferred for signal `\pos_mov.\jugadas_2d[25]' from process `\pos_mov.$proc$pos_mov.v:25$253'.
No latch inferred for signal `\pos_mov.\jugadas_2d[26]' from process `\pos_mov.$proc$pos_mov.v:25$253'.
No latch inferred for signal `\pos_mov.\jugadas_2d[27]' from process `\pos_mov.$proc$pos_mov.v:25$253'.
No latch inferred for signal `\pos_mov.\jugadas_2d[28]' from process `\pos_mov.$proc$pos_mov.v:25$253'.
No latch inferred for signal `\pos_mov.\jugadas_2d[29]' from process `\pos_mov.$proc$pos_mov.v:25$253'.
No latch inferred for signal `\pos_mov.\jugadas_2d[30]' from process `\pos_mov.$proc$pos_mov.v:25$253'.
No latch inferred for signal `\pos_mov.\jugadas_2d[31]' from process `\pos_mov.$proc$pos_mov.v:25$253'.
No latch inferred for signal `\pos_mov.\jugadas_2d[32]' from process `\pos_mov.$proc$pos_mov.v:25$253'.
No latch inferred for signal `\pos_mov.\jugadas_2d[33]' from process `\pos_mov.$proc$pos_mov.v:25$253'.
No latch inferred for signal `\pos_mov.\jugadas_2d[34]' from process `\pos_mov.$proc$pos_mov.v:25$253'.
No latch inferred for signal `\pos_mov.\jugadas_2d[35]' from process `\pos_mov.$proc$pos_mov.v:25$253'.
No latch inferred for signal `\pos_mov.\jugadas_2d[36]' from process `\pos_mov.$proc$pos_mov.v:25$253'.
No latch inferred for signal `\pos_mov.\jugadas_2d[37]' from process `\pos_mov.$proc$pos_mov.v:25$253'.
No latch inferred for signal `\pos_mov.\jugadas_2d[38]' from process `\pos_mov.$proc$pos_mov.v:25$253'.
No latch inferred for signal `\pos_mov.\jugadas_2d[39]' from process `\pos_mov.$proc$pos_mov.v:25$253'.
No latch inferred for signal `\pos_mov.\jugadas_2d[40]' from process `\pos_mov.$proc$pos_mov.v:25$253'.
No latch inferred for signal `\pos_mov.\jugadas_2d[41]' from process `\pos_mov.$proc$pos_mov.v:25$253'.
No latch inferred for signal `\pos_mov.\jugadas_2d[42]' from process `\pos_mov.$proc$pos_mov.v:25$253'.
No latch inferred for signal `\pos_mov.\jugadas_2d[43]' from process `\pos_mov.$proc$pos_mov.v:25$253'.
No latch inferred for signal `\pos_mov.\jugadas_2d[44]' from process `\pos_mov.$proc$pos_mov.v:25$253'.
No latch inferred for signal `\pos_mov.\jugadas_2d[45]' from process `\pos_mov.$proc$pos_mov.v:25$253'.
No latch inferred for signal `\pos_mov.\jugadas_2d[46]' from process `\pos_mov.$proc$pos_mov.v:25$253'.
No latch inferred for signal `\pos_mov.\jugadas_2d[47]' from process `\pos_mov.$proc$pos_mov.v:25$253'.
No latch inferred for signal `\pos_mov.\jugadas_2d[48]' from process `\pos_mov.$proc$pos_mov.v:25$253'.
No latch inferred for signal `\pos_mov.\jugadas_2d[49]' from process `\pos_mov.$proc$pos_mov.v:25$253'.
No latch inferred for signal `\pos_mov.\jugadas_2d[50]' from process `\pos_mov.$proc$pos_mov.v:25$253'.
No latch inferred for signal `\pos_mov.\jugadas_2d[51]' from process `\pos_mov.$proc$pos_mov.v:25$253'.
No latch inferred for signal `\pos_mov.\jugadas_2d[52]' from process `\pos_mov.$proc$pos_mov.v:25$253'.
No latch inferred for signal `\pos_mov.\jugadas_2d[53]' from process `\pos_mov.$proc$pos_mov.v:25$253'.
No latch inferred for signal `\pos_mov.\jugadas_2d[54]' from process `\pos_mov.$proc$pos_mov.v:25$253'.
No latch inferred for signal `\pos_mov.\jugadas_2d[55]' from process `\pos_mov.$proc$pos_mov.v:25$253'.
No latch inferred for signal `\pos_mov.\jugadas_2d[56]' from process `\pos_mov.$proc$pos_mov.v:25$253'.
No latch inferred for signal `\pos_mov.\jugadas_2d[57]' from process `\pos_mov.$proc$pos_mov.v:25$253'.
No latch inferred for signal `\pos_mov.\jugadas_2d[58]' from process `\pos_mov.$proc$pos_mov.v:25$253'.
No latch inferred for signal `\pos_mov.\jugadas_2d[59]' from process `\pos_mov.$proc$pos_mov.v:25$253'.
No latch inferred for signal `\pos_mov.\jugadas_2d[60]' from process `\pos_mov.$proc$pos_mov.v:25$253'.
No latch inferred for signal `\pos_mov.\jugadas_2d[61]' from process `\pos_mov.$proc$pos_mov.v:25$253'.
No latch inferred for signal `\pos_mov.\jugadas_2d[62]' from process `\pos_mov.$proc$pos_mov.v:25$253'.
No latch inferred for signal `\pos_mov.\jugadas_2d[63]' from process `\pos_mov.$proc$pos_mov.v:25$253'.

24.5.9. Executing PROC_DFF pass (convert process syncs to FFs).
Creating register for signal `\TRELLIS_FF.\Q' using process `\TRELLIS_FF.$proc$/home/felipe-zorro/miniconda3/envs/digital/bin/../share/yosys/ecp5/cells_sim.v:350$230'.
  created $dff cell `$procdff$2951' with positive edge clock.
Creating register for signal `\DPR16X4C.\i' using process `\DPR16X4C.$proc$/home/felipe-zorro/miniconda3/envs/digital/bin/../share/yosys/ecp5/cells_sim.v:0$205'.
  created direct connection (no actual register cell created).
Creating register for signal `\DPR16X4C.$memwr$\ram$/home/felipe-zorro/miniconda3/envs/digital/bin/../share/yosys/ecp5/cells_sim.v:281$166_EN' using process `\DPR16X4C.$proc$/home/felipe-zorro/miniconda3/envs/digital/bin/../share/yosys/ecp5/cells_sim.v:0$205'.
  created direct connection (no actual register cell created).
Creating register for signal `\DPR16X4C.$memwr$\ram$/home/felipe-zorro/miniconda3/envs/digital/bin/../share/yosys/ecp5/cells_sim.v:281$167_EN' using process `\DPR16X4C.$proc$/home/felipe-zorro/miniconda3/envs/digital/bin/../share/yosys/ecp5/cells_sim.v:0$205'.
  created direct connection (no actual register cell created).
Creating register for signal `\DPR16X4C.$memwr$\ram$/home/felipe-zorro/miniconda3/envs/digital/bin/../share/yosys/ecp5/cells_sim.v:281$168_EN' using process `\DPR16X4C.$proc$/home/felipe-zorro/miniconda3/envs/digital/bin/../share/yosys/ecp5/cells_sim.v:0$205'.
  created direct connection (no actual register cell created).
Creating register for signal `\DPR16X4C.$memwr$\ram$/home/felipe-zorro/miniconda3/envs/digital/bin/../share/yosys/ecp5/cells_sim.v:281$169_EN' using process `\DPR16X4C.$proc$/home/felipe-zorro/miniconda3/envs/digital/bin/../share/yosys/ecp5/cells_sim.v:0$205'.
  created direct connection (no actual register cell created).
Creating register for signal `\DPR16X4C.$memwr$\ram$/home/felipe-zorro/miniconda3/envs/digital/bin/../share/yosys/ecp5/cells_sim.v:281$170_EN' using process `\DPR16X4C.$proc$/home/felipe-zorro/miniconda3/envs/digital/bin/../share/yosys/ecp5/cells_sim.v:0$205'.
  created direct connection (no actual register cell created).
Creating register for signal `\DPR16X4C.$memwr$\ram$/home/felipe-zorro/miniconda3/envs/digital/bin/../share/yosys/ecp5/cells_sim.v:281$171_EN' using process `\DPR16X4C.$proc$/home/felipe-zorro/miniconda3/envs/digital/bin/../share/yosys/ecp5/cells_sim.v:0$205'.
  created direct connection (no actual register cell created).
Creating register for signal `\DPR16X4C.$memwr$\ram$/home/felipe-zorro/miniconda3/envs/digital/bin/../share/yosys/ecp5/cells_sim.v:281$172_EN' using process `\DPR16X4C.$proc$/home/felipe-zorro/miniconda3/envs/digital/bin/../share/yosys/ecp5/cells_sim.v:0$205'.
  created direct connection (no actual register cell created).
Creating register for signal `\DPR16X4C.$memwr$\ram$/home/felipe-zorro/miniconda3/envs/digital/bin/../share/yosys/ecp5/cells_sim.v:281$173_EN' using process `\DPR16X4C.$proc$/home/felipe-zorro/miniconda3/envs/digital/bin/../share/yosys/ecp5/cells_sim.v:0$205'.
  created direct connection (no actual register cell created).
Creating register for signal `\DPR16X4C.$memwr$\ram$/home/felipe-zorro/miniconda3/envs/digital/bin/../share/yosys/ecp5/cells_sim.v:281$174_EN' using process `\DPR16X4C.$proc$/home/felipe-zorro/miniconda3/envs/digital/bin/../share/yosys/ecp5/cells_sim.v:0$205'.
  created direct connection (no actual register cell created).
Creating register for signal `\DPR16X4C.$memwr$\ram$/home/felipe-zorro/miniconda3/envs/digital/bin/../share/yosys/ecp5/cells_sim.v:281$175_EN' using process `\DPR16X4C.$proc$/home/felipe-zorro/miniconda3/envs/digital/bin/../share/yosys/ecp5/cells_sim.v:0$205'.
  created direct connection (no actual register cell created).
Creating register for signal `\DPR16X4C.$memwr$\ram$/home/felipe-zorro/miniconda3/envs/digital/bin/../share/yosys/ecp5/cells_sim.v:281$176_EN' using process `\DPR16X4C.$proc$/home/felipe-zorro/miniconda3/envs/digital/bin/../share/yosys/ecp5/cells_sim.v:0$205'.
  created direct connection (no actual register cell created).
Creating register for signal `\DPR16X4C.$memwr$\ram$/home/felipe-zorro/miniconda3/envs/digital/bin/../share/yosys/ecp5/cells_sim.v:281$177_EN' using process `\DPR16X4C.$proc$/home/felipe-zorro/miniconda3/envs/digital/bin/../share/yosys/ecp5/cells_sim.v:0$205'.
  created direct connection (no actual register cell created).
Creating register for signal `\DPR16X4C.$memwr$\ram$/home/felipe-zorro/miniconda3/envs/digital/bin/../share/yosys/ecp5/cells_sim.v:281$178_EN' using process `\DPR16X4C.$proc$/home/felipe-zorro/miniconda3/envs/digital/bin/../share/yosys/ecp5/cells_sim.v:0$205'.
  created direct connection (no actual register cell created).
Creating register for signal `\DPR16X4C.$memwr$\ram$/home/felipe-zorro/miniconda3/envs/digital/bin/../share/yosys/ecp5/cells_sim.v:281$179_EN' using process `\DPR16X4C.$proc$/home/felipe-zorro/miniconda3/envs/digital/bin/../share/yosys/ecp5/cells_sim.v:0$205'.
  created direct connection (no actual register cell created).
Creating register for signal `\DPR16X4C.$memwr$\ram$/home/felipe-zorro/miniconda3/envs/digital/bin/../share/yosys/ecp5/cells_sim.v:281$180_EN' using process `\DPR16X4C.$proc$/home/felipe-zorro/miniconda3/envs/digital/bin/../share/yosys/ecp5/cells_sim.v:0$205'.
  created direct connection (no actual register cell created).
Creating register for signal `\DPR16X4C.$memwr$\ram$/home/felipe-zorro/miniconda3/envs/digital/bin/../share/yosys/ecp5/cells_sim.v:287$181_ADDR' using process `\DPR16X4C.$proc$/home/felipe-zorro/miniconda3/envs/digital/bin/../share/yosys/ecp5/cells_sim.v:285$182'.
  created $dff cell `$procdff$2952' with positive edge clock.
Creating register for signal `\DPR16X4C.$memwr$\ram$/home/felipe-zorro/miniconda3/envs/digital/bin/../share/yosys/ecp5/cells_sim.v:287$181_DATA' using process `\DPR16X4C.$proc$/home/felipe-zorro/miniconda3/envs/digital/bin/../share/yosys/ecp5/cells_sim.v:285$182'.
  created $dff cell `$procdff$2953' with positive edge clock.
Creating register for signal `\DPR16X4C.$memwr$\ram$/home/felipe-zorro/miniconda3/envs/digital/bin/../share/yosys/ecp5/cells_sim.v:287$181_EN' using process `\DPR16X4C.$proc$/home/felipe-zorro/miniconda3/envs/digital/bin/../share/yosys/ecp5/cells_sim.v:285$182'.
  created $dff cell `$procdff$2954' with positive edge clock.
Creating register for signal `\TRELLIS_DPR16X4.\i' using process `\TRELLIS_DPR16X4.$proc$/home/felipe-zorro/miniconda3/envs/digital/bin/../share/yosys/ecp5/cells_sim.v:0$148'.
  created direct connection (no actual register cell created).
Creating register for signal `\TRELLIS_DPR16X4.$memwr$\mem$/home/felipe-zorro/miniconda3/envs/digital/bin/../share/yosys/ecp5/cells_sim.v:207$106_EN' using process `\TRELLIS_DPR16X4.$proc$/home/felipe-zorro/miniconda3/envs/digital/bin/../share/yosys/ecp5/cells_sim.v:0$148'.
  created direct connection (no actual register cell created).
Creating register for signal `\TRELLIS_DPR16X4.$memwr$\mem$/home/felipe-zorro/miniconda3/envs/digital/bin/../share/yosys/ecp5/cells_sim.v:207$107_EN' using process `\TRELLIS_DPR16X4.$proc$/home/felipe-zorro/miniconda3/envs/digital/bin/../share/yosys/ecp5/cells_sim.v:0$148'.
  created direct connection (no actual register cell created).
Creating register for signal `\TRELLIS_DPR16X4.$memwr$\mem$/home/felipe-zorro/miniconda3/envs/digital/bin/../share/yosys/ecp5/cells_sim.v:207$108_EN' using process `\TRELLIS_DPR16X4.$proc$/home/felipe-zorro/miniconda3/envs/digital/bin/../share/yosys/ecp5/cells_sim.v:0$148'.
  created direct connection (no actual register cell created).
Creating register for signal `\TRELLIS_DPR16X4.$memwr$\mem$/home/felipe-zorro/miniconda3/envs/digital/bin/../share/yosys/ecp5/cells_sim.v:207$109_EN' using process `\TRELLIS_DPR16X4.$proc$/home/felipe-zorro/miniconda3/envs/digital/bin/../share/yosys/ecp5/cells_sim.v:0$148'.
  created direct connection (no actual register cell created).
Creating register for signal `\TRELLIS_DPR16X4.$memwr$\mem$/home/felipe-zorro/miniconda3/envs/digital/bin/../share/yosys/ecp5/cells_sim.v:207$110_EN' using process `\TRELLIS_DPR16X4.$proc$/home/felipe-zorro/miniconda3/envs/digital/bin/../share/yosys/ecp5/cells_sim.v:0$148'.
  created direct connection (no actual register cell created).
Creating register for signal `\TRELLIS_DPR16X4.$memwr$\mem$/home/felipe-zorro/miniconda3/envs/digital/bin/../share/yosys/ecp5/cells_sim.v:207$111_EN' using process `\TRELLIS_DPR16X4.$proc$/home/felipe-zorro/miniconda3/envs/digital/bin/../share/yosys/ecp5/cells_sim.v:0$148'.
  created direct connection (no actual register cell created).
Creating register for signal `\TRELLIS_DPR16X4.$memwr$\mem$/home/felipe-zorro/miniconda3/envs/digital/bin/../share/yosys/ecp5/cells_sim.v:207$112_EN' using process `\TRELLIS_DPR16X4.$proc$/home/felipe-zorro/miniconda3/envs/digital/bin/../share/yosys/ecp5/cells_sim.v:0$148'.
  created direct connection (no actual register cell created).
Creating register for signal `\TRELLIS_DPR16X4.$memwr$\mem$/home/felipe-zorro/miniconda3/envs/digital/bin/../share/yosys/ecp5/cells_sim.v:207$113_EN' using process `\TRELLIS_DPR16X4.$proc$/home/felipe-zorro/miniconda3/envs/digital/bin/../share/yosys/ecp5/cells_sim.v:0$148'.
  created direct connection (no actual register cell created).
Creating register for signal `\TRELLIS_DPR16X4.$memwr$\mem$/home/felipe-zorro/miniconda3/envs/digital/bin/../share/yosys/ecp5/cells_sim.v:207$114_EN' using process `\TRELLIS_DPR16X4.$proc$/home/felipe-zorro/miniconda3/envs/digital/bin/../share/yosys/ecp5/cells_sim.v:0$148'.
  created direct connection (no actual register cell created).
Creating register for signal `\TRELLIS_DPR16X4.$memwr$\mem$/home/felipe-zorro/miniconda3/envs/digital/bin/../share/yosys/ecp5/cells_sim.v:207$115_EN' using process `\TRELLIS_DPR16X4.$proc$/home/felipe-zorro/miniconda3/envs/digital/bin/../share/yosys/ecp5/cells_sim.v:0$148'.
  created direct connection (no actual register cell created).
Creating register for signal `\TRELLIS_DPR16X4.$memwr$\mem$/home/felipe-zorro/miniconda3/envs/digital/bin/../share/yosys/ecp5/cells_sim.v:207$116_EN' using process `\TRELLIS_DPR16X4.$proc$/home/felipe-zorro/miniconda3/envs/digital/bin/../share/yosys/ecp5/cells_sim.v:0$148'.
  created direct connection (no actual register cell created).
Creating register for signal `\TRELLIS_DPR16X4.$memwr$\mem$/home/felipe-zorro/miniconda3/envs/digital/bin/../share/yosys/ecp5/cells_sim.v:207$117_EN' using process `\TRELLIS_DPR16X4.$proc$/home/felipe-zorro/miniconda3/envs/digital/bin/../share/yosys/ecp5/cells_sim.v:0$148'.
  created direct connection (no actual register cell created).
Creating register for signal `\TRELLIS_DPR16X4.$memwr$\mem$/home/felipe-zorro/miniconda3/envs/digital/bin/../share/yosys/ecp5/cells_sim.v:207$118_EN' using process `\TRELLIS_DPR16X4.$proc$/home/felipe-zorro/miniconda3/envs/digital/bin/../share/yosys/ecp5/cells_sim.v:0$148'.
  created direct connection (no actual register cell created).
Creating register for signal `\TRELLIS_DPR16X4.$memwr$\mem$/home/felipe-zorro/miniconda3/envs/digital/bin/../share/yosys/ecp5/cells_sim.v:207$119_EN' using process `\TRELLIS_DPR16X4.$proc$/home/felipe-zorro/miniconda3/envs/digital/bin/../share/yosys/ecp5/cells_sim.v:0$148'.
  created direct connection (no actual register cell created).
Creating register for signal `\TRELLIS_DPR16X4.$memwr$\mem$/home/felipe-zorro/miniconda3/envs/digital/bin/../share/yosys/ecp5/cells_sim.v:207$120_EN' using process `\TRELLIS_DPR16X4.$proc$/home/felipe-zorro/miniconda3/envs/digital/bin/../share/yosys/ecp5/cells_sim.v:0$148'.
  created direct connection (no actual register cell created).
Creating register for signal `\TRELLIS_DPR16X4.$memwr$\mem$/home/felipe-zorro/miniconda3/envs/digital/bin/../share/yosys/ecp5/cells_sim.v:207$121_EN' using process `\TRELLIS_DPR16X4.$proc$/home/felipe-zorro/miniconda3/envs/digital/bin/../share/yosys/ecp5/cells_sim.v:0$148'.
  created direct connection (no actual register cell created).
Creating register for signal `\TRELLIS_DPR16X4.$memwr$\mem$/home/felipe-zorro/miniconda3/envs/digital/bin/../share/yosys/ecp5/cells_sim.v:223$122_ADDR' using process `\TRELLIS_DPR16X4.$proc$/home/felipe-zorro/miniconda3/envs/digital/bin/../share/yosys/ecp5/cells_sim.v:221$124'.
  created $dff cell `$procdff$2955' with positive edge clock.
Creating register for signal `\TRELLIS_DPR16X4.$memwr$\mem$/home/felipe-zorro/miniconda3/envs/digital/bin/../share/yosys/ecp5/cells_sim.v:223$122_DATA' using process `\TRELLIS_DPR16X4.$proc$/home/felipe-zorro/miniconda3/envs/digital/bin/../share/yosys/ecp5/cells_sim.v:221$124'.
  created $dff cell `$procdff$2956' with positive edge clock.
Creating register for signal `\TRELLIS_DPR16X4.$memwr$\mem$/home/felipe-zorro/miniconda3/envs/digital/bin/../share/yosys/ecp5/cells_sim.v:223$122_EN' using process `\TRELLIS_DPR16X4.$proc$/home/felipe-zorro/miniconda3/envs/digital/bin/../share/yosys/ecp5/cells_sim.v:221$124'.
  created $dff cell `$procdff$2957' with positive edge clock.
Creating register for signal `\TRELLIS_DPR16X4.\muxwre' using process `\TRELLIS_DPR16X4.$proc$/home/felipe-zorro/miniconda3/envs/digital/bin/../share/yosys/ecp5/cells_sim.v:213$123'.
  created direct connection (no actual register cell created).
Creating register for signal `\comp_ws.\z' using process `\comp_ws.$proc$comp_ws.v:7$1864'.
  created $dff cell `$procdff$2958' with negative edge clock.
Creating register for signal `\mux_ws.\out' using process `\mux_ws.$proc$multiplexor_ws.v:7$1859'.
  created $dff cell `$procdff$2959' with negative edge clock.
Creating register for signal `\count_ws.\count' using process `\count_ws.$proc$count_ws.v:7$1857'.
  created $dff cell `$procdff$2960' with negative edge clock.
Creating register for signal `\control_ws.\reset' using process `\control_ws.$proc$control_ws.v:44$1850'.
  created $dff cell `$procdff$2961' with positive edge clock.
Creating register for signal `\control_ws.\done' using process `\control_ws.$proc$control_ws.v:44$1850'.
  created $dff cell `$procdff$2962' with positive edge clock.
Creating register for signal `\control_ws.\DOUT' using process `\control_ws.$proc$control_ws.v:44$1850'.
  created $dff cell `$procdff$2963' with positive edge clock.
Creating register for signal `\control_ws.\inc' using process `\control_ws.$proc$control_ws.v:44$1850'.
  created $dff cell `$procdff$2964' with positive edge clock.
Creating register for signal `\control_ws.\state' using process `\control_ws.$proc$control_ws.v:44$1850'.
  created $dff cell `$procdff$2965' with positive edge clock.
Creating register for signal `\control_ws.\SEL_TIM' using process `\control_ws.$proc$control_ws.v:44$1850'.
  created $dff cell `$procdff$2966' with positive edge clock.
Creating register for signal `\count_wsl.\z' using process `\count_wsl.$proc$count_wsl.v:10$1838'.
  created $dff cell `$procdff$2967' with negative edge clock.
Creating register for signal `\count_wsl.\count' using process `\count_wsl.$proc$count_wsl.v:10$1838'.
  created $dff cell `$procdff$2968' with negative edge clock.
Creating register for signal `\shift_wsl.\o_RGB' using process `\shift_wsl.$proc$shift_wsl.v:9$1837'.
  created $dff cell `$procdff$2969' with negative edge clock.
Creating register for signal `\control_wsl.\DONE' using process `\control_wsl.$proc$control_wsl.v:40$1835'.
  created $dff cell `$procdff$2970' with positive edge clock.
Creating register for signal `\control_wsl.\state' using process `\control_wsl.$proc$control_wsl.v:40$1835'.
  created $dff cell `$procdff$2971' with positive edge clock.
Creating register for signal `\control_wsl.\dec' using process `\control_wsl.$proc$control_wsl.v:40$1835'.
  created $dff cell `$procdff$2972' with positive edge clock.
Creating register for signal `\control_wsl.\ld' using process `\control_wsl.$proc$control_wsl.v:40$1835'.
  created $dff cell `$procdff$2973' with positive edge clock.
Creating register for signal `\control_wsl.\sh' using process `\control_wsl.$proc$control_wsl.v:40$1835'.
  created $dff cell `$procdff$2974' with positive edge clock.
Creating register for signal `\control_wsl.\INIT_T' using process `\control_wsl.$proc$control_wsl.v:40$1835'.
  created $dff cell `$procdff$2975' with positive edge clock.
Creating register for signal `\traductor.\RGB' using process `\traductor.$proc$traductor.v:64$1827'.
  created $dff cell `$procdff$2976' with negative edge clock.
Creating register for signal `\count_arr.\addr' using process `\count_arr.$proc$count_arr.v:8$1822'.
  created $dff cell `$procdff$2977' with negative edge clock.
Creating register for signal `\comp_arr.\z' using process `\comp_arr.$proc$comp_arr.v:6$1820'.
  created $dff cell `$procdff$2978' with negative edge clock.
Creating register for signal `\control_arr.\reset' using process `\control_arr.$proc$control_arr.v:38$1818'.
  created $dff cell `$procdff$2979' with positive edge clock.
Creating register for signal `\control_arr.\DONE' using process `\control_arr.$proc$control_arr.v:38$1818'.
  created $dff cell `$procdff$2980' with positive edge clock.
Creating register for signal `\control_arr.\inc' using process `\control_arr.$proc$control_arr.v:38$1818'.
  created $dff cell `$procdff$2981' with positive edge clock.
Creating register for signal `\control_arr.\INIT_LED' using process `\control_arr.$proc$control_arr.v:38$1818'.
  created $dff cell `$procdff$2982' with positive edge clock.
Creating register for signal `\control_arr.\state' using process `\control_arr.$proc$control_arr.v:38$1818'.
  created $dff cell `$procdff$2983' with positive edge clock.
Creating register for signal `\detector_flanco.\estado_boton' using process `\detector_flanco.$proc$detector_flanco.v:9$1816'.
  created $dff cell `$procdff$2984' with positive edge clock.
Creating register for signal `\cursor.\f_s' using process `\cursor.$proc$cursor.v:18$1811'.
  created $dff cell `$procdff$2985' with positive edge clock.
Creating register for signal `\cursor.\c_s' using process `\cursor.$proc$cursor.v:18$1811'.
  created $dff cell `$procdff$2986' with positive edge clock.
Creating register for signal `\reg_caballo.\f_out' using process `\reg_caballo.$proc$reg_caballo.v:11$1810'.
  created $dff cell `$procdff$2987' with positive edge clock.
Creating register for signal `\reg_caballo.\c_out' using process `\reg_caballo.$proc$reg_caballo.v:11$1810'.
  created $dff cell `$procdff$2988' with positive edge clock.
Creating register for signal `\regjugadas.\tablero' using process `\regjugadas.$proc$reg_jugadas.v:17$1793'.
  created $dff cell `$procdff$2989' with positive edge clock.
Creating register for signal `\regjugadas.\casillas_pisadas' using process `\regjugadas.$proc$reg_jugadas.v:17$1793'.
  created $dff cell `$procdff$2990' with positive edge clock.
Creating register for signal `\regjugadas.$bitselwrite$pos$reg_jugadas.v:22$1791' using process `\regjugadas.$proc$reg_jugadas.v:17$1793'.
  created $dff cell `$procdff$2991' with positive edge clock.
Creating register for signal `\regjugadas.$lookahead\tablero$1792' using process `\regjugadas.$proc$reg_jugadas.v:17$1793'.
  created $dff cell `$procdff$2992' with positive edge clock.
Creating register for signal `\pos_mov.\i' using process `\pos_mov.$proc$pos_mov.v:35$254'.
  created $dff cell `$procdff$2995' with positive edge clock.
Creating register for signal `\pos_mov.\done' using process `\pos_mov.$proc$pos_mov.v:35$254'.
  created $adff cell `$procdff$2996' with positive edge clock and positive level reset.
Creating register for signal `\pos_mov.\j' using process `\pos_mov.$proc$pos_mov.v:35$254'.
  created $dff cell `$procdff$2999' with positive edge clock.
Creating register for signal `\pos_mov.\pos_movi_2d[0]' using process `\pos_mov.$proc$pos_mov.v:35$254'.
  created $adff cell `$procdff$3000' with positive edge clock and positive level reset.
Creating register for signal `\pos_mov.\pos_movi_2d[1]' using process `\pos_mov.$proc$pos_mov.v:35$254'.
  created $adff cell `$procdff$3001' with positive edge clock and positive level reset.
Creating register for signal `\pos_mov.\pos_movi_2d[2]' using process `\pos_mov.$proc$pos_mov.v:35$254'.
  created $adff cell `$procdff$3002' with positive edge clock and positive level reset.
Creating register for signal `\pos_mov.\pos_movi_2d[3]' using process `\pos_mov.$proc$pos_mov.v:35$254'.
  created $adff cell `$procdff$3003' with positive edge clock and positive level reset.
Creating register for signal `\pos_mov.\pos_movi_2d[4]' using process `\pos_mov.$proc$pos_mov.v:35$254'.
  created $adff cell `$procdff$3004' with positive edge clock and positive level reset.
Creating register for signal `\pos_mov.\pos_movi_2d[5]' using process `\pos_mov.$proc$pos_mov.v:35$254'.
  created $adff cell `$procdff$3005' with positive edge clock and positive level reset.
Creating register for signal `\pos_mov.\pos_movi_2d[6]' using process `\pos_mov.$proc$pos_mov.v:35$254'.
  created $adff cell `$procdff$3006' with positive edge clock and positive level reset.
Creating register for signal `\pos_mov.\pos_movi_2d[7]' using process `\pos_mov.$proc$pos_mov.v:35$254'.
  created $adff cell `$procdff$3007' with positive edge clock and positive level reset.
Creating register for signal `\pos_mov.\pos_movi_2d[8]' using process `\pos_mov.$proc$pos_mov.v:35$254'.
  created $adff cell `$procdff$3008' with positive edge clock and positive level reset.
Creating register for signal `\pos_mov.\pos_movi_2d[9]' using process `\pos_mov.$proc$pos_mov.v:35$254'.
  created $adff cell `$procdff$3009' with positive edge clock and positive level reset.
Creating register for signal `\pos_mov.\pos_movi_2d[10]' using process `\pos_mov.$proc$pos_mov.v:35$254'.
  created $adff cell `$procdff$3010' with positive edge clock and positive level reset.
Creating register for signal `\pos_mov.\pos_movi_2d[11]' using process `\pos_mov.$proc$pos_mov.v:35$254'.
  created $adff cell `$procdff$3011' with positive edge clock and positive level reset.
Creating register for signal `\pos_mov.\pos_movi_2d[12]' using process `\pos_mov.$proc$pos_mov.v:35$254'.
  created $adff cell `$procdff$3012' with positive edge clock and positive level reset.
Creating register for signal `\pos_mov.\pos_movi_2d[13]' using process `\pos_mov.$proc$pos_mov.v:35$254'.
  created $adff cell `$procdff$3013' with positive edge clock and positive level reset.
Creating register for signal `\pos_mov.\pos_movi_2d[14]' using process `\pos_mov.$proc$pos_mov.v:35$254'.
  created $adff cell `$procdff$3014' with positive edge clock and positive level reset.
Creating register for signal `\pos_mov.\pos_movi_2d[15]' using process `\pos_mov.$proc$pos_mov.v:35$254'.
  created $adff cell `$procdff$3015' with positive edge clock and positive level reset.
Creating register for signal `\pos_mov.\pos_movi_2d[16]' using process `\pos_mov.$proc$pos_mov.v:35$254'.
  created $adff cell `$procdff$3016' with positive edge clock and positive level reset.
Creating register for signal `\pos_mov.\pos_movi_2d[17]' using process `\pos_mov.$proc$pos_mov.v:35$254'.
  created $adff cell `$procdff$3017' with positive edge clock and positive level reset.
Creating register for signal `\pos_mov.\pos_movi_2d[18]' using process `\pos_mov.$proc$pos_mov.v:35$254'.
  created $adff cell `$procdff$3018' with positive edge clock and positive level reset.
Creating register for signal `\pos_mov.\pos_movi_2d[19]' using process `\pos_mov.$proc$pos_mov.v:35$254'.
  created $adff cell `$procdff$3019' with positive edge clock and positive level reset.
Creating register for signal `\pos_mov.\pos_movi_2d[20]' using process `\pos_mov.$proc$pos_mov.v:35$254'.
  created $adff cell `$procdff$3020' with positive edge clock and positive level reset.
Creating register for signal `\pos_mov.\pos_movi_2d[21]' using process `\pos_mov.$proc$pos_mov.v:35$254'.
  created $adff cell `$procdff$3021' with positive edge clock and positive level reset.
Creating register for signal `\pos_mov.\pos_movi_2d[22]' using process `\pos_mov.$proc$pos_mov.v:35$254'.
  created $adff cell `$procdff$3022' with positive edge clock and positive level reset.
Creating register for signal `\pos_mov.\pos_movi_2d[23]' using process `\pos_mov.$proc$pos_mov.v:35$254'.
  created $adff cell `$procdff$3023' with positive edge clock and positive level reset.
Creating register for signal `\pos_mov.\pos_movi_2d[24]' using process `\pos_mov.$proc$pos_mov.v:35$254'.
  created $adff cell `$procdff$3024' with positive edge clock and positive level reset.
Creating register for signal `\pos_mov.\pos_movi_2d[25]' using process `\pos_mov.$proc$pos_mov.v:35$254'.
  created $adff cell `$procdff$3025' with positive edge clock and positive level reset.
Creating register for signal `\pos_mov.\pos_movi_2d[26]' using process `\pos_mov.$proc$pos_mov.v:35$254'.
  created $adff cell `$procdff$3026' with positive edge clock and positive level reset.
Creating register for signal `\pos_mov.\pos_movi_2d[27]' using process `\pos_mov.$proc$pos_mov.v:35$254'.
  created $adff cell `$procdff$3027' with positive edge clock and positive level reset.
Creating register for signal `\pos_mov.\pos_movi_2d[28]' using process `\pos_mov.$proc$pos_mov.v:35$254'.
  created $adff cell `$procdff$3028' with positive edge clock and positive level reset.
Creating register for signal `\pos_mov.\pos_movi_2d[29]' using process `\pos_mov.$proc$pos_mov.v:35$254'.
  created $adff cell `$procdff$3029' with positive edge clock and positive level reset.
Creating register for signal `\pos_mov.\pos_movi_2d[30]' using process `\pos_mov.$proc$pos_mov.v:35$254'.
  created $adff cell `$procdff$3030' with positive edge clock and positive level reset.
Creating register for signal `\pos_mov.\pos_movi_2d[31]' using process `\pos_mov.$proc$pos_mov.v:35$254'.
  created $adff cell `$procdff$3031' with positive edge clock and positive level reset.
Creating register for signal `\pos_mov.\pos_movi_2d[32]' using process `\pos_mov.$proc$pos_mov.v:35$254'.
  created $adff cell `$procdff$3032' with positive edge clock and positive level reset.
Creating register for signal `\pos_mov.\pos_movi_2d[33]' using process `\pos_mov.$proc$pos_mov.v:35$254'.
  created $adff cell `$procdff$3033' with positive edge clock and positive level reset.
Creating register for signal `\pos_mov.\pos_movi_2d[34]' using process `\pos_mov.$proc$pos_mov.v:35$254'.
  created $adff cell `$procdff$3034' with positive edge clock and positive level reset.
Creating register for signal `\pos_mov.\pos_movi_2d[35]' using process `\pos_mov.$proc$pos_mov.v:35$254'.
  created $adff cell `$procdff$3035' with positive edge clock and positive level reset.
Creating register for signal `\pos_mov.\pos_movi_2d[36]' using process `\pos_mov.$proc$pos_mov.v:35$254'.
  created $adff cell `$procdff$3036' with positive edge clock and positive level reset.
Creating register for signal `\pos_mov.\pos_movi_2d[37]' using process `\pos_mov.$proc$pos_mov.v:35$254'.
  created $adff cell `$procdff$3037' with positive edge clock and positive level reset.
Creating register for signal `\pos_mov.\pos_movi_2d[38]' using process `\pos_mov.$proc$pos_mov.v:35$254'.
  created $adff cell `$procdff$3038' with positive edge clock and positive level reset.
Creating register for signal `\pos_mov.\pos_movi_2d[39]' using process `\pos_mov.$proc$pos_mov.v:35$254'.
  created $adff cell `$procdff$3039' with positive edge clock and positive level reset.
Creating register for signal `\pos_mov.\pos_movi_2d[40]' using process `\pos_mov.$proc$pos_mov.v:35$254'.
  created $adff cell `$procdff$3040' with positive edge clock and positive level reset.
Creating register for signal `\pos_mov.\pos_movi_2d[41]' using process `\pos_mov.$proc$pos_mov.v:35$254'.
  created $adff cell `$procdff$3041' with positive edge clock and positive level reset.
Creating register for signal `\pos_mov.\pos_movi_2d[42]' using process `\pos_mov.$proc$pos_mov.v:35$254'.
  created $adff cell `$procdff$3042' with positive edge clock and positive level reset.
Creating register for signal `\pos_mov.\pos_movi_2d[43]' using process `\pos_mov.$proc$pos_mov.v:35$254'.
  created $adff cell `$procdff$3043' with positive edge clock and positive level reset.
Creating register for signal `\pos_mov.\pos_movi_2d[44]' using process `\pos_mov.$proc$pos_mov.v:35$254'.
  created $adff cell `$procdff$3044' with positive edge clock and positive level reset.
Creating register for signal `\pos_mov.\pos_movi_2d[45]' using process `\pos_mov.$proc$pos_mov.v:35$254'.
  created $adff cell `$procdff$3045' with positive edge clock and positive level reset.
Creating register for signal `\pos_mov.\pos_movi_2d[46]' using process `\pos_mov.$proc$pos_mov.v:35$254'.
  created $adff cell `$procdff$3046' with positive edge clock and positive level reset.
Creating register for signal `\pos_mov.\pos_movi_2d[47]' using process `\pos_mov.$proc$pos_mov.v:35$254'.
  created $adff cell `$procdff$3047' with positive edge clock and positive level reset.
Creating register for signal `\pos_mov.\pos_movi_2d[48]' using process `\pos_mov.$proc$pos_mov.v:35$254'.
  created $adff cell `$procdff$3048' with positive edge clock and positive level reset.
Creating register for signal `\pos_mov.\pos_movi_2d[49]' using process `\pos_mov.$proc$pos_mov.v:35$254'.
  created $adff cell `$procdff$3049' with positive edge clock and positive level reset.
Creating register for signal `\pos_mov.\pos_movi_2d[50]' using process `\pos_mov.$proc$pos_mov.v:35$254'.
  created $adff cell `$procdff$3050' with positive edge clock and positive level reset.
Creating register for signal `\pos_mov.\pos_movi_2d[51]' using process `\pos_mov.$proc$pos_mov.v:35$254'.
  created $adff cell `$procdff$3051' with positive edge clock and positive level reset.
Creating register for signal `\pos_mov.\pos_movi_2d[52]' using process `\pos_mov.$proc$pos_mov.v:35$254'.
  created $adff cell `$procdff$3052' with positive edge clock and positive level reset.
Creating register for signal `\pos_mov.\pos_movi_2d[53]' using process `\pos_mov.$proc$pos_mov.v:35$254'.
  created $adff cell `$procdff$3053' with positive edge clock and positive level reset.
Creating register for signal `\pos_mov.\pos_movi_2d[54]' using process `\pos_mov.$proc$pos_mov.v:35$254'.
  created $adff cell `$procdff$3054' with positive edge clock and positive level reset.
Creating register for signal `\pos_mov.\pos_movi_2d[55]' using process `\pos_mov.$proc$pos_mov.v:35$254'.
  created $adff cell `$procdff$3055' with positive edge clock and positive level reset.
Creating register for signal `\pos_mov.\pos_movi_2d[56]' using process `\pos_mov.$proc$pos_mov.v:35$254'.
  created $adff cell `$procdff$3056' with positive edge clock and positive level reset.
Creating register for signal `\pos_mov.\pos_movi_2d[57]' using process `\pos_mov.$proc$pos_mov.v:35$254'.
  created $adff cell `$procdff$3057' with positive edge clock and positive level reset.
Creating register for signal `\pos_mov.\pos_movi_2d[58]' using process `\pos_mov.$proc$pos_mov.v:35$254'.
  created $adff cell `$procdff$3058' with positive edge clock and positive level reset.
Creating register for signal `\pos_mov.\pos_movi_2d[59]' using process `\pos_mov.$proc$pos_mov.v:35$254'.
  created $adff cell `$procdff$3059' with positive edge clock and positive level reset.
Creating register for signal `\pos_mov.\pos_movi_2d[60]' using process `\pos_mov.$proc$pos_mov.v:35$254'.
  created $adff cell `$procdff$3060' with positive edge clock and positive level reset.
Creating register for signal `\pos_mov.\pos_movi_2d[61]' using process `\pos_mov.$proc$pos_mov.v:35$254'.
  created $adff cell `$procdff$3061' with positive edge clock and positive level reset.
Creating register for signal `\pos_mov.\pos_movi_2d[62]' using process `\pos_mov.$proc$pos_mov.v:35$254'.
  created $adff cell `$procdff$3062' with positive edge clock and positive level reset.
Creating register for signal `\pos_mov.\pos_movi_2d[63]' using process `\pos_mov.$proc$pos_mov.v:35$254'.
  created $adff cell `$procdff$3063' with positive edge clock and positive level reset.
Creating register for signal `\mc.\load_fc' using process `\mc.$proc$mc.v:26$244'.
  created $dff cell `$procdff$3064' with positive edge clock.
Creating register for signal `\mc.\add_jugadas' using process `\mc.$proc$mc.v:26$244'.
  created $dff cell `$procdff$3065' with positive edge clock.
Creating register for signal `\mc.\cal_mov_va' using process `\mc.$proc$mc.v:26$244'.
  created $dff cell `$procdff$3066' with positive edge clock.
Creating register for signal `\mc.\win' using process `\mc.$proc$mc.v:26$244'.
  created $dff cell `$procdff$3067' with positive edge clock.
Creating register for signal `\mc.\lose' using process `\mc.$proc$mc.v:26$244'.
  created $dff cell `$procdff$3068' with positive edge clock.
Creating register for signal `\mc.\estado' using process `\mc.$proc$mc.v:26$244'.
  created $dff cell `$procdff$3069' with positive edge clock.
Creating register for signal `\top.\delay' using process `\top.$proc$top.v:12$233'.
  created $dff cell `$procdff$3070' with positive edge clock.
Creating register for signal `\top.\init_trigger' using process `\top.$proc$top.v:12$233'.
  created $dff cell `$procdff$3071' with positive edge clock.

24.5.10. Executing PROC_MEMWR pass (convert process memory writes to cells).

24.5.11. Executing PROC_CLEAN pass (remove empty switches from decision trees).
Removing empty process `TRELLIS_FF.$proc$/home/felipe-zorro/miniconda3/envs/digital/bin/../share/yosys/ecp5/cells_sim.v:0$231'.
Found and cleaned up 2 empty switches in `\TRELLIS_FF.$proc$/home/felipe-zorro/miniconda3/envs/digital/bin/../share/yosys/ecp5/cells_sim.v:350$230'.
Removing empty process `TRELLIS_FF.$proc$/home/felipe-zorro/miniconda3/envs/digital/bin/../share/yosys/ecp5/cells_sim.v:350$230'.
Removing empty process `DPR16X4C.$proc$/home/felipe-zorro/miniconda3/envs/digital/bin/../share/yosys/ecp5/cells_sim.v:0$205'.
Found and cleaned up 1 empty switch in `\DPR16X4C.$proc$/home/felipe-zorro/miniconda3/envs/digital/bin/../share/yosys/ecp5/cells_sim.v:285$182'.
Removing empty process `TRELLIS_DPR16X4.$proc$/home/felipe-zorro/miniconda3/envs/digital/bin/../share/yosys/ecp5/cells_sim.v:0$148'.
Found and cleaned up 1 empty switch in `\TRELLIS_DPR16X4.$proc$/home/felipe-zorro/miniconda3/envs/digital/bin/../share/yosys/ecp5/cells_sim.v:221$124'.
Removing empty process `TRELLIS_DPR16X4.$proc$/home/felipe-zorro/miniconda3/envs/digital/bin/../share/yosys/ecp5/cells_sim.v:213$123'.
Found and cleaned up 1 empty switch in `\comp_ws.$proc$comp_ws.v:7$1864'.
Removing empty process `comp_ws.$proc$comp_ws.v:7$1864'.
Found and cleaned up 4 empty switches in `\mux_ws.$proc$multiplexor_ws.v:7$1859'.
Removing empty process `mux_ws.$proc$multiplexor_ws.v:7$1859'.
Found and cleaned up 2 empty switches in `\count_ws.$proc$count_ws.v:7$1857'.
Removing empty process `count_ws.$proc$count_ws.v:7$1857'.
Removing empty process `control_ws.$proc$control_ws.v:0$1856'.
Found and cleaned up 9 empty switches in `\control_ws.$proc$control_ws.v:44$1850'.
Removing empty process `control_ws.$proc$control_ws.v:44$1850'.
Found and cleaned up 4 empty switches in `\tablero_temp.$proc$tablero_temp.v:21$1841'.
Removing empty process `tablero_temp.$proc$tablero_temp.v:21$1841'.
Found and cleaned up 3 empty switches in `\count_wsl.$proc$count_wsl.v:10$1838'.
Removing empty process `count_wsl.$proc$count_wsl.v:10$1838'.
Found and cleaned up 2 empty switches in `\shift_wsl.$proc$shift_wsl.v:9$1837'.
Removing empty process `shift_wsl.$proc$shift_wsl.v:9$1837'.
Removing empty process `control_wsl.$proc$control_wsl.v:0$1836'.
Found and cleaned up 5 empty switches in `\control_wsl.$proc$control_wsl.v:40$1835'.
Removing empty process `control_wsl.$proc$control_wsl.v:40$1835'.
Found and cleaned up 3 empty switches in `\traductor.$proc$traductor.v:64$1827'.
Removing empty process `traductor.$proc$traductor.v:64$1827'.
Found and cleaned up 2 empty switches in `\count_arr.$proc$count_arr.v:8$1822'.
Removing empty process `count_arr.$proc$count_arr.v:8$1822'.
Found and cleaned up 1 empty switch in `\comp_arr.$proc$comp_arr.v:6$1820'.
Removing empty process `comp_arr.$proc$comp_arr.v:6$1820'.
Removing empty process `control_arr.$proc$control_arr.v:0$1819'.
Found and cleaned up 5 empty switches in `\control_arr.$proc$control_arr.v:38$1818'.
Removing empty process `control_arr.$proc$control_arr.v:38$1818'.
Removing empty process `detector_flanco.$proc$detector_flanco.v:9$1816'.
Found and cleaned up 5 empty switches in `\cursor.$proc$cursor.v:18$1811'.
Removing empty process `cursor.$proc$cursor.v:18$1811'.
Found and cleaned up 2 empty switches in `\reg_caballo.$proc$reg_caballo.v:11$1810'.
Removing empty process `reg_caballo.$proc$reg_caballo.v:11$1810'.
Found and cleaned up 3 empty switches in `\regjugadas.$proc$reg_jugadas.v:17$1793'.
Removing empty process `regjugadas.$proc$reg_jugadas.v:17$1793'.
Found and cleaned up 129 empty switches in `\pos_mov.$proc$pos_mov.v:35$254'.
Removing empty process `pos_mov.$proc$pos_mov.v:35$254'.
Removing empty process `pos_mov.$proc$pos_mov.v:25$253'.
Removing empty process `mc.$proc$mc.v:24$247'.
Found and cleaned up 7 empty switches in `\mc.$proc$mc.v:26$244'.
Removing empty process `mc.$proc$mc.v:26$244'.
Removing empty process `top.$proc$top.v:10$242'.
Removing empty process `top.$proc$top.v:9$241'.
Found and cleaned up 2 empty switches in `\top.$proc$top.v:12$233'.
Removing empty process `top.$proc$top.v:12$233'.
Cleaned up 193 empty switches.

24.5.12. Executing OPT_EXPR pass (perform const folding).
Optimizing module comp_ws.
Optimizing module mux_ws.
Optimizing module count_ws.
Optimizing module control_ws.
Optimizing module tablero_temp.
Optimizing module ws2812.
Optimizing module count_wsl.
Optimizing module shift_wsl.
Optimizing module control_wsl.
Optimizing module ws2812_LED.
Optimizing module traductor.
Optimizing module count_arr.
Optimizing module comp_arr.
Optimizing module control_arr.
Optimizing module detector_flanco.
Optimizing module cursor.
Optimizing module reg_caballo.
Optimizing module regjugadas.
Optimizing module pos_mov.
Optimizing module validar_jugada.
Optimizing module mc.
Optimizing module ws2812_array.
Optimizing module top.

24.6. Executing FLATTEN pass (flatten design).
Deleting now unused module comp_ws.
Deleting now unused module mux_ws.
Deleting now unused module count_ws.
Deleting now unused module control_ws.
Deleting now unused module tablero_temp.
Deleting now unused module ws2812.
Deleting now unused module count_wsl.
Deleting now unused module shift_wsl.
Deleting now unused module control_wsl.
Deleting now unused module ws2812_LED.
Deleting now unused module traductor.
Deleting now unused module count_arr.
Deleting now unused module comp_arr.
Deleting now unused module control_arr.
Deleting now unused module detector_flanco.
Deleting now unused module cursor.
Deleting now unused module reg_caballo.
Deleting now unused module regjugadas.
Deleting now unused module pos_mov.
Deleting now unused module validar_jugada.
Deleting now unused module mc.
Deleting now unused module ws2812_array.

24.7. Executing TRIBUF pass.

24.8. Executing DEMINOUT pass (demote inout ports to input or output).

24.9. Executing OPT_EXPR pass (perform const folding).
Optimizing module top.

24.10. Executing OPT_CLEAN pass (remove unused cells and wires).
Finding unused cells or wires in module \top..
Removed 84 unused cells and 643 unused wires.

24.11. Executing CHECK pass (checking for obvious problems).
Checking module top...
Found and reported 0 problems.

24.12. Executing OPT pass (performing simple optimizations).

24.12.1. Executing OPT_EXPR pass (perform const folding).
Optimizing module top.

24.12.2. Executing OPT_MERGE pass (detect identical cells).
Finding identical cells in module `\top'.
Removed a total of 1233 cells.

24.12.3. Executing OPT_MUXTREE pass (detect dead branches in mux trees).
Running muxtree optimizer on module \top..
  Creating internal representation of mux trees.
  Evaluating internal representation of mux trees.
  Analyzing evaluation results.
    dead port 2/2 on $mux $flatten\JUGADAS0.$procmux$2266.
    dead port 1/2 on $mux $flatten\PANTALLA0.\TRADUCTOR00.\temp00000.$procmux$2020.
    dead port 1/2 on $mux $flatten\PANTALLA0.\TRADUCTOR00.\temp00000.$procmux$2023.
    dead port 1/2 on $mux $flatten\PANTALLA0.\TRADUCTOR00.\temp00000.$procmux$2026.
    dead port 1/2 on $mux $flatten\PANTALLA0.\TRADUCTOR00.\temp00000.$procmux$2032.
    dead port 1/2 on $mux $flatten\PANTALLA0.\TRADUCTOR00.\temp00000.$procmux$2035.
    dead port 1/2 on $mux $flatten\PANTALLA0.\TRADUCTOR00.\temp00000.$procmux$2041.
    dead port 2/2 on $mux $flatten\PANTALLA0.\control_wLED00.$procmux$2185.
    dead port 2/2 on $mux $flatten\PANTALLA0.\ws2812_LED00.\control_wLED00.$procmux$2081.
    dead port 2/2 on $mux $flatten\PANTALLA0.\ws2812_LED00.\ws2812.\control_ws.$procmux$1938.
Removed 10 multiplexer ports.

24.12.4. Executing OPT_REDUCE pass (consolidate $*mux and $reduce_* inputs).
  Optimizing cells in module \top.
    New ctrl vector for $pmux cell $flatten\PANTALLA0.\control_wLED00.$procmux$2191: { $flatten\PANTALLA0.\control_wLED00.$procmux$2179_CMP $auto$opt_reduce.cc:134:opt_pmux$3099 }
    New ctrl vector for $pmux cell $flatten\PANTALLA0.\control_wLED00.$procmux$2203: { $flatten\PANTALLA0.\control_wLED00.$procmux$2173_CMP $auto$opt_reduce.cc:134:opt_pmux$3101 }
    New ctrl vector for $pmux cell $flatten\PANTALLA0.\control_wLED00.$procmux$2227: { $flatten\PANTALLA0.\control_wLED00.$procmux$2183_CMP $auto$opt_reduce.cc:134:opt_pmux$3103 }
    New ctrl vector for $pmux cell $flatten\PANTALLA0.\ws2812_LED00.\control_wLED00.$procmux$2087: { $flatten\PANTALLA0.\ws2812_LED00.\control_wLED00.$procmux$2075_CMP $auto$opt_reduce.cc:134:opt_pmux$3105 }
    New ctrl vector for $pmux cell $flatten\PANTALLA0.\ws2812_LED00.\control_wLED00.$procmux$2099: { $flatten\PANTALLA0.\ws2812_LED00.\control_wLED00.$procmux$2069_CMP $auto$opt_reduce.cc:134:opt_pmux$3107 }
    New ctrl vector for $pmux cell $flatten\PANTALLA0.\ws2812_LED00.\control_wLED00.$procmux$2111: { $flatten\PANTALLA0.\ws2812_LED00.\control_wLED00.$procmux$2079_CMP $auto$opt_reduce.cc:134:opt_pmux$3109 }
    New ctrl vector for $pmux cell $flatten\PANTALLA0.\ws2812_LED00.\control_wLED00.$procmux$2123: { $flatten\PANTALLA0.\ws2812_LED00.\control_wLED00.$procmux$2069_CMP $auto$opt_reduce.cc:134:opt_pmux$3111 }
    New ctrl vector for $pmux cell $flatten\PANTALLA0.\ws2812_LED00.\control_wLED00.$procmux$2135: { $auto$opt_reduce.cc:134:opt_pmux$3113 $flatten\PANTALLA0.\ws2812_LED00.\control_wLED00.$procmux$2088_CMP }
    New ctrl vector for $pmux cell $flatten\PANTALLA0.\ws2812_LED00.\ws2812.\control_ws.$procmux$1910: { $flatten\PANTALLA0.\ws2812_LED00.\ws2812.\control_ws.$procmux$1936_CMP $flatten\PANTALLA0.\ws2812_LED00.\ws2812.\control_ws.$procmux$1932_CMP $auto$opt_reduce.cc:134:opt_pmux$3115 $flatten\PANTALLA0.\ws2812_LED00.\ws2812.\control_ws.$procmux$1921_CMP $flatten\PANTALLA0.\ws2812_LED00.\ws2812.\control_ws.$procmux$1920_CMP $flatten\PANTALLA0.\ws2812_LED00.\ws2812.\control_ws.$procmux$1916_CMP $flatten\PANTALLA0.\ws2812_LED00.\ws2812.\control_ws.$procmux$1912_CMP $flatten\PANTALLA0.\ws2812_LED00.\ws2812.\control_ws.$procmux$1911_CMP }
    New ctrl vector for $pmux cell $flatten\PANTALLA0.\ws2812_LED00.\ws2812.\control_ws.$procmux$1944: { $flatten\PANTALLA0.\ws2812_LED00.\ws2812.\control_ws.$procmux$1923_CMP $flatten\PANTALLA0.\ws2812_LED00.\ws2812.\control_ws.$procmux$1921_CMP $auto$opt_reduce.cc:134:opt_pmux$3119 $auto$opt_reduce.cc:134:opt_pmux$3117 }
    New ctrl vector for $pmux cell $flatten\PANTALLA0.\ws2812_LED00.\ws2812.\control_ws.$procmux$1957: { $auto$opt_reduce.cc:134:opt_pmux$3123 $auto$opt_reduce.cc:134:opt_pmux$3121 }
    New ctrl vector for $pmux cell $flatten\PANTALLA0.\ws2812_LED00.\ws2812.\control_ws.$procmux$1972: { $auto$opt_reduce.cc:134:opt_pmux$3127 $auto$opt_reduce.cc:134:opt_pmux$3125 }
    New ctrl vector for $pmux cell $flatten\PANTALLA0.\ws2812_LED00.\ws2812.\control_ws.$procmux$1987: { $auto$opt_reduce.cc:134:opt_pmux$3129 $flatten\PANTALLA0.\ws2812_LED00.\ws2812.\control_ws.$procmux$1945_CMP }
    New ctrl vector for $pmux cell $flatten\PANTALLA0.\ws2812_LED00.\ws2812.\control_ws.$procmux$2002: { $flatten\PANTALLA0.\ws2812_LED00.\ws2812.\control_ws.$procmux$1936_CMP $auto$opt_reduce.cc:134:opt_pmux$3131 }
    New ctrl vector for $pmux cell $flatten\mc0.$procmux$2889: $auto$opt_reduce.cc:134:opt_pmux$3133
    New ctrl vector for $pmux cell $flatten\mc0.$procmux$2898: $auto$opt_reduce.cc:134:opt_pmux$3135
    New ctrl vector for $pmux cell $flatten\mc0.$procmux$2916: { $flatten\mc0.$procmux$2911_CMP $flatten\mc0.$procmux$2931_CMP $flatten\mc0.$procmux$2924_CMP $auto$opt_reduce.cc:134:opt_pmux$3137 $flatten\mc0.$procmux$2882_CMP $flatten\mc0.$procmux$2875_CMP }
  Optimizing cells in module \top.
Performed a total of 17 changes.

24.12.5. Executing OPT_MERGE pass (detect identical cells).
Finding identical cells in module `\top'.
Removed a total of 6 cells.

24.12.6. Executing OPT_DFF pass (perform DFF optimizations).

24.12.7. Executing OPT_CLEAN pass (remove unused cells and wires).
Finding unused cells or wires in module \top..
Removed 0 unused cells and 1265 unused wires.

24.12.8. Executing OPT_EXPR pass (perform const folding).
Optimizing module top.

24.12.9. Rerunning OPT passes. (Maybe there is more to do..)

24.12.10. Executing OPT_MUXTREE pass (detect dead branches in mux trees).
Running muxtree optimizer on module \top..
  Creating internal representation of mux trees.
  Evaluating internal representation of mux trees.
  Analyzing evaluation results.
Removed 0 multiplexer ports.

24.12.11. Executing OPT_REDUCE pass (consolidate $*mux and $reduce_* inputs).
  Optimizing cells in module \top.
Performed a total of 0 changes.

24.12.12. Executing OPT_MERGE pass (detect identical cells).
Finding identical cells in module `\top'.
Removed a total of 0 cells.

24.12.13. Executing OPT_DFF pass (perform DFF optimizations).

24.12.14. Executing OPT_CLEAN pass (remove unused cells and wires).
Finding unused cells or wires in module \top..

24.12.15. Executing OPT_EXPR pass (perform const folding).
Optimizing module top.

24.12.16. Finished OPT passes. (There is nothing left to do.)

24.13. Executing FSM pass (extract and optimize FSM).

24.13.1. Executing FSM_DETECT pass (finding FSMs in design).
Found FSM state register top.PANTALLA0.control_wLED00.state.
Found FSM state register top.PANTALLA0.ws2812_LED00.control_wLED00.state.
Not marking top.PANTALLA0.ws2812_LED00.ws2812.control_ws.SEL_TIM as FSM state register:
    Register has an initialization value.
Found FSM state register top.PANTALLA0.ws2812_LED00.ws2812.control_ws.state.
Not marking top.PANTALLA0.ws2812_LED00.ws2812.multiplexor00.out as FSM state register:
    Users of register don't seem to benefit from recoding.
Not marking top.mc0.estado as FSM state register:
    Register has an initialization value.

24.13.2. Executing FSM_EXTRACT pass (extracting FSM from design).
Extracting FSM `\PANTALLA0.control_wLED00.state' from module `\top'.
  found $dff cell for state register: $flatten\PANTALLA0.\control_wLED00.$procdff$2983
  root of input selection tree: $flatten\PANTALLA0.\control_wLED00.$0\state[3:0]
  found reset state: 4'0000 (guessed from mux tree)
  found ctrl input: \reset
  found state code: 4'0000
  found ctrl input: $flatten\PANTALLA0.\control_wLED00.$procmux$2172_CMP
  found ctrl input: $flatten\PANTALLA0.\control_wLED00.$procmux$2173_CMP
  found ctrl input: $flatten\PANTALLA0.\control_wLED00.$procmux$2177_CMP
  found ctrl input: $flatten\PANTALLA0.\control_wLED00.$procmux$2178_CMP
  found ctrl input: $flatten\PANTALLA0.\control_wLED00.$procmux$2179_CMP
  found ctrl input: $flatten\PANTALLA0.\control_wLED00.$procmux$2183_CMP
  found ctrl input: \PANTALLA0.shiftLED00.z
  found state code: 4'0001
  found state code: 4'0110
  found state code: 4'0101
  found ctrl input: \PANTALLA0.ws2812_LED00.control_wLED00.DONE
  found state code: 4'0011
  found state code: 4'0100
  found state code: 4'0010
  found ctrl input: \init_trigger
  found ctrl output: $flatten\PANTALLA0.\control_wLED00.$procmux$2172_CMP
  found ctrl output: $flatten\PANTALLA0.\control_wLED00.$procmux$2173_CMP
  found ctrl output: $flatten\PANTALLA0.\control_wLED00.$procmux$2177_CMP
  found ctrl output: $flatten\PANTALLA0.\control_wLED00.$procmux$2178_CMP
  found ctrl output: $flatten\PANTALLA0.\control_wLED00.$procmux$2179_CMP
  found ctrl output: $flatten\PANTALLA0.\control_wLED00.$procmux$2183_CMP
  found ctrl output: $flatten\PANTALLA0.\control_wLED00.$procmux$2192_CMP
  ctrl inputs: { \PANTALLA0.ws2812_LED00.control_wLED00.DONE \PANTALLA0.shiftLED00.z \init_trigger \reset }
  ctrl outputs: { $flatten\PANTALLA0.\control_wLED00.$procmux$2192_CMP $flatten\PANTALLA0.\control_wLED00.$procmux$2183_CMP $flatten\PANTALLA0.\control_wLED00.$procmux$2179_CMP $flatten\PANTALLA0.\control_wLED00.$procmux$2178_CMP $flatten\PANTALLA0.\control_wLED00.$procmux$2177_CMP $flatten\PANTALLA0.\control_wLED00.$procmux$2173_CMP $flatten\PANTALLA0.\control_wLED00.$procmux$2172_CMP $flatten\PANTALLA0.\control_wLED00.$0\state[3:0] }
  transition:     4'0000 4'---0 ->     4'0000 11'01000000000
  transition:     4'0000 4'--01 ->     4'0000 11'01000000000
  transition:     4'0000 4'--11 ->     4'0001 11'01000000001
  transition:     4'0100 4'---0 ->     4'0000 11'00000100000
  transition:     4'0100 4'---1 ->     4'0101 11'00000100101
  transition:     4'0010 4'---0 ->     4'0000 11'00010000000
  transition:     4'0010 4'---1 ->     4'0011 11'00010000011
  transition:     4'0110 4'---0 ->     4'0000 11'10000000000
  transition:     4'0110 4'---1 ->     4'0000 11'10000000000
  transition:     4'0001 4'---0 ->     4'0000 11'00100000000
  transition:     4'0001 4'---1 ->     4'0010 11'00100000010
  transition:     4'0101 4'---0 ->     4'0000 11'00000010000
  transition:     4'0101 4'-0-1 ->     4'0001 11'00000010001
  transition:     4'0101 4'-1-1 ->     4'0110 11'00000010110
  transition:     4'0011 4'---0 ->     4'0000 11'00001000000
  transition:     4'0011 4'0--1 ->     4'0011 11'00001000011
  transition:     4'0011 4'1--1 ->     4'0100 11'00001000100
Extracting FSM `\PANTALLA0.ws2812_LED00.control_wLED00.state' from module `\top'.
  found $dff cell for state register: $flatten\PANTALLA0.\ws2812_LED00.\control_wLED00.$procdff$2971
  root of input selection tree: $flatten\PANTALLA0.\ws2812_LED00.\control_wLED00.$0\state[3:0]
  found reset state: 4'0000 (guessed from mux tree)
  found ctrl input: \reset
  found state code: 4'0000
  found ctrl input: $flatten\PANTALLA0.\ws2812_LED00.\control_wLED00.$procmux$2068_CMP
  found ctrl input: $flatten\PANTALLA0.\ws2812_LED00.\control_wLED00.$procmux$2069_CMP
  found ctrl input: $flatten\PANTALLA0.\ws2812_LED00.\control_wLED00.$procmux$2073_CMP
  found ctrl input: $flatten\PANTALLA0.\ws2812_LED00.\control_wLED00.$procmux$2074_CMP
  found ctrl input: $flatten\PANTALLA0.\ws2812_LED00.\control_wLED00.$procmux$2075_CMP
  found ctrl input: $flatten\PANTALLA0.\ws2812_LED00.\control_wLED00.$procmux$2079_CMP
  found ctrl input: \PANTALLA0.ws2812_LED00.countLED00.z
  found state code: 4'0001
  found state code: 4'0110
  found state code: 4'0101
  found ctrl input: \PANTALLA0.ws2812_LED00.ws2812.control_ws.done
  found state code: 4'0011
  found state code: 4'0100
  found state code: 4'0010
  found ctrl input: \PANTALLA0.control_wLED00.INIT_LED
  found ctrl output: $flatten\PANTALLA0.\ws2812_LED00.\control_wLED00.$procmux$2088_CMP
  found ctrl output: $flatten\PANTALLA0.\ws2812_LED00.\control_wLED00.$procmux$2079_CMP
  found ctrl output: $flatten\PANTALLA0.\ws2812_LED00.\control_wLED00.$procmux$2075_CMP
  found ctrl output: $flatten\PANTALLA0.\ws2812_LED00.\control_wLED00.$procmux$2074_CMP
  found ctrl output: $flatten\PANTALLA0.\ws2812_LED00.\control_wLED00.$procmux$2073_CMP
  found ctrl output: $flatten\PANTALLA0.\ws2812_LED00.\control_wLED00.$procmux$2069_CMP
  found ctrl output: $flatten\PANTALLA0.\ws2812_LED00.\control_wLED00.$procmux$2068_CMP
  ctrl inputs: { \PANTALLA0.ws2812_LED00.countLED00.z \PANTALLA0.ws2812_LED00.ws2812.control_ws.done \PANTALLA0.control_wLED00.INIT_LED \reset }
  ctrl outputs: { $flatten\PANTALLA0.\ws2812_LED00.\control_wLED00.$0\state[3:0] $flatten\PANTALLA0.\ws2812_LED00.\control_wLED00.$procmux$2068_CMP $flatten\PANTALLA0.\ws2812_LED00.\control_wLED00.$procmux$2069_CMP $flatten\PANTALLA0.\ws2812_LED00.\control_wLED00.$procmux$2073_CMP $flatten\PANTALLA0.\ws2812_LED00.\control_wLED00.$procmux$2074_CMP $flatten\PANTALLA0.\ws2812_LED00.\control_wLED00.$procmux$2075_CMP $flatten\PANTALLA0.\ws2812_LED00.\control_wLED00.$procmux$2079_CMP $flatten\PANTALLA0.\ws2812_LED00.\control_wLED00.$procmux$2088_CMP }
  transition:     4'0000 4'---0 ->     4'0000 11'00000000010
  transition:     4'0000 4'--01 ->     4'0000 11'00000000010
  transition:     4'0000 4'--11 ->     4'0001 11'00010000010
  transition:     4'0100 4'---0 ->     4'0000 11'00000100000
  transition:     4'0100 4'---1 ->     4'0101 11'01010100000
  transition:     4'0010 4'---0 ->     4'0000 11'00000001000
  transition:     4'0010 4'---1 ->     4'0011 11'00110001000
  transition:     4'0110 4'---0 ->     4'0000 11'00000000001
  transition:     4'0110 4'---1 ->     4'0000 11'00000000001
  transition:     4'0001 4'---0 ->     4'0000 11'00000000100
  transition:     4'0001 4'---1 ->     4'0010 11'00100000100
  transition:     4'0101 4'---0 ->     4'0000 11'00001000000
  transition:     4'0101 4'0--1 ->     4'0001 11'00011000000
  transition:     4'0101 4'1--1 ->     4'0110 11'01101000000
  transition:     4'0011 4'---0 ->     4'0000 11'00000010000
  transition:     4'0011 4'-0-1 ->     4'0011 11'00110010000
  transition:     4'0011 4'-1-1 ->     4'0100 11'01000010000
Extracting FSM `\PANTALLA0.ws2812_LED00.ws2812.control_ws.state' from module `\top'.
  found $dff cell for state register: $flatten\PANTALLA0.\ws2812_LED00.\ws2812.\control_ws.$procdff$2965
  root of input selection tree: $flatten\PANTALLA0.\ws2812_LED00.\ws2812.\control_ws.$0\state[3:0]
  found reset state: 4'0000 (guessed from mux tree)
  found ctrl input: \reset
  found state code: 4'0000
  found ctrl input: $flatten\PANTALLA0.\ws2812_LED00.\ws2812.\control_ws.$procmux$1911_CMP
  found ctrl input: $flatten\PANTALLA0.\ws2812_LED00.\ws2812.\control_ws.$procmux$1912_CMP
  found ctrl input: $flatten\PANTALLA0.\ws2812_LED00.\ws2812.\control_ws.$procmux$1916_CMP
  found ctrl input: $flatten\PANTALLA0.\ws2812_LED00.\ws2812.\control_ws.$procmux$1920_CMP
  found ctrl input: $flatten\PANTALLA0.\ws2812_LED00.\ws2812.\control_ws.$procmux$1921_CMP
  found ctrl input: $auto$opt_reduce.cc:134:opt_pmux$3115
  found ctrl input: $flatten\PANTALLA0.\ws2812_LED00.\ws2812.\control_ws.$procmux$1932_CMP
  found ctrl input: $flatten\PANTALLA0.\ws2812_LED00.\ws2812.\control_ws.$procmux$1936_CMP
  found ctrl input: \PANTALLA0.ws2812_LED00.ws2812.comp_ws00.z
  found state code: 4'0111
  found state code: 4'1001
  found state code: 4'0101
  found state code: 4'0110
  found state code: 4'1000
  found ctrl input: \PANTALLA0.ws2812_LED00.shiftLED00.o_RGB [23]
  found ctrl input: $flatten\PANTALLA0.\ws2812_LED00.\ws2812.\control_ws.$eq$control_ws.v:70$1852_Y
  found state code: 4'0011
  found state code: 4'0100
  found ctrl input: \PANTALLA0.ws2812_LED00.control_wLED00.INIT_T
  found state code: 4'0001
  found ctrl output: $flatten\PANTALLA0.\ws2812_LED00.\ws2812.\control_ws.$procmux$1911_CMP
  found ctrl output: $flatten\PANTALLA0.\ws2812_LED00.\ws2812.\control_ws.$procmux$1912_CMP
  found ctrl output: $flatten\PANTALLA0.\ws2812_LED00.\ws2812.\control_ws.$procmux$1916_CMP
  found ctrl output: $flatten\PANTALLA0.\ws2812_LED00.\ws2812.\control_ws.$procmux$1920_CMP
  found ctrl output: $flatten\PANTALLA0.\ws2812_LED00.\ws2812.\control_ws.$procmux$1921_CMP
  found ctrl output: $flatten\PANTALLA0.\ws2812_LED00.\ws2812.\control_ws.$procmux$1922_CMP
  found ctrl output: $flatten\PANTALLA0.\ws2812_LED00.\ws2812.\control_ws.$procmux$1923_CMP
  found ctrl output: $flatten\PANTALLA0.\ws2812_LED00.\ws2812.\control_ws.$procmux$1932_CMP
  found ctrl output: $flatten\PANTALLA0.\ws2812_LED00.\ws2812.\control_ws.$procmux$1936_CMP
  found ctrl output: $flatten\PANTALLA0.\ws2812_LED00.\ws2812.\control_ws.$procmux$1945_CMP
  ctrl inputs: { \PANTALLA0.ws2812_LED00.control_wLED00.INIT_T \PANTALLA0.ws2812_LED00.shiftLED00.o_RGB [23] \PANTALLA0.ws2812_LED00.ws2812.comp_ws00.z $flatten\PANTALLA0.\ws2812_LED00.\ws2812.\control_ws.$eq$control_ws.v:70$1852_Y $auto$opt_reduce.cc:134:opt_pmux$3115 \reset }
  ctrl outputs: { $flatten\PANTALLA0.\ws2812_LED00.\ws2812.\control_ws.$procmux$1945_CMP $flatten\PANTALLA0.\ws2812_LED00.\ws2812.\control_ws.$procmux$1936_CMP $flatten\PANTALLA0.\ws2812_LED00.\ws2812.\control_ws.$procmux$1932_CMP $flatten\PANTALLA0.\ws2812_LED00.\ws2812.\control_ws.$procmux$1923_CMP $flatten\PANTALLA0.\ws2812_LED00.\ws2812.\control_ws.$procmux$1922_CMP $flatten\PANTALLA0.\ws2812_LED00.\ws2812.\control_ws.$procmux$1921_CMP $flatten\PANTALLA0.\ws2812_LED00.\ws2812.\control_ws.$procmux$1920_CMP $flatten\PANTALLA0.\ws2812_LED00.\ws2812.\control_ws.$procmux$1916_CMP $flatten\PANTALLA0.\ws2812_LED00.\ws2812.\control_ws.$procmux$1912_CMP $flatten\PANTALLA0.\ws2812_LED00.\ws2812.\control_ws.$procmux$1911_CMP $flatten\PANTALLA0.\ws2812_LED00.\ws2812.\control_ws.$0\state[3:0] }
  transition:     4'0000 6'-----0 ->     4'0000 14'01000000000000
  transition:     4'0000 6'0----1 ->     4'0000 14'01000000000000
  transition:     4'0000 6'1----1 ->     4'0001 14'01000000000001
  transition:     4'1000 6'-----0 ->     4'0000 14'00000000100000
  transition:     4'1000 6'-----1 ->     4'0111 14'00000000100111
  transition:     4'0100 6'-----0 ->     4'0000 14'00010000000000
  transition:     4'0100 6'-----1 ->     4'0110 14'00010000000110
  transition:     4'0110 6'-----0 ->     4'0000 14'00000010000000
  transition:     4'0110 6'--0--1 ->     4'0110 14'00000010000110
  transition:     4'0110 6'--1--1 ->     4'1000 14'00000010001000
  transition:     4'0001 6'-----0 ->     4'0000 14'00100000000000
  transition:     4'0001 6'-0---1 ->     4'0011 14'00100000000011
  transition:     4'0001 6'-1---1 ->     4'0100 14'00100000000100
  transition:     4'1001 6'-----0 ->     4'0000 14'10000000000000
  transition:     4'1001 6'-----1 ->     4'0000 14'10000000000000
  transition:     4'0101 6'-----0 ->     4'0000 14'00000001000000
  transition:     4'0101 6'--0--1 ->     4'0101 14'00000001000101
  transition:     4'0101 6'--1--1 ->     4'1001 14'00000001001001
  transition:     4'0011 6'-----0 ->     4'0000 14'00001000000000
  transition:     4'0011 6'-----1 ->     4'0110 14'00001000000110
  transition:     4'0111 6'-----0 ->     4'0000 14'00000000010000
  transition:     4'0111 6'--0--1 ->     4'0111 14'00000000010111
  transition:     4'0111 6'--1--1 ->     4'1001 14'00000000011001

24.13.3. Executing FSM_OPT pass (simple optimizations of FSMs).
Optimizing FSM `$fsm$\PANTALLA0.ws2812_LED00.ws2812.control_ws.state$3156' from module `\top'.
  Merging pattern 6'-----0 and 6'-----1 from group (5 0 14'10000000000000).
  Merging pattern 6'-----1 and 6'-----0 from group (5 0 14'10000000000000).
  Removing unused input signal $flatten\PANTALLA0.\ws2812_LED00.\ws2812.\control_ws.$eq$control_ws.v:70$1852_Y.
  Removing unused input signal $auto$opt_reduce.cc:134:opt_pmux$3115.
Optimizing FSM `$fsm$\PANTALLA0.ws2812_LED00.control_wLED00.state$3147' from module `\top'.
  Merging pattern 4'---0 and 4'---1 from group (3 0 11'00000000001).
  Merging pattern 4'---1 and 4'---0 from group (3 0 11'00000000001).
Optimizing FSM `$fsm$\PANTALLA0.control_wLED00.state$3138' from module `\top'.
  Merging pattern 4'---0 and 4'---1 from group (3 0 11'10000000000).
  Merging pattern 4'---1 and 4'---0 from group (3 0 11'10000000000).

24.13.4. Executing OPT_CLEAN pass (remove unused cells and wires).
Finding unused cells or wires in module \top..
Removed 47 unused cells and 47 unused wires.

24.13.5. Executing FSM_OPT pass (simple optimizations of FSMs).
Optimizing FSM `$fsm$\PANTALLA0.control_wLED00.state$3138' from module `\top'.
  Removing unused output signal $flatten\PANTALLA0.\control_wLED00.$0\state[3:0] [0].
  Removing unused output signal $flatten\PANTALLA0.\control_wLED00.$0\state[3:0] [1].
  Removing unused output signal $flatten\PANTALLA0.\control_wLED00.$0\state[3:0] [2].
  Removing unused output signal $flatten\PANTALLA0.\control_wLED00.$0\state[3:0] [3].
Optimizing FSM `$fsm$\PANTALLA0.ws2812_LED00.control_wLED00.state$3147' from module `\top'.
  Removing unused output signal $flatten\PANTALLA0.\ws2812_LED00.\control_wLED00.$0\state[3:0] [0].
  Removing unused output signal $flatten\PANTALLA0.\ws2812_LED00.\control_wLED00.$0\state[3:0] [1].
  Removing unused output signal $flatten\PANTALLA0.\ws2812_LED00.\control_wLED00.$0\state[3:0] [2].
  Removing unused output signal $flatten\PANTALLA0.\ws2812_LED00.\control_wLED00.$0\state[3:0] [3].
Optimizing FSM `$fsm$\PANTALLA0.ws2812_LED00.ws2812.control_ws.state$3156' from module `\top'.
  Removing unused output signal $flatten\PANTALLA0.\ws2812_LED00.\ws2812.\control_ws.$0\state[3:0] [0].
  Removing unused output signal $flatten\PANTALLA0.\ws2812_LED00.\ws2812.\control_ws.$0\state[3:0] [1].
  Removing unused output signal $flatten\PANTALLA0.\ws2812_LED00.\ws2812.\control_ws.$0\state[3:0] [2].
  Removing unused output signal $flatten\PANTALLA0.\ws2812_LED00.\ws2812.\control_ws.$0\state[3:0] [3].

24.13.6. Executing FSM_RECODE pass (re-assigning FSM state encoding).
Recoding FSM `$fsm$\PANTALLA0.control_wLED00.state$3138' from module `\top' using `auto' encoding:
  mapping auto encoding to `one-hot` for this FSM.
  0000 -> ------1
  0100 -> -----1-
  0010 -> ----1--
  0110 -> ---1---
  0001 -> --1----
  0101 -> -1-----
  0011 -> 1------
Recoding FSM `$fsm$\PANTALLA0.ws2812_LED00.control_wLED00.state$3147' from module `\top' using `auto' encoding:
  mapping auto encoding to `one-hot` for this FSM.
  0000 -> ------1
  0100 -> -----1-
  0010 -> ----1--
  0110 -> ---1---
  0001 -> --1----
  0101 -> -1-----
  0011 -> 1------
Recoding FSM `$fsm$\PANTALLA0.ws2812_LED00.ws2812.control_ws.state$3156' from module `\top' using `auto' encoding:
  mapping auto encoding to `one-hot` for this FSM.
  0000 -> --------1
  1000 -> -------1-
  0100 -> ------1--
  0110 -> -----1---
  0001 -> ----1----
  1001 -> ---1-----
  0101 -> --1------
  0011 -> -1-------
  0111 -> 1--------

24.13.7. Executing FSM_INFO pass (dumping all available information on FSM cells).

FSM `$fsm$\PANTALLA0.control_wLED00.state$3138' from module `top':
-------------------------------------

  Information on FSM $fsm$\PANTALLA0.control_wLED00.state$3138 (\PANTALLA0.control_wLED00.state):

  Number of input signals:    4
  Number of output signals:   7
  Number of state bits:       7

  Input signals:
    0: \reset
    1: \init_trigger
    2: \PANTALLA0.shiftLED00.z
    3: \PANTALLA0.ws2812_LED00.control_wLED00.DONE

  Output signals:
    0: $flatten\PANTALLA0.\control_wLED00.$procmux$2172_CMP
    1: $flatten\PANTALLA0.\control_wLED00.$procmux$2173_CMP
    2: $flatten\PANTALLA0.\control_wLED00.$procmux$2177_CMP
    3: $flatten\PANTALLA0.\control_wLED00.$procmux$2178_CMP
    4: $flatten\PANTALLA0.\control_wLED00.$procmux$2179_CMP
    5: $flatten\PANTALLA0.\control_wLED00.$procmux$2183_CMP
    6: $flatten\PANTALLA0.\control_wLED00.$procmux$2192_CMP

  State encoding:
    0:  7'------1  <RESET STATE>
    1:  7'-----1-
    2:  7'----1--
    3:  7'---1---
    4:  7'--1----
    5:  7'-1-----
    6:  7'1------

  Transition Table (state_in, ctrl_in, state_out, ctrl_out):
      0:     0 4'---0   ->     0 7'0100000
      1:     0 4'--01   ->     0 7'0100000
      2:     0 4'--11   ->     4 7'0100000
      3:     1 4'---0   ->     0 7'0000010
      4:     1 4'---1   ->     5 7'0000010
      5:     2 4'---0   ->     0 7'0001000
      6:     2 4'---1   ->     6 7'0001000
      7:     3 4'----   ->     0 7'1000000
      8:     4 4'---0   ->     0 7'0010000
      9:     4 4'---1   ->     2 7'0010000
     10:     5 4'---0   ->     0 7'0000001
     11:     5 4'-1-1   ->     3 7'0000001
     12:     5 4'-0-1   ->     4 7'0000001
     13:     6 4'---0   ->     0 7'0000100
     14:     6 4'1--1   ->     1 7'0000100
     15:     6 4'0--1   ->     6 7'0000100

-------------------------------------

FSM `$fsm$\PANTALLA0.ws2812_LED00.control_wLED00.state$3147' from module `top':
-------------------------------------

  Information on FSM $fsm$\PANTALLA0.ws2812_LED00.control_wLED00.state$3147 (\PANTALLA0.ws2812_LED00.control_wLED00.state):

  Number of input signals:    4
  Number of output signals:   7
  Number of state bits:       7

  Input signals:
    0: \reset
    1: \PANTALLA0.control_wLED00.INIT_LED
    2: \PANTALLA0.ws2812_LED00.ws2812.control_ws.done
    3: \PANTALLA0.ws2812_LED00.countLED00.z

  Output signals:
    0: $flatten\PANTALLA0.\ws2812_LED00.\control_wLED00.$procmux$2088_CMP
    1: $flatten\PANTALLA0.\ws2812_LED00.\control_wLED00.$procmux$2079_CMP
    2: $flatten\PANTALLA0.\ws2812_LED00.\control_wLED00.$procmux$2075_CMP
    3: $flatten\PANTALLA0.\ws2812_LED00.\control_wLED00.$procmux$2074_CMP
    4: $flatten\PANTALLA0.\ws2812_LED00.\control_wLED00.$procmux$2073_CMP
    5: $flatten\PANTALLA0.\ws2812_LED00.\control_wLED00.$procmux$2069_CMP
    6: $flatten\PANTALLA0.\ws2812_LED00.\control_wLED00.$procmux$2068_CMP

  State encoding:
    0:  7'------1  <RESET STATE>
    1:  7'-----1-
    2:  7'----1--
    3:  7'---1---
    4:  7'--1----
    5:  7'-1-----
    6:  7'1------

  Transition Table (state_in, ctrl_in, state_out, ctrl_out):
      0:     0 4'---0   ->     0 7'0000010
      1:     0 4'--01   ->     0 7'0000010
      2:     0 4'--11   ->     4 7'0000010
      3:     1 4'---0   ->     0 7'0100000
      4:     1 4'---1   ->     5 7'0100000
      5:     2 4'---0   ->     0 7'0001000
      6:     2 4'---1   ->     6 7'0001000
      7:     3 4'----   ->     0 7'0000001
      8:     4 4'---0   ->     0 7'0000100
      9:     4 4'---1   ->     2 7'0000100
     10:     5 4'---0   ->     0 7'1000000
     11:     5 4'1--1   ->     3 7'1000000
     12:     5 4'0--1   ->     4 7'1000000
     13:     6 4'---0   ->     0 7'0010000
     14:     6 4'-1-1   ->     1 7'0010000
     15:     6 4'-0-1   ->     6 7'0010000

-------------------------------------

FSM `$fsm$\PANTALLA0.ws2812_LED00.ws2812.control_ws.state$3156' from module `top':
-------------------------------------

  Information on FSM $fsm$\PANTALLA0.ws2812_LED00.ws2812.control_ws.state$3156 (\PANTALLA0.ws2812_LED00.ws2812.control_ws.state):

  Number of input signals:    4
  Number of output signals:  10
  Number of state bits:       9

  Input signals:
    0: \reset
    1: \PANTALLA0.ws2812_LED00.ws2812.comp_ws00.z
    2: \PANTALLA0.ws2812_LED00.shiftLED00.o_RGB [23]
    3: \PANTALLA0.ws2812_LED00.control_wLED00.INIT_T

  Output signals:
    0: $flatten\PANTALLA0.\ws2812_LED00.\ws2812.\control_ws.$procmux$1911_CMP
    1: $flatten\PANTALLA0.\ws2812_LED00.\ws2812.\control_ws.$procmux$1912_CMP
    2: $flatten\PANTALLA0.\ws2812_LED00.\ws2812.\control_ws.$procmux$1916_CMP
    3: $flatten\PANTALLA0.\ws2812_LED00.\ws2812.\control_ws.$procmux$1920_CMP
    4: $flatten\PANTALLA0.\ws2812_LED00.\ws2812.\control_ws.$procmux$1921_CMP
    5: $flatten\PANTALLA0.\ws2812_LED00.\ws2812.\control_ws.$procmux$1922_CMP
    6: $flatten\PANTALLA0.\ws2812_LED00.\ws2812.\control_ws.$procmux$1923_CMP
    7: $flatten\PANTALLA0.\ws2812_LED00.\ws2812.\control_ws.$procmux$1932_CMP
    8: $flatten\PANTALLA0.\ws2812_LED00.\ws2812.\control_ws.$procmux$1936_CMP
    9: $flatten\PANTALLA0.\ws2812_LED00.\ws2812.\control_ws.$procmux$1945_CMP

  State encoding:
    0: 9'--------1  <RESET STATE>
    1: 9'-------1-
    2: 9'------1--
    3: 9'-----1---
    4: 9'----1----
    5: 9'---1-----
    6: 9'--1------
    7: 9'-1-------
    8: 9'1--------

  Transition Table (state_in, ctrl_in, state_out, ctrl_out):
      0:     0 4'---0   ->     0 10'0100000000
      1:     0 4'0--1   ->     0 10'0100000000
      2:     0 4'1--1   ->     4 10'0100000000
      3:     1 4'---0   ->     0 10'0000000010
      4:     1 4'---1   ->     8 10'0000000010
      5:     2 4'---0   ->     0 10'0001000000
      6:     2 4'---1   ->     3 10'0001000000
      7:     3 4'---0   ->     0 10'0000001000
      8:     3 4'--11   ->     1 10'0000001000
      9:     3 4'--01   ->     3 10'0000001000
     10:     4 4'---0   ->     0 10'0010000000
     11:     4 4'-1-1   ->     2 10'0010000000
     12:     4 4'-0-1   ->     7 10'0010000000
     13:     5 4'----   ->     0 10'1000000000
     14:     6 4'---0   ->     0 10'0000000100
     15:     6 4'--11   ->     5 10'0000000100
     16:     6 4'--01   ->     6 10'0000000100
     17:     7 4'---0   ->     0 10'0000100000
     18:     7 4'---1   ->     3 10'0000100000
     19:     8 4'---0   ->     0 10'0000000001
     20:     8 4'--11   ->     5 10'0000000001
     21:     8 4'--01   ->     8 10'0000000001

-------------------------------------

24.13.8. Executing FSM_MAP pass (mapping FSMs to basic logic).
Mapping FSM `$fsm$\PANTALLA0.control_wLED00.state$3138' from module `\top'.
Mapping FSM `$fsm$\PANTALLA0.ws2812_LED00.control_wLED00.state$3147' from module `\top'.
Mapping FSM `$fsm$\PANTALLA0.ws2812_LED00.ws2812.control_ws.state$3156' from module `\top'.

24.14. Executing OPT pass (performing simple optimizations).

24.14.1. Executing OPT_EXPR pass (perform const folding).
Optimizing module top.

24.14.2. Executing OPT_MERGE pass (detect identical cells).
Finding identical cells in module `\top'.
Removed a total of 5 cells.

24.14.3. Executing OPT_MUXTREE pass (detect dead branches in mux trees).
Running muxtree optimizer on module \top..
  Creating internal representation of mux trees.
  Evaluating internal representation of mux trees.
  Analyzing evaluation results.
    dead port 3/5 on $pmux $flatten\PANTALLA0.\ws2812_LED00.\ws2812.\control_ws.$procmux$1944.
Removed 1 multiplexer ports.

24.14.4. Executing OPT_REDUCE pass (consolidate $*mux and $reduce_* inputs).
  Optimizing cells in module \top.
    New input vector for $reduce_or cell $auto$opt_reduce.cc:128:opt_pmux$3130: \PANTALLA0.ws2812_LED00.ws2812.control_ws.state [8:1]
    New input vector for $reduce_or cell $auto$opt_reduce.cc:128:opt_pmux$3128: { \PANTALLA0.ws2812_LED00.ws2812.control_ws.state [8:6] \PANTALLA0.ws2812_LED00.ws2812.control_ws.state [4:0] }
    New input vector for $reduce_or cell $auto$opt_reduce.cc:128:opt_pmux$3124: { \PANTALLA0.ws2812_LED00.ws2812.control_ws.state [8] \PANTALLA0.ws2812_LED00.ws2812.control_ws.state [6:4] \PANTALLA0.ws2812_LED00.ws2812.control_ws.state [1:0] }
    New input vector for $reduce_or cell $auto$opt_reduce.cc:128:opt_pmux$3122: { \PANTALLA0.ws2812_LED00.ws2812.control_ws.state [8:6] \PANTALLA0.ws2812_LED00.ws2812.control_ws.state [3:1] }
  Optimizing cells in module \top.
Performed a total of 4 changes.

24.14.5. Executing OPT_MERGE pass (detect identical cells).
Finding identical cells in module `\top'.
Removed a total of 0 cells.

24.14.6. Executing OPT_DFF pass (perform DFF optimizations).
Adding SRST signal on $procdff$3071 ($dff) from module top (D = $procmux$2940_Y, Q = \init_trigger, rval = 1'0).
Adding SRST signal on $procdff$3070 ($dff) from module top (D = $add$top.v:18$235_Y [19:0], Q = \delay, rval = 20'00000000000000000000).
Adding SRST signal on $flatten\mc0.$procdff$3069 ($dff) from module top (D = $flatten\mc0.$procmux$2916_Y, Q = \mc0.estado, rval = 3'000).
Adding EN signal on $auto$ff.cc:266:slice$3319 ($sdff) from module top (D = $flatten\mc0.$procmux$2916_Y, Q = \mc0.estado).
Adding SRST signal on $flatten\mc0.$procdff$3068 ($dff) from module top (D = $flatten\mc0.$procmux$2874_Y, Q = \mc0.lose, rval = 1'0).
Adding SRST signal on $flatten\mc0.$procdff$3067 ($dff) from module top (D = $flatten\mc0.$procmux$2881_Y, Q = \mc0.win, rval = 1'0).
Adding SRST signal on $flatten\mc0.$procdff$3066 ($dff) from module top (D = $flatten\mc0.$procmux$2910_Y, Q = \mc0.cal_mov_va, rval = 1'0).
Adding SRST signal on $flatten\mc0.$procdff$3064 ($dff) from module top (D = $flatten\mc0.$procmux$2889_Y, Q = \mc0.load_fc, rval = 1'0).
Adding SRST signal on $flatten\PANTALLA0.\ws2812_LED00.\ws2812.\multiplexor00.$procdff$2959 ($dff) from module top (D = $flatten\PANTALLA0.\ws2812_LED00.\ws2812.\multiplexor00.$procmux$1892_Y [9:8], Q = \PANTALLA0.ws2812_LED00.ws2812.multiplexor00.out [9:8], rval = 2'00).
Adding SRST signal on $flatten\PANTALLA0.\ws2812_LED00.\ws2812.\multiplexor00.$procdff$2959 ($dff) from module top (D = $flatten\PANTALLA0.\ws2812_LED00.\ws2812.\multiplexor00.$procmux$1894_Y [1], Q = \PANTALLA0.ws2812_LED00.ws2812.multiplexor00.out [1], rval = 1'1).
Adding SRST signal on $flatten\PANTALLA0.\ws2812_LED00.\ws2812.\multiplexor00.$procdff$2959 ($dff) from module top (D = { $flatten\PANTALLA0.\ws2812_LED00.\ws2812.\multiplexor00.$procmux$1896_Y [10] $flatten\PANTALLA0.\ws2812_LED00.\ws2812.\multiplexor00.$procmux$1896_Y [7:2] $flatten\PANTALLA0.\ws2812_LED00.\ws2812.\multiplexor00.$procmux$1896_Y [0] }, Q = { \PANTALLA0.ws2812_LED00.ws2812.multiplexor00.out [10] \PANTALLA0.ws2812_LED00.ws2812.multiplexor00.out [7:2] \PANTALLA0.ws2812_LED00.ws2812.multiplexor00.out [0] }, rval = 8'00001111).
Adding EN signal on $auto$ff.cc:266:slice$3339 ($sdff) from module top (D = { $flatten\PANTALLA0.\ws2812_LED00.\ws2812.\multiplexor00.$procmux$1896_Y [10] $flatten\PANTALLA0.\ws2812_LED00.\ws2812.\multiplexor00.$procmux$1896_Y [7:2] $flatten\PANTALLA0.\ws2812_LED00.\ws2812.\multiplexor00.$procmux$1896_Y [0] }, Q = { \PANTALLA0.ws2812_LED00.ws2812.multiplexor00.out [10] \PANTALLA0.ws2812_LED00.ws2812.multiplexor00.out [7:2] \PANTALLA0.ws2812_LED00.ws2812.multiplexor00.out [0] }).
Adding EN signal on $auto$ff.cc:266:slice$3336 ($sdff) from module top (D = $flatten\PANTALLA0.\ws2812_LED00.\ws2812.\multiplexor00.$procmux$1894_Y [1], Q = \PANTALLA0.ws2812_LED00.ws2812.multiplexor00.out [1]).
Adding EN signal on $auto$ff.cc:266:slice$3333 ($sdff) from module top (D = 2'00, Q = \PANTALLA0.ws2812_LED00.ws2812.multiplexor00.out [9:8]).
Adding SRST signal on $flatten\PANTALLA0.\ws2812_LED00.\ws2812.\count_ws00.$procdff$2960 ($dff) from module top (D = $flatten\PANTALLA0.\ws2812_LED00.\ws2812.\count_ws00.$procmux$1900_Y, Q = \PANTALLA0.ws2812_LED00.ws2812.count_ws00.count, rval = 11'00000000000).
Adding EN signal on $auto$ff.cc:266:slice$3347 ($sdff) from module top (D = $flatten\PANTALLA0.\ws2812_LED00.\ws2812.\count_ws00.$add$count_ws.v:12$1858_Y [10:0], Q = \PANTALLA0.ws2812_LED00.ws2812.count_ws00.count).
Adding EN signal on $flatten\PANTALLA0.\ws2812_LED00.\ws2812.\control_ws.$procdff$2966 ($dff) from module top (D = $flatten\PANTALLA0.\ws2812_LED00.\ws2812.\control_ws.$procmux$1944_Y, Q = \PANTALLA0.ws2812_LED00.ws2812.control_ws.SEL_TIM).
Adding EN signal on $flatten\PANTALLA0.\ws2812_LED00.\ws2812.\control_ws.$procdff$2964 ($dff) from module top (D = $flatten\PANTALLA0.\ws2812_LED00.\ws2812.\control_ws.$procmux$1957_Y, Q = \PANTALLA0.ws2812_LED00.ws2812.control_ws.inc).
Adding EN signal on $flatten\PANTALLA0.\ws2812_LED00.\ws2812.\control_ws.$procdff$2963 ($dff) from module top (D = $flatten\PANTALLA0.\ws2812_LED00.\ws2812.\control_ws.$procmux$1972_Y, Q = \PANTALLA0.ws2812_LED00.ws2812.control_ws.DOUT).
Adding EN signal on $flatten\PANTALLA0.\ws2812_LED00.\ws2812.\control_ws.$procdff$2962 ($dff) from module top (D = $flatten\PANTALLA0.\ws2812_LED00.\ws2812.\control_ws.$procmux$1987_Y, Q = \PANTALLA0.ws2812_LED00.ws2812.control_ws.done).
Adding EN signal on $flatten\PANTALLA0.\ws2812_LED00.\ws2812.\control_ws.$procdff$2961 ($dff) from module top (D = $flatten\PANTALLA0.\ws2812_LED00.\ws2812.\control_ws.$procmux$2002_Y, Q = \PANTALLA0.ws2812_LED00.ws2812.control_ws.reset).
Adding EN signal on $flatten\PANTALLA0.\ws2812_LED00.\shiftLED00.$procdff$2969 ($dff) from module top (D = $flatten\PANTALLA0.\ws2812_LED00.\shiftLED00.$0\o_RGB[23:0], Q = \PANTALLA0.ws2812_LED00.shiftLED00.o_RGB).
Adding SRST signal on $flatten\PANTALLA0.\ws2812_LED00.\countLED00.$procdff$2968 ($dff) from module top (D = $flatten\PANTALLA0.\ws2812_LED00.\countLED00.$procmux$2046_Y, Q = \PANTALLA0.ws2812_LED00.countLED00.count, rval = 6'010111).
Adding EN signal on $auto$ff.cc:266:slice$3377 ($sdff) from module top (D = $flatten\PANTALLA0.\ws2812_LED00.\countLED00.$sub$count_wsl.v:16$1839_Y [5:0], Q = \PANTALLA0.ws2812_LED00.countLED00.count).
Adding SRST signal on $flatten\PANTALLA0.\ws2812_LED00.\countLED00.$procdff$2967 ($dff) from module top (D = $flatten\PANTALLA0.\ws2812_LED00.\countLED00.$procmux$2051_Y, Q = \PANTALLA0.ws2812_LED00.countLED00.z, rval = 1'0).
Adding EN signal on $auto$ff.cc:266:slice$3379 ($sdff) from module top (D = 1'1, Q = \PANTALLA0.ws2812_LED00.countLED00.z).
Adding EN signal on $flatten\PANTALLA0.\ws2812_LED00.\control_wLED00.$procdff$2975 ($dff) from module top (D = $flatten\PANTALLA0.\ws2812_LED00.\control_wLED00.$procmux$2087_Y, Q = \PANTALLA0.ws2812_LED00.control_wLED00.INIT_T).
Adding EN signal on $flatten\PANTALLA0.\ws2812_LED00.\control_wLED00.$procdff$2974 ($dff) from module top (D = $flatten\PANTALLA0.\ws2812_LED00.\control_wLED00.$procmux$2099_Y, Q = \PANTALLA0.ws2812_LED00.control_wLED00.sh).
Adding EN signal on $flatten\PANTALLA0.\ws2812_LED00.\control_wLED00.$procdff$2973 ($dff) from module top (D = $flatten\PANTALLA0.\ws2812_LED00.\control_wLED00.$procmux$2111_Y, Q = \PANTALLA0.ws2812_LED00.control_wLED00.ld).
Adding EN signal on $flatten\PANTALLA0.\ws2812_LED00.\control_wLED00.$procdff$2972 ($dff) from module top (D = $flatten\PANTALLA0.\ws2812_LED00.\control_wLED00.$procmux$2123_Y, Q = \PANTALLA0.ws2812_LED00.control_wLED00.dec).
Adding EN signal on $flatten\PANTALLA0.\ws2812_LED00.\control_wLED00.$procdff$2970 ($dff) from module top (D = $flatten\PANTALLA0.\ws2812_LED00.\control_wLED00.$procmux$2135_Y, Q = \PANTALLA0.ws2812_LED00.control_wLED00.DONE).
Adding SRST signal on $flatten\PANTALLA0.\countLED00.$procdff$2977 ($dff) from module top (D = $flatten\PANTALLA0.\countLED00.$procmux$2158_Y, Q = \PANTALLA0.countLED00.addr, rval = 9'000000000).
Adding EN signal on $auto$ff.cc:266:slice$3406 ($sdff) from module top (D = $flatten\PANTALLA0.\countLED00.$add$count_arr.v:13$1823_Y [8:0], Q = \PANTALLA0.countLED00.addr).
Adding EN signal on $flatten\PANTALLA0.\control_wLED00.$procdff$2982 ($dff) from module top (D = $flatten\PANTALLA0.\control_wLED00.$procmux$2191_Y, Q = \PANTALLA0.control_wLED00.INIT_LED).
Adding EN signal on $flatten\PANTALLA0.\control_wLED00.$procdff$2981 ($dff) from module top (D = $flatten\PANTALLA0.\control_wLED00.$procmux$2203_Y, Q = \PANTALLA0.control_wLED00.inc).
Adding EN signal on $flatten\PANTALLA0.\control_wLED00.$procdff$2979 ($dff) from module top (D = $flatten\PANTALLA0.\control_wLED00.$procmux$2227_Y, Q = \PANTALLA0.control_wLED00.reset).
Adding SRST signal on $flatten\JUGADAS0.$procdff$2990 ($dff) from module top (D = $flatten\JUGADAS0.$procmux$2283_Y, Q = \JUGADAS0.casillas_pisadas, rval = 7'0000000).
Adding EN signal on $auto$ff.cc:266:slice$3423 ($sdff) from module top (D = $flatten\JUGADAS0.$add$reg_jugadas.v:24$1809_Y, Q = \JUGADAS0.casillas_pisadas).
Adding SRST signal on $flatten\JUGADAS0.$procdff$2989 ($dff) from module top (D = $flatten\JUGADAS0.$2$lookahead\tablero$1792[63:0]$1799, Q = \JUGADAS0.tablero, rval = 64'0000000000000000000000000000000000000000000000000000000000000000).
Adding EN signal on $auto$ff.cc:266:slice$3429 ($sdff) from module top (D = $flatten\JUGADAS0.$or$reg_jugadas.v:0$1806_Y, Q = \JUGADAS0.tablero).
Adding SRST signal on $flatten\CURSOR0.$procdff$2986 ($dff) from module top (D = $flatten\CURSOR0.$procmux$2240_Y, Q = \CURSOR0.c_s, rval = 3'000).
Adding EN signal on $auto$ff.cc:266:slice$3431 ($sdff) from module top (D = $flatten\CURSOR0.$procmux$2240_Y, Q = \CURSOR0.c_s).
Adding SRST signal on $flatten\CURSOR0.$procdff$2985 ($dff) from module top (D = $flatten\CURSOR0.$procmux$2247_Y, Q = \CURSOR0.f_s, rval = 3'000).
Adding EN signal on $auto$ff.cc:266:slice$3435 ($sdff) from module top (D = $flatten\CURSOR0.$procmux$2247_Y, Q = \CURSOR0.f_s).
Adding EN signal on $flatten\CALCULADORA0.$procdff$3063 ($adff) from module top (D = $flatten\CALCULADORA0.$procmux$2302_Y, Q = \CALCULADORA0.pos_movi_2d[63]).
Adding EN signal on $flatten\CALCULADORA0.$procdff$3062 ($adff) from module top (D = $flatten\CALCULADORA0.$procmux$2311_Y, Q = \CALCULADORA0.pos_movi_2d[62]).
Adding EN signal on $flatten\CALCULADORA0.$procdff$3061 ($adff) from module top (D = $flatten\CALCULADORA0.$procmux$2320_Y, Q = \CALCULADORA0.pos_movi_2d[61]).
Adding EN signal on $flatten\CALCULADORA0.$procdff$3060 ($adff) from module top (D = $flatten\CALCULADORA0.$procmux$2329_Y, Q = \CALCULADORA0.pos_movi_2d[60]).
Adding EN signal on $flatten\CALCULADORA0.$procdff$3059 ($adff) from module top (D = $flatten\CALCULADORA0.$procmux$2338_Y, Q = \CALCULADORA0.pos_movi_2d[59]).
Adding EN signal on $flatten\CALCULADORA0.$procdff$3058 ($adff) from module top (D = $flatten\CALCULADORA0.$procmux$2347_Y, Q = \CALCULADORA0.pos_movi_2d[58]).
Adding EN signal on $flatten\CALCULADORA0.$procdff$3057 ($adff) from module top (D = $flatten\CALCULADORA0.$procmux$2356_Y, Q = \CALCULADORA0.pos_movi_2d[57]).
Adding EN signal on $flatten\CALCULADORA0.$procdff$3056 ($adff) from module top (D = $flatten\CALCULADORA0.$procmux$2365_Y, Q = \CALCULADORA0.pos_movi_2d[56]).
Adding EN signal on $flatten\CALCULADORA0.$procdff$3055 ($adff) from module top (D = $flatten\CALCULADORA0.$procmux$2374_Y, Q = \CALCULADORA0.pos_movi_2d[55]).
Adding EN signal on $flatten\CALCULADORA0.$procdff$3054 ($adff) from module top (D = $flatten\CALCULADORA0.$procmux$2383_Y, Q = \CALCULADORA0.pos_movi_2d[54]).
Adding EN signal on $flatten\CALCULADORA0.$procdff$3053 ($adff) from module top (D = $flatten\CALCULADORA0.$procmux$2392_Y, Q = \CALCULADORA0.pos_movi_2d[53]).
Adding EN signal on $flatten\CALCULADORA0.$procdff$3052 ($adff) from module top (D = $flatten\CALCULADORA0.$procmux$2401_Y, Q = \CALCULADORA0.pos_movi_2d[52]).
Adding EN signal on $flatten\CALCULADORA0.$procdff$3051 ($adff) from module top (D = $flatten\CALCULADORA0.$procmux$2410_Y, Q = \CALCULADORA0.pos_movi_2d[51]).
Adding EN signal on $flatten\CALCULADORA0.$procdff$3050 ($adff) from module top (D = $flatten\CALCULADORA0.$procmux$2419_Y, Q = \CALCULADORA0.pos_movi_2d[50]).
Adding EN signal on $flatten\CALCULADORA0.$procdff$3049 ($adff) from module top (D = $flatten\CALCULADORA0.$procmux$2428_Y, Q = \CALCULADORA0.pos_movi_2d[49]).
Adding EN signal on $flatten\CALCULADORA0.$procdff$3048 ($adff) from module top (D = $flatten\CALCULADORA0.$procmux$2437_Y, Q = \CALCULADORA0.pos_movi_2d[48]).
Adding EN signal on $flatten\CALCULADORA0.$procdff$3047 ($adff) from module top (D = $flatten\CALCULADORA0.$procmux$2446_Y, Q = \CALCULADORA0.pos_movi_2d[47]).
Adding EN signal on $flatten\CALCULADORA0.$procdff$3046 ($adff) from module top (D = $flatten\CALCULADORA0.$procmux$2455_Y, Q = \CALCULADORA0.pos_movi_2d[46]).
Adding EN signal on $flatten\CALCULADORA0.$procdff$3045 ($adff) from module top (D = $flatten\CALCULADORA0.$procmux$2464_Y, Q = \CALCULADORA0.pos_movi_2d[45]).
Adding EN signal on $flatten\CALCULADORA0.$procdff$3044 ($adff) from module top (D = $flatten\CALCULADORA0.$procmux$2473_Y, Q = \CALCULADORA0.pos_movi_2d[44]).
Adding EN signal on $flatten\CALCULADORA0.$procdff$3043 ($adff) from module top (D = $flatten\CALCULADORA0.$procmux$2482_Y, Q = \CALCULADORA0.pos_movi_2d[43]).
Adding EN signal on $flatten\CALCULADORA0.$procdff$3042 ($adff) from module top (D = $flatten\CALCULADORA0.$procmux$2491_Y, Q = \CALCULADORA0.pos_movi_2d[42]).
Adding EN signal on $flatten\CALCULADORA0.$procdff$3041 ($adff) from module top (D = $flatten\CALCULADORA0.$procmux$2500_Y, Q = \CALCULADORA0.pos_movi_2d[41]).
Adding EN signal on $flatten\CALCULADORA0.$procdff$3040 ($adff) from module top (D = $flatten\CALCULADORA0.$procmux$2509_Y, Q = \CALCULADORA0.pos_movi_2d[40]).
Adding EN signal on $flatten\CALCULADORA0.$procdff$3039 ($adff) from module top (D = $flatten\CALCULADORA0.$procmux$2518_Y, Q = \CALCULADORA0.pos_movi_2d[39]).
Adding EN signal on $flatten\CALCULADORA0.$procdff$3038 ($adff) from module top (D = $flatten\CALCULADORA0.$procmux$2527_Y, Q = \CALCULADORA0.pos_movi_2d[38]).
Adding EN signal on $flatten\CALCULADORA0.$procdff$3037 ($adff) from module top (D = $flatten\CALCULADORA0.$procmux$2536_Y, Q = \CALCULADORA0.pos_movi_2d[37]).
Adding EN signal on $flatten\CALCULADORA0.$procdff$3036 ($adff) from module top (D = $flatten\CALCULADORA0.$procmux$2545_Y, Q = \CALCULADORA0.pos_movi_2d[36]).
Adding EN signal on $flatten\CALCULADORA0.$procdff$3035 ($adff) from module top (D = $flatten\CALCULADORA0.$procmux$2554_Y, Q = \CALCULADORA0.pos_movi_2d[35]).
Adding EN signal on $flatten\CALCULADORA0.$procdff$3034 ($adff) from module top (D = $flatten\CALCULADORA0.$procmux$2563_Y, Q = \CALCULADORA0.pos_movi_2d[34]).
Adding EN signal on $flatten\CALCULADORA0.$procdff$3033 ($adff) from module top (D = $flatten\CALCULADORA0.$procmux$2572_Y, Q = \CALCULADORA0.pos_movi_2d[33]).
Adding EN signal on $flatten\CALCULADORA0.$procdff$3032 ($adff) from module top (D = $flatten\CALCULADORA0.$procmux$2581_Y, Q = \CALCULADORA0.pos_movi_2d[32]).
Adding EN signal on $flatten\CALCULADORA0.$procdff$3031 ($adff) from module top (D = $flatten\CALCULADORA0.$procmux$2590_Y, Q = \CALCULADORA0.pos_movi_2d[31]).
Adding EN signal on $flatten\CALCULADORA0.$procdff$3030 ($adff) from module top (D = $flatten\CALCULADORA0.$procmux$2599_Y, Q = \CALCULADORA0.pos_movi_2d[30]).
Adding EN signal on $flatten\CALCULADORA0.$procdff$3029 ($adff) from module top (D = $flatten\CALCULADORA0.$procmux$2608_Y, Q = \CALCULADORA0.pos_movi_2d[29]).
Adding EN signal on $flatten\CALCULADORA0.$procdff$3028 ($adff) from module top (D = $flatten\CALCULADORA0.$procmux$2617_Y, Q = \CALCULADORA0.pos_movi_2d[28]).
Adding EN signal on $flatten\CALCULADORA0.$procdff$3027 ($adff) from module top (D = $flatten\CALCULADORA0.$procmux$2626_Y, Q = \CALCULADORA0.pos_movi_2d[27]).
Adding EN signal on $flatten\CALCULADORA0.$procdff$3026 ($adff) from module top (D = $flatten\CALCULADORA0.$procmux$2635_Y, Q = \CALCULADORA0.pos_movi_2d[26]).
Adding EN signal on $flatten\CALCULADORA0.$procdff$3025 ($adff) from module top (D = $flatten\CALCULADORA0.$procmux$2644_Y, Q = \CALCULADORA0.pos_movi_2d[25]).
Adding EN signal on $flatten\CALCULADORA0.$procdff$3024 ($adff) from module top (D = $flatten\CALCULADORA0.$procmux$2653_Y, Q = \CALCULADORA0.pos_movi_2d[24]).
Adding EN signal on $flatten\CALCULADORA0.$procdff$3023 ($adff) from module top (D = $flatten\CALCULADORA0.$procmux$2662_Y, Q = \CALCULADORA0.pos_movi_2d[23]).
Adding EN signal on $flatten\CALCULADORA0.$procdff$3022 ($adff) from module top (D = $flatten\CALCULADORA0.$procmux$2671_Y, Q = \CALCULADORA0.pos_movi_2d[22]).
Adding EN signal on $flatten\CALCULADORA0.$procdff$3021 ($adff) from module top (D = $flatten\CALCULADORA0.$procmux$2680_Y, Q = \CALCULADORA0.pos_movi_2d[21]).
Adding EN signal on $flatten\CALCULADORA0.$procdff$3020 ($adff) from module top (D = $flatten\CALCULADORA0.$procmux$2689_Y, Q = \CALCULADORA0.pos_movi_2d[20]).
Adding EN signal on $flatten\CALCULADORA0.$procdff$3019 ($adff) from module top (D = $flatten\CALCULADORA0.$procmux$2698_Y, Q = \CALCULADORA0.pos_movi_2d[19]).
Adding EN signal on $flatten\CALCULADORA0.$procdff$3018 ($adff) from module top (D = $flatten\CALCULADORA0.$procmux$2707_Y, Q = \CALCULADORA0.pos_movi_2d[18]).
Adding EN signal on $flatten\CALCULADORA0.$procdff$3017 ($adff) from module top (D = $flatten\CALCULADORA0.$procmux$2716_Y, Q = \CALCULADORA0.pos_movi_2d[17]).
Adding EN signal on $flatten\CALCULADORA0.$procdff$3016 ($adff) from module top (D = $flatten\CALCULADORA0.$procmux$2725_Y, Q = \CALCULADORA0.pos_movi_2d[16]).
Adding EN signal on $flatten\CALCULADORA0.$procdff$3015 ($adff) from module top (D = $flatten\CALCULADORA0.$procmux$2734_Y, Q = \CALCULADORA0.pos_movi_2d[15]).
Adding EN signal on $flatten\CALCULADORA0.$procdff$3014 ($adff) from module top (D = $flatten\CALCULADORA0.$procmux$2743_Y, Q = \CALCULADORA0.pos_movi_2d[14]).
Adding EN signal on $flatten\CALCULADORA0.$procdff$3013 ($adff) from module top (D = $flatten\CALCULADORA0.$procmux$2752_Y, Q = \CALCULADORA0.pos_movi_2d[13]).
Adding EN signal on $flatten\CALCULADORA0.$procdff$3012 ($adff) from module top (D = $flatten\CALCULADORA0.$procmux$2761_Y, Q = \CALCULADORA0.pos_movi_2d[12]).
Adding EN signal on $flatten\CALCULADORA0.$procdff$3011 ($adff) from module top (D = $flatten\CALCULADORA0.$procmux$2770_Y, Q = \CALCULADORA0.pos_movi_2d[11]).
Adding EN signal on $flatten\CALCULADORA0.$procdff$3010 ($adff) from module top (D = $flatten\CALCULADORA0.$procmux$2779_Y, Q = \CALCULADORA0.pos_movi_2d[10]).
Adding EN signal on $flatten\CALCULADORA0.$procdff$3009 ($adff) from module top (D = $flatten\CALCULADORA0.$procmux$2788_Y, Q = \CALCULADORA0.pos_movi_2d[9]).
Adding EN signal on $flatten\CALCULADORA0.$procdff$3008 ($adff) from module top (D = $flatten\CALCULADORA0.$procmux$2797_Y, Q = \CALCULADORA0.pos_movi_2d[8]).
Adding EN signal on $flatten\CALCULADORA0.$procdff$3007 ($adff) from module top (D = $flatten\CALCULADORA0.$procmux$2806_Y, Q = \CALCULADORA0.pos_movi_2d[7]).
Adding EN signal on $flatten\CALCULADORA0.$procdff$3006 ($adff) from module top (D = $flatten\CALCULADORA0.$procmux$2815_Y, Q = \CALCULADORA0.pos_movi_2d[6]).
Adding EN signal on $flatten\CALCULADORA0.$procdff$3005 ($adff) from module top (D = $flatten\CALCULADORA0.$procmux$2824_Y, Q = \CALCULADORA0.pos_movi_2d[5]).
Adding EN signal on $flatten\CALCULADORA0.$procdff$3004 ($adff) from module top (D = $flatten\CALCULADORA0.$procmux$2833_Y, Q = \CALCULADORA0.pos_movi_2d[4]).
Adding EN signal on $flatten\CALCULADORA0.$procdff$3003 ($adff) from module top (D = $flatten\CALCULADORA0.$procmux$2842_Y, Q = \CALCULADORA0.pos_movi_2d[3]).
Adding EN signal on $flatten\CALCULADORA0.$procdff$3002 ($adff) from module top (D = $flatten\CALCULADORA0.$procmux$2851_Y, Q = \CALCULADORA0.pos_movi_2d[2]).
Adding EN signal on $flatten\CALCULADORA0.$procdff$3001 ($adff) from module top (D = $flatten\CALCULADORA0.$procmux$2860_Y, Q = \CALCULADORA0.pos_movi_2d[1]).
Adding EN signal on $flatten\CALCULADORA0.$procdff$3000 ($adff) from module top (D = $flatten\CALCULADORA0.$procmux$2869_Y, Q = \CALCULADORA0.pos_movi_2d[0]).
Adding SRST signal on $flatten\CABALLO0.$procdff$2988 ($dff) from module top (D = $flatten\CABALLO0.$procmux$2252_Y, Q = \CABALLO0.c_out, rval = 3'000).
Adding EN signal on $auto$ff.cc:266:slice$3503 ($sdff) from module top (D = \CURSOR0.c_s, Q = \CABALLO0.c_out).
Adding SRST signal on $flatten\CABALLO0.$procdff$2987 ($dff) from module top (D = $flatten\CABALLO0.$procmux$2257_Y, Q = \CABALLO0.f_out, rval = 3'000).
Adding EN signal on $auto$ff.cc:266:slice$3505 ($sdff) from module top (D = \CURSOR0.f_s, Q = \CABALLO0.f_out).
Setting constant 0-bit at position 0 on $auto$ff.cc:266:slice$3346 ($sdffe) from module top.
Setting constant 0-bit at position 1 on $auto$ff.cc:266:slice$3346 ($sdffe) from module top.

24.14.7. Executing OPT_CLEAN pass (remove unused cells and wires).
Finding unused cells or wires in module \top..
Removed 106 unused cells and 152 unused wires.

24.14.8. Executing OPT_EXPR pass (perform const folding).
Optimizing module top.

24.14.9. Rerunning OPT passes. (Maybe there is more to do..)

24.14.10. Executing OPT_MUXTREE pass (detect dead branches in mux trees).
Running muxtree optimizer on module \top..
  Creating internal representation of mux trees.
  Evaluating internal representation of mux trees.
  Analyzing evaluation results.
Removed 0 multiplexer ports.

24.14.11. Executing OPT_REDUCE pass (consolidate $*mux and $reduce_* inputs).
  Optimizing cells in module \top.
Performed a total of 0 changes.

24.14.12. Executing OPT_MERGE pass (detect identical cells).
Finding identical cells in module `\top'.
Removed a total of 5 cells.

24.14.13. Executing OPT_DFF pass (perform DFF optimizations).

24.14.14. Executing OPT_CLEAN pass (remove unused cells and wires).
Finding unused cells or wires in module \top..
Removed 0 unused cells and 4 unused wires.

24.14.15. Executing OPT_EXPR pass (perform const folding).
Optimizing module top.

24.14.16. Rerunning OPT passes. (Maybe there is more to do..)

24.14.17. Executing OPT_MUXTREE pass (detect dead branches in mux trees).
Running muxtree optimizer on module \top..
  Creating internal representation of mux trees.
  Evaluating internal representation of mux trees.
  Analyzing evaluation results.
Removed 0 multiplexer ports.

24.14.18. Executing OPT_REDUCE pass (consolidate $*mux and $reduce_* inputs).
  Optimizing cells in module \top.
Performed a total of 0 changes.

24.14.19. Executing OPT_MERGE pass (detect identical cells).
Finding identical cells in module `\top'.
Removed a total of 0 cells.

24.14.20. Executing OPT_DFF pass (perform DFF optimizations).

24.14.21. Executing OPT_CLEAN pass (remove unused cells and wires).
Finding unused cells or wires in module \top..

24.14.22. Executing OPT_EXPR pass (perform const folding).
Optimizing module top.

24.14.23. Finished OPT passes. (There is nothing left to do.)

24.15. Executing WREDUCE pass (reducing word size of cells).
Removed top 24 address bits (of 32) from memory init port top.$flatten\PANTALLA0.\TRADUCTOR00.$meminit$\memorial$traductor.v:0$1833 (PANTALLA0.TRADUCTOR00.memorial).
Removed top 24 address bits (of 32) from memory init port top.$flatten\PANTALLA0.\TRADUCTOR00.$meminit$\memoriaw$traductor.v:0$1832 (PANTALLA0.TRADUCTOR00.memoriaw).
Removed top 1 bits (of 20) from port B of cell top.$lt$top.v:17$234 ($lt).
Removed top 31 bits (of 32) from port B of cell top.$add$top.v:18$235 ($add).
Removed top 12 bits (of 32) from port Y of cell top.$add$top.v:18$235 ($add).
Removed top 2 bits (of 3) from port B of cell top.$flatten\CURSOR0.$sub$cursor.v:26$1815 ($sub).
Removed top 2 bits (of 3) from port B of cell top.$flatten\CURSOR0.$add$cursor.v:25$1814 ($add).
Removed top 2 bits (of 3) from port B of cell top.$flatten\CURSOR0.$sub$cursor.v:24$1813 ($sub).
Removed top 2 bits (of 3) from port B of cell top.$flatten\CURSOR0.$add$cursor.v:23$1812 ($add).
Removed top 1 bits (of 2) from port B of cell top.$flatten\CURSOR0.\DF_E.$eq$detector_flanco.v:12$1817 ($eq).
Removed top 1 bits (of 2) from port B of cell top.$flatten\CURSOR0.\DF_R.$eq$detector_flanco.v:12$1817 ($eq).
Removed top 1 bits (of 2) from port B of cell top.$flatten\CURSOR0.\DF_L.$eq$detector_flanco.v:12$1817 ($eq).
Removed top 1 bits (of 2) from port B of cell top.$flatten\CURSOR0.\DF_D.$eq$detector_flanco.v:12$1817 ($eq).
Removed top 1 bits (of 2) from port B of cell top.$flatten\CURSOR0.\DF_U.$eq$detector_flanco.v:12$1817 ($eq).
Removed top 6 bits (of 7) from port B of cell top.$flatten\JUGADAS0.$add$reg_jugadas.v:24$1809 ($add).
Converting cell top.$flatten\JUGADAS0.$neg$reg_jugadas.v:0$1800 ($neg) from signed to unsigned.
Removed top 1 bits (of 7) from port A of cell top.$flatten\JUGADAS0.$neg$reg_jugadas.v:0$1800 ($neg).
Removed top 1 bits (of 2) from port B of cell top.$auto$fsm_map.cc:77:implement_pattern_cache$3303 ($eq).
Removed top 1 bits (of 2) from port B of cell top.$auto$fsm_map.cc:77:implement_pattern_cache$3278 ($eq).
Removed top 1 bits (of 2) from port B of cell top.$auto$fsm_map.cc:77:implement_pattern_cache$3265 ($eq).
Removed top 1 bits (of 2) from port B of cell top.$auto$fsm_map.cc:77:implement_pattern_cache$3175 ($eq).
Removed top 29 bits (of 32) from port B of cell top.$flatten\CALCULADORA0.$eq$pos_mov.v:50$1613 ($eq).
Removed top 29 bits (of 32) from port B of cell top.$flatten\CALCULADORA0.$eq$pos_mov.v:50$1611 ($eq).
Removed top 30 bits (of 32) from port B of cell top.$flatten\CALCULADORA0.$eq$pos_mov.v:49$1602 ($eq).
Removed top 28 bits (of 32) from port B of cell top.$flatten\CALCULADORA0.$sub$pos_mov.v:49$1601 ($sub).
Converting cell top.$flatten\CALCULADORA0.$sub$pos_mov.v:49$1601 ($sub) from signed to unsigned.
Removed top 27 bits (of 32) from port Y of cell top.$flatten\CALCULADORA0.$sub$pos_mov.v:49$1601 ($sub).
Removed top 1 bits (of 4) from port A of cell top.$flatten\CALCULADORA0.$sub$pos_mov.v:49$1601 ($sub).
Removed top 1 bits (of 4) from port B of cell top.$flatten\CALCULADORA0.$sub$pos_mov.v:49$1601 ($sub).
Removed top 1 bits (of 5) from port Y of cell top.$flatten\CALCULADORA0.$sub$pos_mov.v:49$1601 ($sub).
Removed top 30 bits (of 32) from port B of cell top.$flatten\CALCULADORA0.$eq$pos_mov.v:49$1600 ($eq).
Removed top 28 bits (of 32) from port A of cell top.$flatten\CALCULADORA0.$sub$pos_mov.v:49$1599 ($sub).
Converting cell top.$flatten\CALCULADORA0.$sub$pos_mov.v:49$1599 ($sub) from signed to unsigned.
Removed top 27 bits (of 32) from port Y of cell top.$flatten\CALCULADORA0.$sub$pos_mov.v:49$1599 ($sub).
Removed top 1 bits (of 4) from port A of cell top.$flatten\CALCULADORA0.$sub$pos_mov.v:49$1599 ($sub).
Removed top 1 bits (of 4) from port B of cell top.$flatten\CALCULADORA0.$sub$pos_mov.v:49$1599 ($sub).
Removed top 1 bits (of 5) from port Y of cell top.$flatten\CALCULADORA0.$sub$pos_mov.v:49$1599 ($sub).
Removed top 29 bits (of 32) from port B of cell top.$flatten\CALCULADORA0.$eq$pos_mov.v:50$1421 ($eq).
Removed top 29 bits (of 32) from port B of cell top.$flatten\CALCULADORA0.$eq$pos_mov.v:50$1419 ($eq).
Removed top 30 bits (of 32) from port B of cell top.$flatten\CALCULADORA0.$eq$pos_mov.v:49$1410 ($eq).
Removed top 28 bits (of 32) from port B of cell top.$flatten\CALCULADORA0.$sub$pos_mov.v:49$1409 ($sub).
Converting cell top.$flatten\CALCULADORA0.$sub$pos_mov.v:49$1409 ($sub) from signed to unsigned.
Removed top 27 bits (of 32) from port Y of cell top.$flatten\CALCULADORA0.$sub$pos_mov.v:49$1409 ($sub).
Removed top 1 bits (of 4) from port A of cell top.$flatten\CALCULADORA0.$sub$pos_mov.v:49$1409 ($sub).
Removed top 1 bits (of 4) from port B of cell top.$flatten\CALCULADORA0.$sub$pos_mov.v:49$1409 ($sub).
Removed top 1 bits (of 5) from port Y of cell top.$flatten\CALCULADORA0.$sub$pos_mov.v:49$1409 ($sub).
Removed top 30 bits (of 32) from port B of cell top.$flatten\CALCULADORA0.$eq$pos_mov.v:49$1408 ($eq).
Removed top 28 bits (of 32) from port A of cell top.$flatten\CALCULADORA0.$sub$pos_mov.v:49$1407 ($sub).
Converting cell top.$flatten\CALCULADORA0.$sub$pos_mov.v:49$1407 ($sub) from signed to unsigned.
Removed top 27 bits (of 32) from port Y of cell top.$flatten\CALCULADORA0.$sub$pos_mov.v:49$1407 ($sub).
Removed top 1 bits (of 4) from port A of cell top.$flatten\CALCULADORA0.$sub$pos_mov.v:49$1407 ($sub).
Removed top 1 bits (of 4) from port B of cell top.$flatten\CALCULADORA0.$sub$pos_mov.v:49$1407 ($sub).
Removed top 1 bits (of 5) from port Y of cell top.$flatten\CALCULADORA0.$sub$pos_mov.v:49$1407 ($sub).
Removed top 29 bits (of 32) from port B of cell top.$flatten\CALCULADORA0.$eq$pos_mov.v:49$1319 ($eq).
Removed top 29 bits (of 32) from port B of cell top.$flatten\CALCULADORA0.$eq$pos_mov.v:49$1317 ($eq).
Removed top 29 bits (of 32) from port B of cell top.$flatten\CALCULADORA0.$eq$pos_mov.v:49$1295 ($eq).
Removed top 29 bits (of 32) from port B of cell top.$flatten\CALCULADORA0.$eq$pos_mov.v:49$1293 ($eq).
Removed top 29 bits (of 32) from port B of cell top.$flatten\CALCULADORA0.$eq$pos_mov.v:49$1271 ($eq).
Removed top 29 bits (of 32) from port B of cell top.$flatten\CALCULADORA0.$eq$pos_mov.v:49$1269 ($eq).
Removed top 29 bits (of 32) from port B of cell top.$flatten\CALCULADORA0.$eq$pos_mov.v:49$1247 ($eq).
Removed top 29 bits (of 32) from port B of cell top.$flatten\CALCULADORA0.$eq$pos_mov.v:49$1245 ($eq).
Removed top 29 bits (of 32) from port B of cell top.$flatten\CALCULADORA0.$eq$pos_mov.v:50$1229 ($eq).
Removed top 29 bits (of 32) from port B of cell top.$flatten\CALCULADORA0.$eq$pos_mov.v:50$1227 ($eq).
Removed top 29 bits (of 32) from port B of cell top.$flatten\CALCULADORA0.$eq$pos_mov.v:49$1221 ($eq).
Removed top 30 bits (of 32) from port B of cell top.$flatten\CALCULADORA0.$eq$pos_mov.v:49$1218 ($eq).
Removed top 28 bits (of 32) from port B of cell top.$flatten\CALCULADORA0.$sub$pos_mov.v:49$1217 ($sub).
Converting cell top.$flatten\CALCULADORA0.$sub$pos_mov.v:49$1217 ($sub) from signed to unsigned.
Removed top 27 bits (of 32) from port Y of cell top.$flatten\CALCULADORA0.$sub$pos_mov.v:49$1217 ($sub).
Removed top 1 bits (of 4) from port A of cell top.$flatten\CALCULADORA0.$sub$pos_mov.v:49$1217 ($sub).
Removed top 1 bits (of 4) from port B of cell top.$flatten\CALCULADORA0.$sub$pos_mov.v:49$1217 ($sub).
Removed top 1 bits (of 5) from port Y of cell top.$flatten\CALCULADORA0.$sub$pos_mov.v:49$1217 ($sub).
Removed top 30 bits (of 32) from port B of cell top.$flatten\CALCULADORA0.$eq$pos_mov.v:49$1216 ($eq).
Removed top 28 bits (of 32) from port A of cell top.$flatten\CALCULADORA0.$sub$pos_mov.v:49$1215 ($sub).
Converting cell top.$flatten\CALCULADORA0.$sub$pos_mov.v:49$1215 ($sub) from signed to unsigned.
Removed top 27 bits (of 32) from port Y of cell top.$flatten\CALCULADORA0.$sub$pos_mov.v:49$1215 ($sub).
Removed top 1 bits (of 4) from port A of cell top.$flatten\CALCULADORA0.$sub$pos_mov.v:49$1215 ($sub).
Removed top 1 bits (of 4) from port B of cell top.$flatten\CALCULADORA0.$sub$pos_mov.v:49$1215 ($sub).
Removed top 1 bits (of 5) from port Y of cell top.$flatten\CALCULADORA0.$sub$pos_mov.v:49$1215 ($sub).
Removed top 29 bits (of 32) from port B of cell top.$flatten\CALCULADORA0.$eq$pos_mov.v:49$1199 ($eq).
Removed top 29 bits (of 32) from port B of cell top.$flatten\CALCULADORA0.$eq$pos_mov.v:49$1197 ($eq).
Removed top 30 bits (of 32) from port B of cell top.$flatten\CALCULADORA0.$eq$pos_mov.v:50$1186 ($eq).
Removed top 30 bits (of 32) from port B of cell top.$flatten\CALCULADORA0.$eq$pos_mov.v:50$1184 ($eq).
Removed top 29 bits (of 32) from port B of cell top.$flatten\CALCULADORA0.$eq$pos_mov.v:49$1175 ($eq).
Removed top 28 bits (of 32) from port B of cell top.$flatten\CALCULADORA0.$sub$pos_mov.v:49$1174 ($sub).
Converting cell top.$flatten\CALCULADORA0.$sub$pos_mov.v:49$1174 ($sub) from signed to unsigned.
Removed top 27 bits (of 32) from port Y of cell top.$flatten\CALCULADORA0.$sub$pos_mov.v:49$1174 ($sub).
Removed top 1 bits (of 4) from port A of cell top.$flatten\CALCULADORA0.$sub$pos_mov.v:49$1174 ($sub).
Removed top 1 bits (of 4) from port B of cell top.$flatten\CALCULADORA0.$sub$pos_mov.v:49$1174 ($sub).
Removed top 1 bits (of 5) from port Y of cell top.$flatten\CALCULADORA0.$sub$pos_mov.v:49$1174 ($sub).
Removed top 29 bits (of 32) from port B of cell top.$flatten\CALCULADORA0.$eq$pos_mov.v:49$1173 ($eq).
Removed top 28 bits (of 32) from port A of cell top.$flatten\CALCULADORA0.$sub$pos_mov.v:49$1172 ($sub).
Converting cell top.$flatten\CALCULADORA0.$sub$pos_mov.v:49$1172 ($sub) from signed to unsigned.
Removed top 27 bits (of 32) from port Y of cell top.$flatten\CALCULADORA0.$sub$pos_mov.v:49$1172 ($sub).
Removed top 1 bits (of 4) from port A of cell top.$flatten\CALCULADORA0.$sub$pos_mov.v:49$1172 ($sub).
Removed top 1 bits (of 4) from port B of cell top.$flatten\CALCULADORA0.$sub$pos_mov.v:49$1172 ($sub).
Removed top 1 bits (of 5) from port Y of cell top.$flatten\CALCULADORA0.$sub$pos_mov.v:49$1172 ($sub).
Removed top 30 bits (of 32) from port B of cell top.$flatten\CALCULADORA0.$eq$pos_mov.v:49$1170 ($eq).
Removed top 30 bits (of 32) from port B of cell top.$flatten\CALCULADORA0.$eq$pos_mov.v:49$1168 ($eq).
Removed top 30 bits (of 32) from port B of cell top.$flatten\CALCULADORA0.$eq$pos_mov.v:50$1162 ($eq).
Removed top 30 bits (of 32) from port B of cell top.$flatten\CALCULADORA0.$eq$pos_mov.v:50$1160 ($eq).
Removed top 29 bits (of 32) from port B of cell top.$flatten\CALCULADORA0.$eq$pos_mov.v:49$1151 ($eq).
Removed top 28 bits (of 32) from port B of cell top.$flatten\CALCULADORA0.$sub$pos_mov.v:49$1150 ($sub).
Converting cell top.$flatten\CALCULADORA0.$sub$pos_mov.v:49$1150 ($sub) from signed to unsigned.
Removed top 27 bits (of 32) from port Y of cell top.$flatten\CALCULADORA0.$sub$pos_mov.v:49$1150 ($sub).
Removed top 1 bits (of 4) from port A of cell top.$flatten\CALCULADORA0.$sub$pos_mov.v:49$1150 ($sub).
Removed top 1 bits (of 4) from port B of cell top.$flatten\CALCULADORA0.$sub$pos_mov.v:49$1150 ($sub).
Removed top 1 bits (of 5) from port Y of cell top.$flatten\CALCULADORA0.$sub$pos_mov.v:49$1150 ($sub).
Removed top 29 bits (of 32) from port B of cell top.$flatten\CALCULADORA0.$eq$pos_mov.v:49$1149 ($eq).
Removed top 28 bits (of 32) from port A of cell top.$flatten\CALCULADORA0.$sub$pos_mov.v:49$1148 ($sub).
Converting cell top.$flatten\CALCULADORA0.$sub$pos_mov.v:49$1148 ($sub) from signed to unsigned.
Removed top 27 bits (of 32) from port Y of cell top.$flatten\CALCULADORA0.$sub$pos_mov.v:49$1148 ($sub).
Removed top 1 bits (of 4) from port A of cell top.$flatten\CALCULADORA0.$sub$pos_mov.v:49$1148 ($sub).
Removed top 1 bits (of 4) from port B of cell top.$flatten\CALCULADORA0.$sub$pos_mov.v:49$1148 ($sub).
Removed top 1 bits (of 5) from port Y of cell top.$flatten\CALCULADORA0.$sub$pos_mov.v:49$1148 ($sub).
Removed top 30 bits (of 32) from port B of cell top.$flatten\CALCULADORA0.$eq$pos_mov.v:50$1138 ($eq).
Removed top 30 bits (of 32) from port B of cell top.$flatten\CALCULADORA0.$eq$pos_mov.v:50$1136 ($eq).
Removed top 28 bits (of 32) from port B of cell top.$flatten\CALCULADORA0.$sub$pos_mov.v:49$1126 ($sub).
Converting cell top.$flatten\CALCULADORA0.$sub$pos_mov.v:49$1126 ($sub) from signed to unsigned.
Removed top 27 bits (of 32) from port Y of cell top.$flatten\CALCULADORA0.$sub$pos_mov.v:49$1126 ($sub).
Removed top 1 bits (of 4) from port A of cell top.$flatten\CALCULADORA0.$sub$pos_mov.v:49$1126 ($sub).
Removed top 1 bits (of 4) from port B of cell top.$flatten\CALCULADORA0.$sub$pos_mov.v:49$1126 ($sub).
Removed top 1 bits (of 5) from port Y of cell top.$flatten\CALCULADORA0.$sub$pos_mov.v:49$1126 ($sub).
Removed top 28 bits (of 32) from port A of cell top.$flatten\CALCULADORA0.$sub$pos_mov.v:49$1124 ($sub).
Converting cell top.$flatten\CALCULADORA0.$sub$pos_mov.v:49$1124 ($sub) from signed to unsigned.
Removed top 27 bits (of 32) from port Y of cell top.$flatten\CALCULADORA0.$sub$pos_mov.v:49$1124 ($sub).
Removed top 1 bits (of 4) from port A of cell top.$flatten\CALCULADORA0.$sub$pos_mov.v:49$1124 ($sub).
Removed top 1 bits (of 4) from port B of cell top.$flatten\CALCULADORA0.$sub$pos_mov.v:49$1124 ($sub).
Removed top 1 bits (of 5) from port Y of cell top.$flatten\CALCULADORA0.$sub$pos_mov.v:49$1124 ($sub).
Removed top 30 bits (of 32) from port B of cell top.$flatten\CALCULADORA0.$eq$pos_mov.v:50$1114 ($eq).
Removed top 30 bits (of 32) from port B of cell top.$flatten\CALCULADORA0.$eq$pos_mov.v:50$1112 ($eq).
Removed top 29 bits (of 32) from port B of cell top.$flatten\CALCULADORA0.$sub$pos_mov.v:49$1102 ($sub).
Converting cell top.$flatten\CALCULADORA0.$sub$pos_mov.v:49$1102 ($sub) from signed to unsigned.
Removed top 27 bits (of 32) from port Y of cell top.$flatten\CALCULADORA0.$sub$pos_mov.v:49$1102 ($sub).
Removed top 1 bits (of 4) from port A of cell top.$flatten\CALCULADORA0.$sub$pos_mov.v:49$1102 ($sub).
Removed top 1 bits (of 3) from port B of cell top.$flatten\CALCULADORA0.$sub$pos_mov.v:49$1102 ($sub).
Removed top 1 bits (of 5) from port Y of cell top.$flatten\CALCULADORA0.$sub$pos_mov.v:49$1102 ($sub).
Removed top 29 bits (of 32) from port A of cell top.$flatten\CALCULADORA0.$sub$pos_mov.v:49$1100 ($sub).
Converting cell top.$flatten\CALCULADORA0.$sub$pos_mov.v:49$1100 ($sub) from signed to unsigned.
Removed top 27 bits (of 32) from port Y of cell top.$flatten\CALCULADORA0.$sub$pos_mov.v:49$1100 ($sub).
Removed top 1 bits (of 3) from port A of cell top.$flatten\CALCULADORA0.$sub$pos_mov.v:49$1100 ($sub).
Removed top 1 bits (of 4) from port B of cell top.$flatten\CALCULADORA0.$sub$pos_mov.v:49$1100 ($sub).
Removed top 1 bits (of 5) from port Y of cell top.$flatten\CALCULADORA0.$sub$pos_mov.v:49$1100 ($sub).
Removed top 30 bits (of 32) from port B of cell top.$flatten\CALCULADORA0.$eq$pos_mov.v:50$1090 ($eq).
Removed top 30 bits (of 32) from port B of cell top.$flatten\CALCULADORA0.$eq$pos_mov.v:50$1088 ($eq).
Removed top 29 bits (of 32) from port B of cell top.$flatten\CALCULADORA0.$sub$pos_mov.v:49$1078 ($sub).
Converting cell top.$flatten\CALCULADORA0.$sub$pos_mov.v:49$1078 ($sub) from signed to unsigned.
Removed top 27 bits (of 32) from port Y of cell top.$flatten\CALCULADORA0.$sub$pos_mov.v:49$1078 ($sub).
Removed top 1 bits (of 4) from port A of cell top.$flatten\CALCULADORA0.$sub$pos_mov.v:49$1078 ($sub).
Removed top 1 bits (of 3) from port B of cell top.$flatten\CALCULADORA0.$sub$pos_mov.v:49$1078 ($sub).
Removed top 1 bits (of 5) from port Y of cell top.$flatten\CALCULADORA0.$sub$pos_mov.v:49$1078 ($sub).
Removed top 29 bits (of 32) from port A of cell top.$flatten\CALCULADORA0.$sub$pos_mov.v:49$1076 ($sub).
Converting cell top.$flatten\CALCULADORA0.$sub$pos_mov.v:49$1076 ($sub) from signed to unsigned.
Removed top 27 bits (of 32) from port Y of cell top.$flatten\CALCULADORA0.$sub$pos_mov.v:49$1076 ($sub).
Removed top 1 bits (of 3) from port A of cell top.$flatten\CALCULADORA0.$sub$pos_mov.v:49$1076 ($sub).
Removed top 1 bits (of 4) from port B of cell top.$flatten\CALCULADORA0.$sub$pos_mov.v:49$1076 ($sub).
Removed top 1 bits (of 5) from port Y of cell top.$flatten\CALCULADORA0.$sub$pos_mov.v:49$1076 ($sub).
Removed top 30 bits (of 32) from port B of cell top.$flatten\CALCULADORA0.$eq$pos_mov.v:50$1066 ($eq).
Removed top 30 bits (of 32) from port B of cell top.$flatten\CALCULADORA0.$eq$pos_mov.v:50$1064 ($eq).
Removed top 30 bits (of 32) from port B of cell top.$flatten\CALCULADORA0.$sub$pos_mov.v:49$1054 ($sub).
Converting cell top.$flatten\CALCULADORA0.$sub$pos_mov.v:49$1054 ($sub) from signed to unsigned.
Removed top 27 bits (of 32) from port Y of cell top.$flatten\CALCULADORA0.$sub$pos_mov.v:49$1054 ($sub).
Removed top 1 bits (of 4) from port A of cell top.$flatten\CALCULADORA0.$sub$pos_mov.v:49$1054 ($sub).
Removed top 1 bits (of 2) from port B of cell top.$flatten\CALCULADORA0.$sub$pos_mov.v:49$1054 ($sub).
Removed top 1 bits (of 5) from port Y of cell top.$flatten\CALCULADORA0.$sub$pos_mov.v:49$1054 ($sub).
Removed top 30 bits (of 32) from port A of cell top.$flatten\CALCULADORA0.$sub$pos_mov.v:49$1052 ($sub).
Converting cell top.$flatten\CALCULADORA0.$sub$pos_mov.v:49$1052 ($sub) from signed to unsigned.
Removed top 27 bits (of 32) from port Y of cell top.$flatten\CALCULADORA0.$sub$pos_mov.v:49$1052 ($sub).
Removed top 1 bits (of 2) from port A of cell top.$flatten\CALCULADORA0.$sub$pos_mov.v:49$1052 ($sub).
Removed top 1 bits (of 4) from port B of cell top.$flatten\CALCULADORA0.$sub$pos_mov.v:49$1052 ($sub).
Removed top 1 bits (of 5) from port Y of cell top.$flatten\CALCULADORA0.$sub$pos_mov.v:49$1052 ($sub).
Removed top 1 bits (of 3) from port B of cell top.$flatten\CALCULADORA0.$eq$pos_mov.v:50$1042 ($eq).
Removed top 30 bits (of 32) from port B of cell top.$flatten\CALCULADORA0.$eq$pos_mov.v:50$1040 ($eq).
Removed top 29 bits (of 32) from port B of cell top.$flatten\CALCULADORA0.$eq$pos_mov.v:50$1037 ($eq).
Removed top 29 bits (of 32) from port B of cell top.$flatten\CALCULADORA0.$eq$pos_mov.v:50$1035 ($eq).
Removed top 31 bits (of 32) from port A of cell top.$flatten\CALCULADORA0.$sub$pos_mov.v:49$1028 ($sub).
Converting cell top.$flatten\CALCULADORA0.$sub$pos_mov.v:49$1028 ($sub) from signed to unsigned.
Removed top 27 bits (of 32) from port Y of cell top.$flatten\CALCULADORA0.$sub$pos_mov.v:49$1028 ($sub).
Removed top 1 bits (of 4) from port B of cell top.$flatten\CALCULADORA0.$sub$pos_mov.v:49$1028 ($sub).
Removed top 1 bits (of 5) from port Y of cell top.$flatten\CALCULADORA0.$sub$pos_mov.v:49$1028 ($sub).
Removed top 28 bits (of 32) from port B of cell top.$flatten\CALCULADORA0.$sub$pos_mov.v:49$1025 ($sub).
Converting cell top.$flatten\CALCULADORA0.$sub$pos_mov.v:49$1025 ($sub) from signed to unsigned.
Removed top 27 bits (of 32) from port Y of cell top.$flatten\CALCULADORA0.$sub$pos_mov.v:49$1025 ($sub).
Removed top 1 bits (of 4) from port A of cell top.$flatten\CALCULADORA0.$sub$pos_mov.v:49$1025 ($sub).
Removed top 1 bits (of 4) from port B of cell top.$flatten\CALCULADORA0.$sub$pos_mov.v:49$1025 ($sub).
Removed top 1 bits (of 5) from port Y of cell top.$flatten\CALCULADORA0.$sub$pos_mov.v:49$1025 ($sub).
Removed top 28 bits (of 32) from port A of cell top.$flatten\CALCULADORA0.$sub$pos_mov.v:49$1023 ($sub).
Converting cell top.$flatten\CALCULADORA0.$sub$pos_mov.v:49$1023 ($sub) from signed to unsigned.
Removed top 27 bits (of 32) from port Y of cell top.$flatten\CALCULADORA0.$sub$pos_mov.v:49$1023 ($sub).
Removed top 1 bits (of 4) from port A of cell top.$flatten\CALCULADORA0.$sub$pos_mov.v:49$1023 ($sub).
Removed top 1 bits (of 4) from port B of cell top.$flatten\CALCULADORA0.$sub$pos_mov.v:49$1023 ($sub).
Removed top 1 bits (of 5) from port Y of cell top.$flatten\CALCULADORA0.$sub$pos_mov.v:49$1023 ($sub).
Removed top 30 bits (of 32) from port B of cell top.$flatten\CALCULADORA0.$eq$pos_mov.v:50$1018 ($eq).
Removed top 30 bits (of 32) from port B of cell top.$flatten\CALCULADORA0.$eq$pos_mov.v:50$1016 ($eq).
Removed top 29 bits (of 32) from port B of cell top.$flatten\CALCULADORA0.$eq$pos_mov.v:50$1013 ($eq).
Removed top 29 bits (of 32) from port B of cell top.$flatten\CALCULADORA0.$eq$pos_mov.v:50$1011 ($eq).
Removed top 28 bits (of 32) from port B of cell top.$flatten\CALCULADORA0.$sub$pos_mov.v:49$1006 ($sub).
Converting cell top.$flatten\CALCULADORA0.$sub$pos_mov.v:49$1006 ($sub) from signed to unsigned.
Removed top 27 bits (of 32) from port Y of cell top.$flatten\CALCULADORA0.$sub$pos_mov.v:49$1006 ($sub).
Removed top 1 bits (of 4) from port A of cell top.$flatten\CALCULADORA0.$sub$pos_mov.v:49$1006 ($sub).
Removed top 1 bits (of 4) from port B of cell top.$flatten\CALCULADORA0.$sub$pos_mov.v:49$1006 ($sub).
Removed top 1 bits (of 5) from port Y of cell top.$flatten\CALCULADORA0.$sub$pos_mov.v:49$1006 ($sub).
Removed top 28 bits (of 32) from port A of cell top.$flatten\CALCULADORA0.$sub$pos_mov.v:49$1004 ($sub).
Converting cell top.$flatten\CALCULADORA0.$sub$pos_mov.v:49$1004 ($sub) from signed to unsigned.
Removed top 27 bits (of 32) from port Y of cell top.$flatten\CALCULADORA0.$sub$pos_mov.v:49$1004 ($sub).
Removed top 1 bits (of 4) from port A of cell top.$flatten\CALCULADORA0.$sub$pos_mov.v:49$1004 ($sub).
Removed top 1 bits (of 4) from port B of cell top.$flatten\CALCULADORA0.$sub$pos_mov.v:49$1004 ($sub).
Removed top 1 bits (of 5) from port Y of cell top.$flatten\CALCULADORA0.$sub$pos_mov.v:49$1004 ($sub).
Removed top 30 bits (of 32) from port B of cell top.$flatten\CALCULADORA0.$eq$pos_mov.v:49$1002 ($eq).
Removed top 29 bits (of 32) from port B of cell top.$flatten\CALCULADORA0.$sub$pos_mov.v:49$1001 ($sub).
Converting cell top.$flatten\CALCULADORA0.$sub$pos_mov.v:49$1001 ($sub) from signed to unsigned.
Removed top 27 bits (of 32) from port Y of cell top.$flatten\CALCULADORA0.$sub$pos_mov.v:49$1001 ($sub).
Removed top 1 bits (of 4) from port A of cell top.$flatten\CALCULADORA0.$sub$pos_mov.v:49$1001 ($sub).
Removed top 1 bits (of 3) from port B of cell top.$flatten\CALCULADORA0.$sub$pos_mov.v:49$1001 ($sub).
Removed top 1 bits (of 5) from port Y of cell top.$flatten\CALCULADORA0.$sub$pos_mov.v:49$1001 ($sub).
Removed top 30 bits (of 32) from port B of cell top.$flatten\CALCULADORA0.$eq$pos_mov.v:49$1000 ($eq).
Removed top 29 bits (of 32) from port A of cell top.$flatten\CALCULADORA0.$sub$pos_mov.v:49$831 ($sub).
Converting cell top.$flatten\CALCULADORA0.$sub$pos_mov.v:49$831 ($sub) from signed to unsigned.
Removed top 27 bits (of 32) from port Y of cell top.$flatten\CALCULADORA0.$sub$pos_mov.v:49$831 ($sub).
Removed top 1 bits (of 3) from port A of cell top.$flatten\CALCULADORA0.$sub$pos_mov.v:49$831 ($sub).
Removed top 1 bits (of 4) from port B of cell top.$flatten\CALCULADORA0.$sub$pos_mov.v:49$831 ($sub).
Removed top 1 bits (of 5) from port Y of cell top.$flatten\CALCULADORA0.$sub$pos_mov.v:49$831 ($sub).
Removed top 29 bits (of 32) from port B of cell top.$flatten\CALCULADORA0.$eq$pos_mov.v:50$653 ($eq).
Removed top 29 bits (of 32) from port B of cell top.$flatten\CALCULADORA0.$eq$pos_mov.v:50$651 ($eq).
Removed top 30 bits (of 32) from port B of cell top.$flatten\CALCULADORA0.$eq$pos_mov.v:49$642 ($eq).
Removed top 29 bits (of 32) from port B of cell top.$flatten\CALCULADORA0.$sub$pos_mov.v:49$641 ($sub).
Converting cell top.$flatten\CALCULADORA0.$sub$pos_mov.v:49$641 ($sub) from signed to unsigned.
Removed top 27 bits (of 32) from port Y of cell top.$flatten\CALCULADORA0.$sub$pos_mov.v:49$641 ($sub).
Removed top 1 bits (of 4) from port A of cell top.$flatten\CALCULADORA0.$sub$pos_mov.v:49$641 ($sub).
Removed top 1 bits (of 3) from port B of cell top.$flatten\CALCULADORA0.$sub$pos_mov.v:49$641 ($sub).
Removed top 1 bits (of 5) from port Y of cell top.$flatten\CALCULADORA0.$sub$pos_mov.v:49$641 ($sub).
Removed top 30 bits (of 32) from port B of cell top.$flatten\CALCULADORA0.$eq$pos_mov.v:49$640 ($eq).
Removed top 29 bits (of 32) from port A of cell top.$flatten\CALCULADORA0.$sub$pos_mov.v:49$639 ($sub).
Converting cell top.$flatten\CALCULADORA0.$sub$pos_mov.v:49$639 ($sub) from signed to unsigned.
Removed top 27 bits (of 32) from port Y of cell top.$flatten\CALCULADORA0.$sub$pos_mov.v:49$639 ($sub).
Removed top 1 bits (of 3) from port A of cell top.$flatten\CALCULADORA0.$sub$pos_mov.v:49$639 ($sub).
Removed top 1 bits (of 4) from port B of cell top.$flatten\CALCULADORA0.$sub$pos_mov.v:49$639 ($sub).
Removed top 1 bits (of 5) from port Y of cell top.$flatten\CALCULADORA0.$sub$pos_mov.v:49$639 ($sub).
Removed top 29 bits (of 32) from port B of cell top.$flatten\CALCULADORA0.$eq$pos_mov.v:50$461 ($eq).
Removed top 29 bits (of 32) from port B of cell top.$flatten\CALCULADORA0.$eq$pos_mov.v:50$459 ($eq).
Removed top 30 bits (of 32) from port B of cell top.$flatten\CALCULADORA0.$eq$pos_mov.v:49$450 ($eq).
Removed top 30 bits (of 32) from port B of cell top.$flatten\CALCULADORA0.$sub$pos_mov.v:49$449 ($sub).
Converting cell top.$flatten\CALCULADORA0.$sub$pos_mov.v:49$449 ($sub) from signed to unsigned.
Removed top 27 bits (of 32) from port Y of cell top.$flatten\CALCULADORA0.$sub$pos_mov.v:49$449 ($sub).
Removed top 1 bits (of 4) from port A of cell top.$flatten\CALCULADORA0.$sub$pos_mov.v:49$449 ($sub).
Removed top 1 bits (of 2) from port B of cell top.$flatten\CALCULADORA0.$sub$pos_mov.v:49$449 ($sub).
Removed top 1 bits (of 5) from port Y of cell top.$flatten\CALCULADORA0.$sub$pos_mov.v:49$449 ($sub).
Removed top 30 bits (of 32) from port B of cell top.$flatten\CALCULADORA0.$eq$pos_mov.v:49$448 ($eq).
Removed top 30 bits (of 32) from port A of cell top.$flatten\CALCULADORA0.$sub$pos_mov.v:49$447 ($sub).
Converting cell top.$flatten\CALCULADORA0.$sub$pos_mov.v:49$447 ($sub) from signed to unsigned.
Removed top 27 bits (of 32) from port Y of cell top.$flatten\CALCULADORA0.$sub$pos_mov.v:49$447 ($sub).
Removed top 1 bits (of 2) from port A of cell top.$flatten\CALCULADORA0.$sub$pos_mov.v:49$447 ($sub).
Removed top 1 bits (of 4) from port B of cell top.$flatten\CALCULADORA0.$sub$pos_mov.v:49$447 ($sub).
Removed top 1 bits (of 5) from port Y of cell top.$flatten\CALCULADORA0.$sub$pos_mov.v:49$447 ($sub).
Removed top 29 bits (of 32) from port B of cell top.$flatten\CALCULADORA0.$eq$pos_mov.v:50$267 ($eq).
Removed top 1 bits (of 3) from port B of cell top.$flatten\CALCULADORA0.$eq$pos_mov.v:49$258 ($eq).
Removed top 30 bits (of 32) from port B of cell top.$flatten\CALCULADORA0.$eq$pos_mov.v:49$256 ($eq).
Removed top 31 bits (of 32) from port A of cell top.$flatten\CALCULADORA0.$sub$pos_mov.v:49$255 ($sub).
Converting cell top.$flatten\CALCULADORA0.$sub$pos_mov.v:49$255 ($sub) from signed to unsigned.
Removed top 27 bits (of 32) from port Y of cell top.$flatten\CALCULADORA0.$sub$pos_mov.v:49$255 ($sub).
Removed top 1 bits (of 4) from port B of cell top.$flatten\CALCULADORA0.$sub$pos_mov.v:49$255 ($sub).
Removed top 1 bits (of 5) from port Y of cell top.$flatten\CALCULADORA0.$sub$pos_mov.v:49$255 ($sub).
Removed top 1 bits (of 3) from port B of cell top.$flatten\mc0.$procmux$2931_CMP0 ($eq).
Removed top 1 bits (of 3) from port B of cell top.$flatten\mc0.$procmux$2924_CMP0 ($eq).
Removed top 2 bits (of 3) from port B of cell top.$flatten\mc0.$procmux$2911_CMP0 ($eq).
Removed top 1 bits (of 2) from port B of cell top.$auto$fsm_map.cc:77:implement_pattern_cache$3196 ($eq).
Removed top 1 bits (of 2) from port B of cell top.$auto$fsm_map.cc:77:implement_pattern_cache$3205 ($eq).
Removed top 1 bits (of 2) from port B of cell top.$auto$fsm_map.cc:77:implement_pattern_cache$3250 ($eq).
Removed top 6 bits (of 24) from mux cell top.$flatten\PANTALLA0.\TRADUCTOR00.$ternary$traductor.v:76$1831 ($mux).
Removed top 1 bits (of 3) from port B of cell top.$flatten\PANTALLA0.\TRADUCTOR00.$procmux$2148_CMP0 ($eq).
Removed top 2 bits (of 24) from mux cell top.$flatten\PANTALLA0.\TRADUCTOR00.$procmux$2147 ($pmux).
Removed top 2 bits (of 3) from port B of cell top.$flatten\PANTALLA0.\TRADUCTOR00.$procmux$2149_CMP0 ($eq).
Removed top 1 bits (of 3) from port B of cell top.$flatten\PANTALLA0.\TRADUCTOR00.$procmux$2150_CMP0 ($eq).
Removed top 1 bits (of 3) from mux cell top.$flatten\PANTALLA0.\TRADUCTOR00.\temp00000.$procmux$2017 ($mux).
Removed top 31 bits (of 32) from port B of cell top.$flatten\PANTALLA0.\ws2812_LED00.\countLED00.$sub$count_wsl.v:16$1839 ($sub).
Removed top 26 bits (of 32) from port Y of cell top.$flatten\PANTALLA0.\ws2812_LED00.\countLED00.$sub$count_wsl.v:16$1839 ($sub).
Removed top 1 bits (of 2) from port B of cell top.$auto$fsm_map.cc:77:implement_pattern_cache$3241 ($eq).
Removed top 1 bits (of 2) from port B of cell top.$flatten\PANTALLA0.\ws2812_LED00.\ws2812.\multiplexor00.$eq$multiplexor_ws.v:13$1861 ($eq).
Removed top 31 bits (of 32) from port B of cell top.$flatten\PANTALLA0.\ws2812_LED00.\ws2812.\count_ws00.$add$count_ws.v:12$1858 ($add).
Removed top 21 bits (of 32) from port Y of cell top.$flatten\PANTALLA0.\ws2812_LED00.\ws2812.\count_ws00.$add$count_ws.v:12$1858 ($add).
Removed top 1 bits (of 2) from port B of cell top.$auto$fsm_map.cc:77:implement_pattern_cache$3220 ($eq).
Removed top 31 bits (of 32) from port B of cell top.$flatten\PANTALLA0.\countLED00.$add$count_arr.v:13$1823 ($add).
Removed top 23 bits (of 32) from port Y of cell top.$flatten\PANTALLA0.\countLED00.$add$count_arr.v:13$1823 ($add).
Removed top 12 bits (of 32) from wire top.$add$top.v:18$235_Y.
Removed top 2 bits (of 24) from wire top.$flatten\PANTALLA0.\TRADUCTOR00.$procmux$2147_Y.
Removed top 6 bits (of 24) from wire top.$flatten\PANTALLA0.\TRADUCTOR00.$ternary$traductor.v:76$1831_Y.
Removed top 1 bits (of 3) from wire top.$flatten\PANTALLA0.\TRADUCTOR00.\temp00000.$4\codigo[2:0].
Removed top 23 bits (of 32) from wire top.$flatten\PANTALLA0.\countLED00.$add$count_arr.v:13$1823_Y.
Removed top 26 bits (of 32) from wire top.$flatten\PANTALLA0.\ws2812_LED00.\countLED00.$sub$count_wsl.v:16$1839_Y.
Removed top 21 bits (of 32) from wire top.$flatten\PANTALLA0.\ws2812_LED00.\ws2812.\count_ws00.$add$count_ws.v:12$1858_Y.

24.16. Executing PEEPOPT pass (run peephole optimizers).

24.17. Executing OPT_CLEAN pass (remove unused cells and wires).
Finding unused cells or wires in module \top..
Removed 0 unused cells and 7 unused wires.

24.18. Executing SHARE pass (SAT-based resource sharing).
Found 2 cells in module top that may be considered for resource sharing.
  Analyzing resource sharing options for $flatten\PANTALLA0.\TRADUCTOR00.$memrd$\memoriaw$traductor.v:67$1828 ($memrd):
    Found 1 activation_patterns using ctrl signal \mc0.win.
    No candidates found.
  Analyzing resource sharing options for $flatten\PANTALLA0.\TRADUCTOR00.$memrd$\memorial$traductor.v:69$1829 ($memrd):
    Found 1 activation_patterns using ctrl signal { \mc0.win \mc0.lose }.
    No candidates found.

24.19. Executing TECHMAP pass (map to technology primitives).

24.19.1. Executing Verilog-2005 frontend: /home/felipe-zorro/miniconda3/envs/digital/bin/../share/yosys/cmp2lut.v
Parsing Verilog input from `/home/felipe-zorro/miniconda3/envs/digital/bin/../share/yosys/cmp2lut.v' to AST representation.
Generating RTLIL representation for module `\_90_lut_cmp_'.
Successfully finished Verilog frontend.

24.19.2. Continuing TECHMAP pass.
No more expansions possible.

24.20. Executing OPT_EXPR pass (perform const folding).
Optimizing module top.

24.21. Executing OPT_CLEAN pass (remove unused cells and wires).
Finding unused cells or wires in module \top..

24.22. Executing TECHMAP pass (map to technology primitives).

24.22.1. Executing Verilog-2005 frontend: /home/felipe-zorro/miniconda3/envs/digital/bin/../share/yosys/mul2dsp.v
Parsing Verilog input from `/home/felipe-zorro/miniconda3/envs/digital/bin/../share/yosys/mul2dsp.v' to AST representation.
Generating RTLIL representation for module `\_80_mul'.
Generating RTLIL representation for module `\_90_soft_mul'.
Successfully finished Verilog frontend.

24.22.2. Executing Verilog-2005 frontend: /home/felipe-zorro/miniconda3/envs/digital/bin/../share/yosys/ecp5/dsp_map.v
Parsing Verilog input from `/home/felipe-zorro/miniconda3/envs/digital/bin/../share/yosys/ecp5/dsp_map.v' to AST representation.
Generating RTLIL representation for module `\$__MUL18X18'.
Successfully finished Verilog frontend.

24.22.3. Continuing TECHMAP pass.
No more expansions possible.

24.23. Executing ALUMACC pass (create $alu and $macc cells).
Extracting $alu and $macc cells in module top:
  creating $macc model for $add$top.v:18$235 ($add).
  creating $macc model for $flatten\CALCULADORA0.$sub$pos_mov.v:49$1001 ($sub).
  creating $macc model for $flatten\CALCULADORA0.$sub$pos_mov.v:49$1004 ($sub).
  creating $macc model for $flatten\CALCULADORA0.$sub$pos_mov.v:49$1006 ($sub).
  creating $macc model for $flatten\CALCULADORA0.$sub$pos_mov.v:49$1023 ($sub).
  creating $macc model for $flatten\CALCULADORA0.$sub$pos_mov.v:49$1025 ($sub).
  creating $macc model for $flatten\CALCULADORA0.$sub$pos_mov.v:49$1028 ($sub).
  creating $macc model for $flatten\CALCULADORA0.$sub$pos_mov.v:49$1052 ($sub).
  creating $macc model for $flatten\CALCULADORA0.$sub$pos_mov.v:49$1054 ($sub).
  creating $macc model for $flatten\CALCULADORA0.$sub$pos_mov.v:49$1076 ($sub).
  creating $macc model for $flatten\CALCULADORA0.$sub$pos_mov.v:49$1078 ($sub).
  creating $macc model for $flatten\CALCULADORA0.$sub$pos_mov.v:49$1100 ($sub).
  creating $macc model for $flatten\CALCULADORA0.$sub$pos_mov.v:49$1102 ($sub).
  creating $macc model for $flatten\CALCULADORA0.$sub$pos_mov.v:49$1124 ($sub).
  creating $macc model for $flatten\CALCULADORA0.$sub$pos_mov.v:49$1126 ($sub).
  creating $macc model for $flatten\CALCULADORA0.$sub$pos_mov.v:49$1148 ($sub).
  creating $macc model for $flatten\CALCULADORA0.$sub$pos_mov.v:49$1150 ($sub).
  creating $macc model for $flatten\CALCULADORA0.$sub$pos_mov.v:49$1172 ($sub).
  creating $macc model for $flatten\CALCULADORA0.$sub$pos_mov.v:49$1174 ($sub).
  creating $macc model for $flatten\CALCULADORA0.$sub$pos_mov.v:49$1215 ($sub).
  creating $macc model for $flatten\CALCULADORA0.$sub$pos_mov.v:49$1217 ($sub).
  creating $macc model for $flatten\CALCULADORA0.$sub$pos_mov.v:49$1407 ($sub).
  creating $macc model for $flatten\CALCULADORA0.$sub$pos_mov.v:49$1409 ($sub).
  creating $macc model for $flatten\CALCULADORA0.$sub$pos_mov.v:49$1599 ($sub).
  creating $macc model for $flatten\CALCULADORA0.$sub$pos_mov.v:49$1601 ($sub).
  creating $macc model for $flatten\CALCULADORA0.$sub$pos_mov.v:49$255 ($sub).
  creating $macc model for $flatten\CALCULADORA0.$sub$pos_mov.v:49$447 ($sub).
  creating $macc model for $flatten\CALCULADORA0.$sub$pos_mov.v:49$449 ($sub).
  creating $macc model for $flatten\CALCULADORA0.$sub$pos_mov.v:49$639 ($sub).
  creating $macc model for $flatten\CALCULADORA0.$sub$pos_mov.v:49$641 ($sub).
  creating $macc model for $flatten\CALCULADORA0.$sub$pos_mov.v:49$831 ($sub).
  creating $macc model for $flatten\CURSOR0.$add$cursor.v:23$1812 ($add).
  creating $macc model for $flatten\CURSOR0.$add$cursor.v:25$1814 ($add).
  creating $macc model for $flatten\CURSOR0.$sub$cursor.v:24$1813 ($sub).
  creating $macc model for $flatten\CURSOR0.$sub$cursor.v:26$1815 ($sub).
  creating $macc model for $flatten\JUGADAS0.$add$reg_jugadas.v:24$1809 ($add).
  creating $macc model for $flatten\JUGADAS0.$neg$reg_jugadas.v:0$1800 ($neg).
  creating $macc model for $flatten\PANTALLA0.\countLED00.$add$count_arr.v:13$1823 ($add).
  creating $macc model for $flatten\PANTALLA0.\ws2812_LED00.\countLED00.$sub$count_wsl.v:16$1839 ($sub).
  creating $macc model for $flatten\PANTALLA0.\ws2812_LED00.\ws2812.\count_ws00.$add$count_ws.v:12$1858 ($add).
  creating $alu model for $macc $flatten\PANTALLA0.\ws2812_LED00.\ws2812.\count_ws00.$add$count_ws.v:12$1858.
  creating $alu model for $macc $flatten\PANTALLA0.\ws2812_LED00.\countLED00.$sub$count_wsl.v:16$1839.
  creating $alu model for $macc $flatten\PANTALLA0.\countLED00.$add$count_arr.v:13$1823.
  creating $alu model for $macc $flatten\JUGADAS0.$neg$reg_jugadas.v:0$1800.
  creating $alu model for $macc $flatten\JUGADAS0.$add$reg_jugadas.v:24$1809.
  creating $alu model for $macc $flatten\CURSOR0.$sub$cursor.v:26$1815.
  creating $alu model for $macc $flatten\CURSOR0.$sub$cursor.v:24$1813.
  creating $alu model for $macc $flatten\CURSOR0.$add$cursor.v:25$1814.
  creating $alu model for $macc $flatten\CURSOR0.$add$cursor.v:23$1812.
  creating $alu model for $macc $flatten\CALCULADORA0.$sub$pos_mov.v:49$831.
  creating $alu model for $macc $flatten\CALCULADORA0.$sub$pos_mov.v:49$641.
  creating $alu model for $macc $flatten\CALCULADORA0.$sub$pos_mov.v:49$639.
  creating $alu model for $macc $flatten\CALCULADORA0.$sub$pos_mov.v:49$449.
  creating $alu model for $macc $flatten\CALCULADORA0.$sub$pos_mov.v:49$447.
  creating $alu model for $macc $flatten\CALCULADORA0.$sub$pos_mov.v:49$255.
  creating $alu model for $macc $flatten\CALCULADORA0.$sub$pos_mov.v:49$1601.
  creating $alu model for $macc $flatten\CALCULADORA0.$sub$pos_mov.v:49$1599.
  creating $alu model for $macc $flatten\CALCULADORA0.$sub$pos_mov.v:49$1409.
  creating $alu model for $macc $flatten\CALCULADORA0.$sub$pos_mov.v:49$1407.
  creating $alu model for $macc $flatten\CALCULADORA0.$sub$pos_mov.v:49$1217.
  creating $alu model for $macc $flatten\CALCULADORA0.$sub$pos_mov.v:49$1215.
  creating $alu model for $macc $flatten\CALCULADORA0.$sub$pos_mov.v:49$1174.
  creating $alu model for $macc $flatten\CALCULADORA0.$sub$pos_mov.v:49$1172.
  creating $alu model for $macc $flatten\CALCULADORA0.$sub$pos_mov.v:49$1150.
  creating $alu model for $macc $flatten\CALCULADORA0.$sub$pos_mov.v:49$1148.
  creating $alu model for $macc $flatten\CALCULADORA0.$sub$pos_mov.v:49$1126.
  creating $alu model for $macc $flatten\CALCULADORA0.$sub$pos_mov.v:49$1124.
  creating $alu model for $macc $flatten\CALCULADORA0.$sub$pos_mov.v:49$1102.
  creating $alu model for $macc $flatten\CALCULADORA0.$sub$pos_mov.v:49$1100.
  creating $alu model for $macc $flatten\CALCULADORA0.$sub$pos_mov.v:49$1078.
  creating $alu model for $macc $flatten\CALCULADORA0.$sub$pos_mov.v:49$1076.
  creating $alu model for $macc $flatten\CALCULADORA0.$sub$pos_mov.v:49$1054.
  creating $alu model for $macc $flatten\CALCULADORA0.$sub$pos_mov.v:49$1052.
  creating $alu model for $macc $flatten\CALCULADORA0.$sub$pos_mov.v:49$1028.
  creating $alu model for $macc $flatten\CALCULADORA0.$sub$pos_mov.v:49$1025.
  creating $alu model for $macc $flatten\CALCULADORA0.$sub$pos_mov.v:49$1023.
  creating $alu model for $macc $flatten\CALCULADORA0.$sub$pos_mov.v:49$1006.
  creating $alu model for $macc $flatten\CALCULADORA0.$sub$pos_mov.v:49$1004.
  creating $alu model for $macc $flatten\CALCULADORA0.$sub$pos_mov.v:49$1001.
  creating $alu model for $macc $add$top.v:18$235.
  creating $alu model for $flatten\mc0.$ge$mc.v:56$245 ($ge): new $alu
  creating $alu model for $lt$top.v:17$234 ($lt): new $alu
  creating $alu cell for $lt$top.v:17$234: $auto$alumacc.cc:485:replace_alu$3517
  creating $alu cell for $flatten\mc0.$ge$mc.v:56$245: $auto$alumacc.cc:485:replace_alu$3528
  creating $alu cell for $add$top.v:18$235: $auto$alumacc.cc:485:replace_alu$3537
  creating $alu cell for $flatten\CALCULADORA0.$sub$pos_mov.v:49$1001: $auto$alumacc.cc:485:replace_alu$3540
  creating $alu cell for $flatten\CALCULADORA0.$sub$pos_mov.v:49$1004: $auto$alumacc.cc:485:replace_alu$3543
  creating $alu cell for $flatten\CALCULADORA0.$sub$pos_mov.v:49$1006: $auto$alumacc.cc:485:replace_alu$3546
  creating $alu cell for $flatten\CALCULADORA0.$sub$pos_mov.v:49$1023: $auto$alumacc.cc:485:replace_alu$3549
  creating $alu cell for $flatten\CALCULADORA0.$sub$pos_mov.v:49$1025: $auto$alumacc.cc:485:replace_alu$3552
  creating $alu cell for $flatten\CALCULADORA0.$sub$pos_mov.v:49$1028: $auto$alumacc.cc:485:replace_alu$3555
  creating $alu cell for $flatten\CALCULADORA0.$sub$pos_mov.v:49$1052: $auto$alumacc.cc:485:replace_alu$3558
  creating $alu cell for $flatten\CALCULADORA0.$sub$pos_mov.v:49$1054: $auto$alumacc.cc:485:replace_alu$3561
  creating $alu cell for $flatten\CALCULADORA0.$sub$pos_mov.v:49$1076: $auto$alumacc.cc:485:replace_alu$3564
  creating $alu cell for $flatten\CALCULADORA0.$sub$pos_mov.v:49$1078: $auto$alumacc.cc:485:replace_alu$3567
  creating $alu cell for $flatten\CALCULADORA0.$sub$pos_mov.v:49$1100: $auto$alumacc.cc:485:replace_alu$3570
  creating $alu cell for $flatten\CALCULADORA0.$sub$pos_mov.v:49$1102: $auto$alumacc.cc:485:replace_alu$3573
  creating $alu cell for $flatten\CALCULADORA0.$sub$pos_mov.v:49$1124: $auto$alumacc.cc:485:replace_alu$3576
  creating $alu cell for $flatten\CALCULADORA0.$sub$pos_mov.v:49$1126: $auto$alumacc.cc:485:replace_alu$3579
  creating $alu cell for $flatten\CALCULADORA0.$sub$pos_mov.v:49$1148: $auto$alumacc.cc:485:replace_alu$3582
  creating $alu cell for $flatten\CALCULADORA0.$sub$pos_mov.v:49$1150: $auto$alumacc.cc:485:replace_alu$3585
  creating $alu cell for $flatten\CALCULADORA0.$sub$pos_mov.v:49$1172: $auto$alumacc.cc:485:replace_alu$3588
  creating $alu cell for $flatten\CALCULADORA0.$sub$pos_mov.v:49$1174: $auto$alumacc.cc:485:replace_alu$3591
  creating $alu cell for $flatten\CALCULADORA0.$sub$pos_mov.v:49$1215: $auto$alumacc.cc:485:replace_alu$3594
  creating $alu cell for $flatten\CALCULADORA0.$sub$pos_mov.v:49$1217: $auto$alumacc.cc:485:replace_alu$3597
  creating $alu cell for $flatten\CALCULADORA0.$sub$pos_mov.v:49$1407: $auto$alumacc.cc:485:replace_alu$3600
  creating $alu cell for $flatten\CALCULADORA0.$sub$pos_mov.v:49$1409: $auto$alumacc.cc:485:replace_alu$3603
  creating $alu cell for $flatten\CALCULADORA0.$sub$pos_mov.v:49$1599: $auto$alumacc.cc:485:replace_alu$3606
  creating $alu cell for $flatten\CALCULADORA0.$sub$pos_mov.v:49$1601: $auto$alumacc.cc:485:replace_alu$3609
  creating $alu cell for $flatten\CALCULADORA0.$sub$pos_mov.v:49$255: $auto$alumacc.cc:485:replace_alu$3612
  creating $alu cell for $flatten\CALCULADORA0.$sub$pos_mov.v:49$447: $auto$alumacc.cc:485:replace_alu$3615
  creating $alu cell for $flatten\CALCULADORA0.$sub$pos_mov.v:49$449: $auto$alumacc.cc:485:replace_alu$3618
  creating $alu cell for $flatten\CALCULADORA0.$sub$pos_mov.v:49$639: $auto$alumacc.cc:485:replace_alu$3621
  creating $alu cell for $flatten\CALCULADORA0.$sub$pos_mov.v:49$641: $auto$alumacc.cc:485:replace_alu$3624
  creating $alu cell for $flatten\CALCULADORA0.$sub$pos_mov.v:49$831: $auto$alumacc.cc:485:replace_alu$3627
  creating $alu cell for $flatten\CURSOR0.$add$cursor.v:23$1812: $auto$alumacc.cc:485:replace_alu$3630
  creating $alu cell for $flatten\CURSOR0.$add$cursor.v:25$1814: $auto$alumacc.cc:485:replace_alu$3633
  creating $alu cell for $flatten\CURSOR0.$sub$cursor.v:24$1813: $auto$alumacc.cc:485:replace_alu$3636
  creating $alu cell for $flatten\CURSOR0.$sub$cursor.v:26$1815: $auto$alumacc.cc:485:replace_alu$3639
  creating $alu cell for $flatten\JUGADAS0.$add$reg_jugadas.v:24$1809: $auto$alumacc.cc:485:replace_alu$3642
  creating $alu cell for $flatten\JUGADAS0.$neg$reg_jugadas.v:0$1800: $auto$alumacc.cc:485:replace_alu$3645
  creating $alu cell for $flatten\PANTALLA0.\countLED00.$add$count_arr.v:13$1823: $auto$alumacc.cc:485:replace_alu$3648
  creating $alu cell for $flatten\PANTALLA0.\ws2812_LED00.\countLED00.$sub$count_wsl.v:16$1839: $auto$alumacc.cc:485:replace_alu$3651
  creating $alu cell for $flatten\PANTALLA0.\ws2812_LED00.\ws2812.\count_ws00.$add$count_ws.v:12$1858: $auto$alumacc.cc:485:replace_alu$3654
  created 42 $alu and 0 $macc cells.

24.24. Executing OPT pass (performing simple optimizations).

24.24.1. Executing OPT_EXPR pass (perform const folding).
Optimizing module top.

24.24.2. Executing OPT_MERGE pass (detect identical cells).
Finding identical cells in module `\top'.
Removed a total of 0 cells.

24.24.3. Executing OPT_MUXTREE pass (detect dead branches in mux trees).
Running muxtree optimizer on module \top..
  Creating internal representation of mux trees.
  Evaluating internal representation of mux trees.
  Analyzing evaluation results.
Removed 0 multiplexer ports.

24.24.4. Executing OPT_REDUCE pass (consolidate $*mux and $reduce_* inputs).
  Optimizing cells in module \top.
Performed a total of 0 changes.

24.24.5. Executing OPT_MERGE pass (detect identical cells).
Finding identical cells in module `\top'.
Removed a total of 0 cells.

24.24.6. Executing OPT_DFF pass (perform DFF optimizations).

24.24.7. Executing OPT_CLEAN pass (remove unused cells and wires).
Finding unused cells or wires in module \top..
Removed 0 unused cells and 2 unused wires.

24.24.8. Executing OPT_EXPR pass (perform const folding).
Optimizing module top.

24.24.9. Rerunning OPT passes. (Maybe there is more to do..)

24.24.10. Executing OPT_MUXTREE pass (detect dead branches in mux trees).
Running muxtree optimizer on module \top..
  Creating internal representation of mux trees.
  Evaluating internal representation of mux trees.
  Analyzing evaluation results.
Removed 0 multiplexer ports.

24.24.11. Executing OPT_REDUCE pass (consolidate $*mux and $reduce_* inputs).
  Optimizing cells in module \top.
Performed a total of 0 changes.

24.24.12. Executing OPT_MERGE pass (detect identical cells).
Finding identical cells in module `\top'.
Removed a total of 0 cells.

24.24.13. Executing OPT_DFF pass (perform DFF optimizations).

24.24.14. Executing OPT_CLEAN pass (remove unused cells and wires).
Finding unused cells or wires in module \top..

24.24.15. Executing OPT_EXPR pass (perform const folding).
Optimizing module top.

24.24.16. Finished OPT passes. (There is nothing left to do.)

24.25. Executing MEMORY pass.

24.25.1. Executing OPT_MEM pass (optimize memories).
top.PANTALLA0.TRADUCTOR00.memorial: removing const-1 lane 8
top.PANTALLA0.TRADUCTOR00.memorial: removing const-1 lane 9
top.PANTALLA0.TRADUCTOR00.memorial: removing const-1 lane 10
top.PANTALLA0.TRADUCTOR00.memorial: removing const-1 lane 11
top.PANTALLA0.TRADUCTOR00.memorial: removing const-1 lane 12
top.PANTALLA0.TRADUCTOR00.memorial: removing const-1 lane 13
top.PANTALLA0.TRADUCTOR00.memorial: removing const-1 lane 14
top.PANTALLA0.TRADUCTOR00.memorial: removing const-1 lane 15
top.PANTALLA0.TRADUCTOR00.memoriaw: removing const-1 lane 16
top.PANTALLA0.TRADUCTOR00.memoriaw: removing const-1 lane 17
top.PANTALLA0.TRADUCTOR00.memoriaw: removing const-1 lane 18
top.PANTALLA0.TRADUCTOR00.memoriaw: removing const-1 lane 19
top.PANTALLA0.TRADUCTOR00.memoriaw: removing const-1 lane 20
top.PANTALLA0.TRADUCTOR00.memoriaw: removing const-1 lane 21
top.PANTALLA0.TRADUCTOR00.memoriaw: removing const-1 lane 22
top.PANTALLA0.TRADUCTOR00.memoriaw: removing const-1 lane 23
Performed a total of 2 transformations.

24.25.2. Executing OPT_MEM_PRIORITY pass (removing unnecessary memory write priority relations).
Performed a total of 0 transformations.

24.25.3. Executing OPT_MEM_FEEDBACK pass (finding memory read-to-write feedback paths).

24.25.4. Executing MEMORY_BMUX2ROM pass (converting muxes to ROMs).

24.25.5. Executing MEMORY_DFF pass (merging $dff cells to $memrd).
Checking read port `\PANTALLA0.TRADUCTOR00.memorial'[0] in module `\top': FF found, but with a mux select that doesn't seem to correspond to transparency logic.
Checking read port `\PANTALLA0.TRADUCTOR00.memoriaw'[0] in module `\top': FF found, but with a mux select that doesn't seem to correspond to transparency logic.
Checking read port address `\PANTALLA0.TRADUCTOR00.memorial'[0] in module `\top': merged address FF to cell.
Checking read port address `\PANTALLA0.TRADUCTOR00.memoriaw'[0] in module `\top': merged address FF to cell.

24.25.6. Executing OPT_CLEAN pass (remove unused cells and wires).
Finding unused cells or wires in module \top..

24.25.7. Executing MEMORY_SHARE pass (consolidating $memrd/$memwr cells).

24.25.8. Executing OPT_MEM_WIDEN pass (optimize memories where all ports are wide).
Performed a total of 0 transformations.

24.25.9. Executing OPT_CLEAN pass (remove unused cells and wires).
Finding unused cells or wires in module \top..

24.25.10. Executing MEMORY_COLLECT pass (generating $mem cells).

24.26. Executing OPT_CLEAN pass (remove unused cells and wires).
Finding unused cells or wires in module \top..

24.27. Executing MEMORY_LIBMAP pass (mapping memories to cells).
mapping memory top.PANTALLA0.TRADUCTOR00.memorial via $__ECP5_DP16KD_
mapping memory top.PANTALLA0.TRADUCTOR00.memoriaw via $__ECP5_DP16KD_

24.28. Executing TECHMAP pass (map to technology primitives).

24.28.1. Executing Verilog-2005 frontend: /home/felipe-zorro/miniconda3/envs/digital/bin/../share/yosys/ecp5/lutrams_map.v
Parsing Verilog input from `/home/felipe-zorro/miniconda3/envs/digital/bin/../share/yosys/ecp5/lutrams_map.v' to AST representation.
Generating RTLIL representation for module `\$__TRELLIS_DPR16X4_'.
Successfully finished Verilog frontend.

24.28.2. Executing Verilog-2005 frontend: /home/felipe-zorro/miniconda3/envs/digital/bin/../share/yosys/ecp5/brams_map.v
Parsing Verilog input from `/home/felipe-zorro/miniconda3/envs/digital/bin/../share/yosys/ecp5/brams_map.v' to AST representation.
Generating RTLIL representation for module `\$__ECP5_DP16KD_'.
Generating RTLIL representation for module `\$__ECP5_PDPW16KD_'.
Successfully finished Verilog frontend.

24.28.3. Continuing TECHMAP pass.
Using template $paramod$d9ca2254baf018493623a686df1e79abaab62c94\$__ECP5_DP16KD_ for cells of type $__ECP5_DP16KD_.
Using template $paramod$852ab4495e62555c874352517521b10f389db059\$__ECP5_DP16KD_ for cells of type $__ECP5_DP16KD_.
No more expansions possible.

24.29. Executing OPT pass (performing simple optimizations).

24.29.1. Executing OPT_EXPR pass (perform const folding).
Optimizing module top.

24.29.2. Executing OPT_MERGE pass (detect identical cells).
Finding identical cells in module `\top'.
Removed a total of 18 cells.

24.29.3. Executing OPT_DFF pass (perform DFF optimizations).
Adding SRST signal on $flatten\PANTALLA0.\TRADUCTOR00.$procdff$2976 ($dff) from module top (D = $flatten\PANTALLA0.\TRADUCTOR00.$procmux$2153_Y [23:16], Q = \PANTALLA0.TRADUCTOR00.RGB [23:16], rval = 8'11111111).

24.29.4. Executing OPT_CLEAN pass (remove unused cells and wires).
Finding unused cells or wires in module \top..
Removed 0 unused cells and 92 unused wires.

24.29.5. Rerunning OPT passes. (Removed registers in this run.)

24.29.6. Executing OPT_EXPR pass (perform const folding).
Optimizing module top.

24.29.7. Executing OPT_MERGE pass (detect identical cells).
Finding identical cells in module `\top'.
Removed a total of 0 cells.

24.29.8. Executing OPT_DFF pass (perform DFF optimizations).
Adding SRST signal on $auto$ff.cc:266:slice$3374 ($dffe) from module top (D = \PANTALLA0.TRADUCTOR00.RGB [0], Q = \PANTALLA0.ws2812_LED00.shiftLED00.o_RGB [0], rval = 1'0).

24.29.9. Executing OPT_CLEAN pass (remove unused cells and wires).
Finding unused cells or wires in module \top..

24.29.10. Rerunning OPT passes. (Removed registers in this run.)

24.29.11. Executing OPT_EXPR pass (perform const folding).
Optimizing module top.

24.29.12. Executing OPT_MERGE pass (detect identical cells).
Finding identical cells in module `\top'.
Removed a total of 0 cells.

24.29.13. Executing OPT_DFF pass (perform DFF optimizations).

24.29.14. Executing OPT_CLEAN pass (remove unused cells and wires).
Finding unused cells or wires in module \top..

24.29.15. Finished fast OPT passes.

24.30. Executing MEMORY_MAP pass (converting memories to logic and flip-flops).

24.31. Executing OPT pass (performing simple optimizations).

24.31.1. Executing OPT_EXPR pass (perform const folding).
Optimizing module top.

24.31.2. Executing OPT_MERGE pass (detect identical cells).
Finding identical cells in module `\top'.
Removed a total of 0 cells.

24.31.3. Executing OPT_MUXTREE pass (detect dead branches in mux trees).
Running muxtree optimizer on module \top..
  Creating internal representation of mux trees.
  Evaluating internal representation of mux trees.
  Analyzing evaluation results.
Removed 0 multiplexer ports.

24.31.4. Executing OPT_REDUCE pass (consolidate $*mux and $reduce_* inputs).
  Optimizing cells in module \top.
    Consolidated identical input bits for $pmux cell $flatten\PANTALLA0.\TRADUCTOR00.$procmux$2147:
      Old ports: A={ 4'0000 $auto$wreduce.cc:461:run$3509 [17:0] }, B=88'1000000010000000100000000000000000000011000000000000100000000000001000000000000000000000, Y=$auto$wreduce.cc:461:run$3508 [21:0]
      New ports: A={ 1'0 $auto$wreduce.cc:461:run$3509 [17:0] }, B=76'1000010000000100000000000000000011000000000100000000000001000000000000000000, Y={ $auto$wreduce.cc:461:run$3508 [21] $auto$wreduce.cc:461:run$3508 [17:0] }
      New connections: $auto$wreduce.cc:461:run$3508 [20:18] = 3'000
    Consolidated identical input bits for $mux cell $flatten\PANTALLA0.\TRADUCTOR00.$ternary$traductor.v:76$1831:
      Old ports: A=18'000000000000000000, B=18'100000001000000010, Y=$auto$wreduce.cc:461:run$3509 [17:0]
      New ports: A=1'0, B=1'1, Y=$auto$wreduce.cc:461:run$3509 [1]
      New connections: { $auto$wreduce.cc:461:run$3509 [17:2] $auto$wreduce.cc:461:run$3509 [0] } = { $auto$wreduce.cc:461:run$3509 [1] 7'0000000 $auto$wreduce.cc:461:run$3509 [1] 8'00000000 }
    Consolidated identical input bits for $mux cell $flatten\PANTALLA0.\TRADUCTOR00.\temp00000.$procmux$2017:
      Old ports: A=2'00, B=2'10, Y=$auto$wreduce.cc:461:run$3510 [1:0]
      New ports: A=1'0, B=1'1, Y=$auto$wreduce.cc:461:run$3510 [1]
      New connections: $auto$wreduce.cc:461:run$3510 [0] = 1'0
    Consolidated identical input bits for $mux cell $flatten\PANTALLA0.\TRADUCTOR00.\temp00000.$procmux$2029:
      Old ports: A={ 1'0 $auto$wreduce.cc:461:run$3510 [1:0] }, B=3'001, Y=$flatten\PANTALLA0.\TRADUCTOR00.\temp00000.$3\codigo[2:0]
      New ports: A=$auto$wreduce.cc:461:run$3510 [1:0], B=2'01, Y=$flatten\PANTALLA0.\TRADUCTOR00.\temp00000.$3\codigo[2:0] [1:0]
      New connections: $flatten\PANTALLA0.\TRADUCTOR00.\temp00000.$3\codigo[2:0] [2] = 1'0
    Consolidated identical input bits for $mux cell $flatten\PANTALLA0.\ws2812_LED00.\ws2812.\multiplexor00.$procmux$1892:
      Old ports: A=11'x00xxxxxxxx, B=11'00000001010, Y=$flatten\PANTALLA0.\ws2812_LED00.\ws2812.\multiplexor00.$procmux$1892_Y
      New ports: A=2'x, B=2'10, Y=$flatten\PANTALLA0.\ws2812_LED00.\ws2812.\multiplexor00.$procmux$1892_Y [1:0]
      New connections: $flatten\PANTALLA0.\ws2812_LED00.\ws2812.\multiplexor00.$procmux$1892_Y [10:2] = { $flatten\PANTALLA0.\ws2812_LED00.\ws2812.\multiplexor00.$procmux$1892_Y [0] 2'00 $flatten\PANTALLA0.\ws2812_LED00.\ws2812.\multiplexor00.$procmux$1892_Y [0] $flatten\PANTALLA0.\ws2812_LED00.\ws2812.\multiplexor00.$procmux$1892_Y [0] $flatten\PANTALLA0.\ws2812_LED00.\ws2812.\multiplexor00.$procmux$1892_Y [0] $flatten\PANTALLA0.\ws2812_LED00.\ws2812.\multiplexor00.$procmux$1892_Y [0] $flatten\PANTALLA0.\ws2812_LED00.\ws2812.\multiplexor00.$procmux$1892_Y [1:0] }
    Consolidated identical input bits for $mux cell $flatten\mc0.$procmux$2926:
      Old ports: A=3'110, B=3'011, Y=$flatten\mc0.$procmux$2926_Y
      New ports: A=2'10, B=2'01, Y={ $flatten\mc0.$procmux$2926_Y [2] $flatten\mc0.$procmux$2926_Y [0] }
      New connections: $flatten\mc0.$procmux$2926_Y [1] = 1'1
  Optimizing cells in module \top.
    Consolidated identical input bits for $pmux cell $flatten\PANTALLA0.\TRADUCTOR00.$procmux$2147:
      Old ports: A={ 1'0 $auto$wreduce.cc:461:run$3509 [17:0] }, B=76'1000010000000100000000000000000011000000000100000000000001000000000000000000, Y={ $auto$wreduce.cc:461:run$3508 [21] $auto$wreduce.cc:461:run$3508 [17:0] }
      New ports: A={ 4'0000 $auto$wreduce.cc:461:run$3509 [1] }, B=20'11100001100100010000, Y={ $auto$wreduce.cc:461:run$3508 [21] $auto$wreduce.cc:461:run$3508 [13] $auto$wreduce.cc:461:run$3508 [5:4] $auto$wreduce.cc:461:run$3508 [1] }
      New connections: { $auto$wreduce.cc:461:run$3508 [17:14] $auto$wreduce.cc:461:run$3508 [12:6] $auto$wreduce.cc:461:run$3508 [3:2] $auto$wreduce.cc:461:run$3508 [0] } = { $auto$wreduce.cc:461:run$3508 [1] 6'000000 $auto$wreduce.cc:461:run$3508 [1] 6'000000 }
    Consolidated identical input bits for $mux cell $flatten\PANTALLA0.\TRADUCTOR00.\temp00000.$procmux$2038:
      Old ports: A=$flatten\PANTALLA0.\TRADUCTOR00.\temp00000.$3\codigo[2:0], B=3'011, Y=$flatten\PANTALLA0.\TRADUCTOR00.\temp00000.$2\codigo[2:0]
      New ports: A=$flatten\PANTALLA0.\TRADUCTOR00.\temp00000.$3\codigo[2:0] [1:0], B=2'11, Y=$flatten\PANTALLA0.\TRADUCTOR00.\temp00000.$2\codigo[2:0] [1:0]
      New connections: $flatten\PANTALLA0.\TRADUCTOR00.\temp00000.$2\codigo[2:0] [2] = 1'0
    Consolidated identical input bits for $mux cell $flatten\PANTALLA0.\ws2812_LED00.\ws2812.\multiplexor00.$procmux$1894:
      Old ports: A=$flatten\PANTALLA0.\ws2812_LED00.\ws2812.\multiplexor00.$procmux$1892_Y, B=11'00000010100, Y=$flatten\PANTALLA0.\ws2812_LED00.\ws2812.\multiplexor00.$procmux$1894_Y
      New ports: A={ $flatten\PANTALLA0.\ws2812_LED00.\ws2812.\multiplexor00.$procmux$1892_Y [0] $flatten\PANTALLA0.\ws2812_LED00.\ws2812.\multiplexor00.$procmux$1892_Y [1:0] }, B=3'100, Y=$flatten\PANTALLA0.\ws2812_LED00.\ws2812.\multiplexor00.$procmux$1894_Y [2:0]
      New connections: $flatten\PANTALLA0.\ws2812_LED00.\ws2812.\multiplexor00.$procmux$1894_Y [10:3] = { $flatten\PANTALLA0.\ws2812_LED00.\ws2812.\multiplexor00.$procmux$1894_Y [0] 2'00 $flatten\PANTALLA0.\ws2812_LED00.\ws2812.\multiplexor00.$procmux$1894_Y [0] $flatten\PANTALLA0.\ws2812_LED00.\ws2812.\multiplexor00.$procmux$1894_Y [0] $flatten\PANTALLA0.\ws2812_LED00.\ws2812.\multiplexor00.$procmux$1894_Y [0] $flatten\PANTALLA0.\ws2812_LED00.\ws2812.\multiplexor00.$procmux$1894_Y [2:1] }
  Optimizing cells in module \top.
    Consolidated identical input bits for $mux cell $flatten\PANTALLA0.\TRADUCTOR00.$procmux$2153:
      Old ports: A={ 2'00 $auto$wreduce.cc:461:run$3508 [21:0] }, B={ $auto$memory_libmap.cc:1950:emit_port$3669 [15:8] 8'11111111 $auto$memory_libmap.cc:1950:emit_port$3669 [7:0] }, Y=$flatten\PANTALLA0.\TRADUCTOR00.$procmux$2153_Y
      New ports: A={ 2'00 $auto$wreduce.cc:461:run$3508 [21] 3'000 $auto$wreduce.cc:461:run$3508 [1] 1'0 $auto$wreduce.cc:461:run$3508 [13] $auto$wreduce.cc:461:run$3508 [1] 3'000 $auto$wreduce.cc:461:run$3508 [5:4] 2'00 $auto$wreduce.cc:461:run$3508 [1] 1'0 }, B={ $auto$memory_libmap.cc:1950:emit_port$3669 [15:8] 3'111 $auto$memory_libmap.cc:1950:emit_port$3669 [7:0] }, Y={ $flatten\PANTALLA0.\TRADUCTOR00.$procmux$2153_Y [23:16] $flatten\PANTALLA0.\TRADUCTOR00.$procmux$2153_Y [13] $flatten\PANTALLA0.\TRADUCTOR00.$procmux$2153_Y [9:0] }
      New connections: { $flatten\PANTALLA0.\TRADUCTOR00.$procmux$2153_Y [15:14] $flatten\PANTALLA0.\TRADUCTOR00.$procmux$2153_Y [12:10] } = { $flatten\PANTALLA0.\TRADUCTOR00.$procmux$2153_Y [8] $flatten\PANTALLA0.\TRADUCTOR00.$procmux$2153_Y [8] $flatten\PANTALLA0.\TRADUCTOR00.$procmux$2153_Y [8] $flatten\PANTALLA0.\TRADUCTOR00.$procmux$2153_Y [8] $flatten\PANTALLA0.\TRADUCTOR00.$procmux$2153_Y [8] }
    Consolidated identical input bits for $mux cell $flatten\PANTALLA0.\ws2812_LED00.\ws2812.\multiplexor00.$procmux$1896:
      Old ports: A=$flatten\PANTALLA0.\ws2812_LED00.\ws2812.\multiplexor00.$procmux$1894_Y, B=11'10011100010, Y=$flatten\PANTALLA0.\ws2812_LED00.\ws2812.\multiplexor00.$procmux$1896_Y
      New ports: A={ $flatten\PANTALLA0.\ws2812_LED00.\ws2812.\multiplexor00.$procmux$1894_Y [0] $flatten\PANTALLA0.\ws2812_LED00.\ws2812.\multiplexor00.$procmux$1894_Y [1] $flatten\PANTALLA0.\ws2812_LED00.\ws2812.\multiplexor00.$procmux$1894_Y [2:0] }, B=5'10010, Y={ $flatten\PANTALLA0.\ws2812_LED00.\ws2812.\multiplexor00.$procmux$1896_Y [5] $flatten\PANTALLA0.\ws2812_LED00.\ws2812.\multiplexor00.$procmux$1896_Y [3:0] }
      New connections: { $flatten\PANTALLA0.\ws2812_LED00.\ws2812.\multiplexor00.$procmux$1896_Y [10:6] $flatten\PANTALLA0.\ws2812_LED00.\ws2812.\multiplexor00.$procmux$1896_Y [4] } = { $flatten\PANTALLA0.\ws2812_LED00.\ws2812.\multiplexor00.$procmux$1896_Y [5] 2'00 $flatten\PANTALLA0.\ws2812_LED00.\ws2812.\multiplexor00.$procmux$1896_Y [5] $flatten\PANTALLA0.\ws2812_LED00.\ws2812.\multiplexor00.$procmux$1896_Y [5] $flatten\PANTALLA0.\ws2812_LED00.\ws2812.\multiplexor00.$procmux$1896_Y [2] }
  Optimizing cells in module \top.
Performed a total of 11 changes.

24.31.5. Executing OPT_MERGE pass (detect identical cells).
Finding identical cells in module `\top'.
Removed a total of 0 cells.

24.31.6. Executing OPT_DFF pass (perform DFF optimizations).

24.31.7. Executing OPT_CLEAN pass (remove unused cells and wires).
Finding unused cells or wires in module \top..

24.31.8. Executing OPT_EXPR pass (perform const folding).
Optimizing module top.

24.31.9. Rerunning OPT passes. (Maybe there is more to do..)

24.31.10. Executing OPT_MUXTREE pass (detect dead branches in mux trees).
Running muxtree optimizer on module \top..
  Creating internal representation of mux trees.
  Evaluating internal representation of mux trees.
  Analyzing evaluation results.
Removed 0 multiplexer ports.

24.31.11. Executing OPT_REDUCE pass (consolidate $*mux and $reduce_* inputs).
  Optimizing cells in module \top.
Performed a total of 0 changes.

24.31.12. Executing OPT_MERGE pass (detect identical cells).
Finding identical cells in module `\top'.
Removed a total of 0 cells.

24.31.13. Executing OPT_DFF pass (perform DFF optimizations).

24.31.14. Executing OPT_CLEAN pass (remove unused cells and wires).
Finding unused cells or wires in module \top..

24.31.15. Executing OPT_EXPR pass (perform const folding).
Optimizing module top.

24.31.16. Finished OPT passes. (There is nothing left to do.)

24.32. Executing TECHMAP pass (map to technology primitives).

24.32.1. Executing Verilog-2005 frontend: /home/felipe-zorro/miniconda3/envs/digital/bin/../share/yosys/techmap.v
Parsing Verilog input from `/home/felipe-zorro/miniconda3/envs/digital/bin/../share/yosys/techmap.v' to AST representation.
Generating RTLIL representation for module `\_90_simplemap_bool_ops'.
Generating RTLIL representation for module `\_90_simplemap_reduce_ops'.
Generating RTLIL representation for module `\_90_simplemap_logic_ops'.
Generating RTLIL representation for module `\_90_simplemap_compare_ops'.
Generating RTLIL representation for module `\_90_simplemap_various'.
Generating RTLIL representation for module `\_90_simplemap_registers'.
Generating RTLIL representation for module `\_90_shift_ops_shr_shl_sshl_sshr'.
Generating RTLIL representation for module `\_90_shift_shiftx'.
Generating RTLIL representation for module `\_90_fa'.
Generating RTLIL representation for module `\_90_lcu'.
Generating RTLIL representation for module `\_90_alu'.
Generating RTLIL representation for module `\_90_macc'.
Generating RTLIL representation for module `\_90_alumacc'.
Generating RTLIL representation for module `\$__div_mod_u'.
Generating RTLIL representation for module `\$__div_mod_trunc'.
Generating RTLIL representation for module `\_90_div'.
Generating RTLIL representation for module `\_90_mod'.
Generating RTLIL representation for module `\$__div_mod_floor'.
Generating RTLIL representation for module `\_90_divfloor'.
Generating RTLIL representation for module `\_90_modfloor'.
Generating RTLIL representation for module `\_90_pow'.
Generating RTLIL representation for module `\_90_pmux'.
Generating RTLIL representation for module `\_90_demux'.
Generating RTLIL representation for module `\_90_lut'.
Successfully finished Verilog frontend.

24.32.2. Executing Verilog-2005 frontend: /home/felipe-zorro/miniconda3/envs/digital/bin/../share/yosys/ecp5/arith_map.v
Parsing Verilog input from `/home/felipe-zorro/miniconda3/envs/digital/bin/../share/yosys/ecp5/arith_map.v' to AST representation.
Generating RTLIL representation for module `\_80_ecp5_alu'.
Successfully finished Verilog frontend.

24.32.3. Continuing TECHMAP pass.
Using extmapper simplemap for cells of type $and.
Using template $paramod$dbcdc7e8aa1a4080cea2deda6fdc8772064f4d90\_80_ecp5_alu for cells of type $alu.
Using extmapper simplemap for cells of type $mux.
Using template $paramod$ce7ef2326da8c97779ccfb0cc1505e2694ed575a\_90_alu for cells of type $alu.
Using extmapper simplemap for cells of type $not.
Using extmapper simplemap for cells of type $sdff.
Using extmapper simplemap for cells of type $dff.
Using extmapper simplemap for cells of type $sdffe.
Using template $paramod$103b4016182df467cceab67bcf3e18e6361ec0fd\_80_ecp5_alu for cells of type $alu.
Using template $paramod$b8c0a997bce700f23568a5ada79cc6781d1f5ca0\_90_alu for cells of type $alu.
Using template $paramod$3ef7d3dd227da7627a99c5e5a6a4deb817573e39\_90_alu for cells of type $alu.
Using extmapper simplemap for cells of type $eq.
Using template $paramod$25417eb1ceb444220a2cc387484bf7cf31b9177f\_80_ecp5_alu for cells of type $alu.
Using template $paramod$constmap:12915ad0856e3e72a827bd186b7389c7621086bf$paramod$05fd02ee8975e559bee57b6e5e564b3ecd2ab687\_90_shift_shiftx for cells of type $shiftx.
Using extmapper simplemap for cells of type $or.
Using template $paramod$constmap:fa393226669661cd420a2bdcb0a3956f911d7ac3$paramod$26de505cffdea93ae4a65cab40d30691657b5725\_90_shift_shiftx for cells of type $shift.
Using template $paramod$53700bbee849b2010ad0b60a61ccd204a10e24ca\_80_ecp5_alu for cells of type $alu.
Using extmapper simplemap for cells of type $reduce_bool.
Using extmapper simplemap for cells of type $reduce_and.
Using extmapper simplemap for cells of type $reduce_or.
Using extmapper simplemap for cells of type $ne.
Using extmapper simplemap for cells of type $adffe.
Using extmapper simplemap for cells of type $adff.
Using extmapper simplemap for cells of type $logic_or.
Using extmapper simplemap for cells of type $logic_and.
Using template $paramod$bfceb922395790c0ce92e9f9b5b428d4fc72cc30\_90_alu for cells of type $alu.
Using template $paramod$0563fff2c395e9892f21c131fa33d5e0ad144e72\_90_alu for cells of type $alu.
Using template $paramod$649fc39eef2451024566705288528c8671211199\_90_alu for cells of type $alu.
Using template $paramod$1d1e68f77481583066c6d429218f48ea9d5739b3\_90_alu for cells of type $alu.
Using template $paramod$9e8c19db10db5b8954224cafa0587db20bab09bd\_90_alu for cells of type $alu.
Using template $paramod$7b16819b516a037d220ff7463dffc76498bbb23b\_90_alu for cells of type $alu.
Using template $paramod$aebc44f5eedf4f1603d7564e4920ac508059c773\_90_alu for cells of type $alu.
Using template $paramod$1a9b2adc0e90ccf2d22dba8d72430d10741e65ed\_90_alu for cells of type $alu.
Using template $paramod$ef8fb1849064cca7dc908988762d3374786d9fdb\_90_alu for cells of type $alu.
Using extmapper simplemap for cells of type $dffe.
Using template $paramod$57f63e8a3282e053be0430389b09fa050ac7dca0\_90_pmux for cells of type $pmux.
Using extmapper simplemap for cells of type $logic_not.
Using template $paramod$ce0ec84be7047712840b0952f343ee9e63ef75d1\_80_ecp5_alu for cells of type $alu.
Using template $paramod$51c80ded93a30cabdd6a720b4f0ed1d8c51829dd\_80_ecp5_alu for cells of type $alu.
Using extmapper simplemap for cells of type $xor.
Using template $paramod$24fb226dd75c9d3f6955ec2ad61d794776778cf6\_90_pmux for cells of type $pmux.
Using template $paramod$2f5fb04daf2da94d981bf9455fa4454c6ec8b705\_80_ecp5_alu for cells of type $alu.
Using extmapper simplemap for cells of type $sdffce.
Using template $paramod$521ce43182eecb9f60c72393a788160d2c356bf5\_90_pmux for cells of type $pmux.
Using template $paramod$a04dd9d4d8b430140c4ff94b50470fb380fda2a0\_80_ecp5_alu for cells of type $alu.
Using extmapper simplemap for cells of type $pos.
Using template $paramod\_90_lcu\WIDTH=32'00000000000000000000000000000100 for cells of type $lcu.
Using template $paramod\_90_lcu\WIDTH=32'00000000000000000000000000000011 for cells of type $lcu.
Using template $paramod\_90_lcu\WIDTH=32'00000000000000000000000000000010 for cells of type $lcu.
No more expansions possible.

24.33. Executing OPT pass (performing simple optimizations).

24.33.1. Executing OPT_EXPR pass (perform const folding).
Optimizing module top.

24.33.2. Executing OPT_MERGE pass (detect identical cells).
Finding identical cells in module `\top'.
Removed a total of 310 cells.

24.33.3. Executing OPT_DFF pass (perform DFF optimizations).

24.33.4. Executing OPT_CLEAN pass (remove unused cells and wires).
Finding unused cells or wires in module \top..
Removed 1368 unused cells and 1931 unused wires.

24.33.5. Finished fast OPT passes.

24.34. Executing OPT_CLEAN pass (remove unused cells and wires).
Finding unused cells or wires in module \top..

24.35. Executing DFFLEGALIZE pass (convert FFs to types supported by the target).

24.36. Executing TECHMAP pass (map to technology primitives).

24.36.1. Executing Verilog-2005 frontend: /home/felipe-zorro/miniconda3/envs/digital/bin/../share/yosys/ecp5/cells_map.v
Parsing Verilog input from `/home/felipe-zorro/miniconda3/envs/digital/bin/../share/yosys/ecp5/cells_map.v' to AST representation.
Generating RTLIL representation for module `\$_DFF_N_'.
Generating RTLIL representation for module `\$_DFF_P_'.
Generating RTLIL representation for module `\$_DFFE_NN_'.
Generating RTLIL representation for module `\$_DFFE_PN_'.
Generating RTLIL representation for module `\$_DFFE_NP_'.
Generating RTLIL representation for module `\$_DFFE_PP_'.
Generating RTLIL representation for module `\$_DFF_NP0_'.
Generating RTLIL representation for module `\$_DFF_NP1_'.
Generating RTLIL representation for module `\$_DFF_PP0_'.
Generating RTLIL representation for module `\$_DFF_PP1_'.
Generating RTLIL representation for module `\$_SDFF_NP0_'.
Generating RTLIL representation for module `\$_SDFF_NP1_'.
Generating RTLIL representation for module `\$_SDFF_PP0_'.
Generating RTLIL representation for module `\$_SDFF_PP1_'.
Generating RTLIL representation for module `\$_DFFE_NP0P_'.
Generating RTLIL representation for module `\$_DFFE_NP1P_'.
Generating RTLIL representation for module `\$_DFFE_PP0P_'.
Generating RTLIL representation for module `\$_DFFE_PP1P_'.
Generating RTLIL representation for module `\$_DFFE_NP0N_'.
Generating RTLIL representation for module `\$_DFFE_NP1N_'.
Generating RTLIL representation for module `\$_DFFE_PP0N_'.
Generating RTLIL representation for module `\$_DFFE_PP1N_'.
Generating RTLIL representation for module `\$_SDFFE_NP0P_'.
Generating RTLIL representation for module `\$_SDFFE_NP1P_'.
Generating RTLIL representation for module `\$_SDFFE_PP0P_'.
Generating RTLIL representation for module `\$_SDFFE_PP1P_'.
Generating RTLIL representation for module `\$_SDFFE_NP0N_'.
Generating RTLIL representation for module `\$_SDFFE_NP1N_'.
Generating RTLIL representation for module `\$_SDFFE_PP0N_'.
Generating RTLIL representation for module `\$_SDFFE_PP1N_'.
Generating RTLIL representation for module `\$_ALDFF_NP_'.
Generating RTLIL representation for module `\$_ALDFF_PP_'.
Generating RTLIL representation for module `\$_ALDFFE_NPN_'.
Generating RTLIL representation for module `\$_ALDFFE_NPP_'.
Generating RTLIL representation for module `\$_ALDFFE_PPN_'.
Generating RTLIL representation for module `\$_ALDFFE_PPP_'.
Generating RTLIL representation for module `\FD1P3AX'.
Generating RTLIL representation for module `\FD1P3AY'.
Generating RTLIL representation for module `\FD1P3BX'.
Generating RTLIL representation for module `\FD1P3DX'.
Generating RTLIL representation for module `\FD1P3IX'.
Generating RTLIL representation for module `\FD1P3JX'.
Generating RTLIL representation for module `\FD1S3AX'.
Generating RTLIL representation for module `\FD1S3AY'.
Generating RTLIL representation for module `\FD1S3BX'.
Generating RTLIL representation for module `\FD1S3DX'.
Generating RTLIL representation for module `\FD1S3IX'.
Generating RTLIL representation for module `\FD1S3JX'.
Generating RTLIL representation for module `\IFS1P3BX'.
Generating RTLIL representation for module `\IFS1P3DX'.
Generating RTLIL representation for module `\IFS1P3IX'.
Generating RTLIL representation for module `\IFS1P3JX'.
Generating RTLIL representation for module `\OFS1P3BX'.
Generating RTLIL representation for module `\OFS1P3DX'.
Generating RTLIL representation for module `\OFS1P3IX'.
Generating RTLIL representation for module `\OFS1P3JX'.
Generating RTLIL representation for module `\IB'.
Generating RTLIL representation for module `\IBPU'.
Generating RTLIL representation for module `\IBPD'.
Generating RTLIL representation for module `\OB'.
Generating RTLIL representation for module `\OBZ'.
Generating RTLIL representation for module `\OBZPU'.
Generating RTLIL representation for module `\OBZPD'.
Generating RTLIL representation for module `\OBCO'.
Generating RTLIL representation for module `\BB'.
Generating RTLIL representation for module `\BBPU'.
Generating RTLIL representation for module `\BBPD'.
Generating RTLIL representation for module `\ILVDS'.
Generating RTLIL representation for module `\OLVDS'.
Successfully finished Verilog frontend.

24.36.2. Continuing TECHMAP pass.
Using template \$_SDFF_PP0_ for cells of type $_SDFF_PP0_.
Using template $paramod\$_DFF_P_\_TECHMAP_WIREINIT_Q_=1'x for cells of type $_DFF_P_.
Using template $paramod\$_DFFE_PP_\_TECHMAP_WIREINIT_Q_=1'0 for cells of type $_DFFE_PP_.
Using template \$_SDFFE_NP0P_ for cells of type $_SDFFE_NP0P_.
Using template \$_SDFFE_NP1P_ for cells of type $_SDFFE_NP1P_.
Using template $paramod\$_DFFE_NP_\_TECHMAP_WIREINIT_Q_=1'x for cells of type $_DFFE_NP_.
Using template $paramod\$_DFF_N_\_TECHMAP_WIREINIT_Q_=1'x for cells of type $_DFF_N_.
Using template \$_SDFF_NP1_ for cells of type $_SDFF_NP1_.
Using template \$_SDFFE_PP0P_ for cells of type $_SDFFE_PP0P_.
Using template \$_DFFE_PP1P_ for cells of type $_DFFE_PP1P_.
Using template \$_DFF_PP0_ for cells of type $_DFF_PP0_.
Using template \$_SDFFE_NP0N_ for cells of type $_SDFFE_NP0N_.
No more expansions possible.

24.37. Executing OPT_EXPR pass (perform const folding).
Optimizing module top.

24.38. Executing SIMPLEMAP pass (map simple cells to gate primitives).

24.39. Executing LATTICE_GSR pass (implement FF init values).
Handling GSR in top.

24.40. Executing ATTRMVCP pass (move or copy attributes).

24.41. Executing OPT_CLEAN pass (remove unused cells and wires).
Finding unused cells or wires in module \top..
Removed 0 unused cells and 1654 unused wires.

24.42. Executing TECHMAP pass (map to technology primitives).

24.42.1. Executing Verilog-2005 frontend: /home/felipe-zorro/miniconda3/envs/digital/bin/../share/yosys/ecp5/latches_map.v
Parsing Verilog input from `/home/felipe-zorro/miniconda3/envs/digital/bin/../share/yosys/ecp5/latches_map.v' to AST representation.
Generating RTLIL representation for module `\$_DLATCH_N_'.
Generating RTLIL representation for module `\$_DLATCH_P_'.
Successfully finished Verilog frontend.

24.42.2. Continuing TECHMAP pass.
No more expansions possible.

24.43. Executing ABC9 pass.

24.43.1. Executing ABC9_OPS pass (helper functions for ABC9).

24.43.2. Executing ABC9_OPS pass (helper functions for ABC9).

24.43.3. Executing PROC pass (convert processes to netlists).

24.43.3.1. Executing PROC_CLEAN pass (remove empty switches from decision trees).
Cleaned up 0 empty switches.

24.43.3.2. Executing PROC_RMDEAD pass (remove dead branches from decision trees).
Marked 1 switch rules as full_case in process $proc$/home/felipe-zorro/miniconda3/envs/digital/bin/../share/yosys/ecp5/cells_sim.v:344$15787 in module $paramod$b50ed6cf3f2b5c0e07657602cb4455d90f2562f9\TRELLIS_FF.
Removed a total of 0 dead cases.

24.43.3.3. Executing PROC_PRUNE pass (remove redundant assignments in processes).
Removed 0 redundant assignments.
Promoted 1 assignment to connection.

24.43.3.4. Executing PROC_INIT pass (extract init attributes).
Found init rule in `$paramod$b50ed6cf3f2b5c0e07657602cb4455d90f2562f9\TRELLIS_FF.$proc$/home/felipe-zorro/miniconda3/envs/digital/bin/../share/yosys/ecp5/cells_sim.v:0$15788'.
  Set init value: \Q = 1'1

24.43.3.5. Executing PROC_ARST pass (detect async resets in processes).
Found async reset \muxlsr in `$paramod$b50ed6cf3f2b5c0e07657602cb4455d90f2562f9\TRELLIS_FF.$proc$/home/felipe-zorro/miniconda3/envs/digital/bin/../share/yosys/ecp5/cells_sim.v:344$15787'.

24.43.3.6. Executing PROC_ROM pass (convert switches to ROMs).
Converted 0 switches.

24.43.3.7. Executing PROC_MUX pass (convert decision trees to multiplexers).
Creating decoders for process `$paramod$b50ed6cf3f2b5c0e07657602cb4455d90f2562f9\TRELLIS_FF.$proc$/home/felipe-zorro/miniconda3/envs/digital/bin/../share/yosys/ecp5/cells_sim.v:0$15788'.
Creating decoders for process `$paramod$b50ed6cf3f2b5c0e07657602cb4455d90f2562f9\TRELLIS_FF.$proc$/home/felipe-zorro/miniconda3/envs/digital/bin/../share/yosys/ecp5/cells_sim.v:344$15787'.
     1/1: $0\Q[0:0]

24.43.3.8. Executing PROC_DLATCH pass (convert process syncs to latches).

24.43.3.9. Executing PROC_DFF pass (convert process syncs to FFs).
Creating register for signal `$paramod$b50ed6cf3f2b5c0e07657602cb4455d90f2562f9\TRELLIS_FF.\Q' using process `$paramod$b50ed6cf3f2b5c0e07657602cb4455d90f2562f9\TRELLIS_FF.$proc$/home/felipe-zorro/miniconda3/envs/digital/bin/../share/yosys/ecp5/cells_sim.v:344$15787'.
  created $adff cell `$procdff$15791' with positive edge clock and positive level reset.

24.43.3.10. Executing PROC_MEMWR pass (convert process memory writes to cells).

24.43.3.11. Executing PROC_CLEAN pass (remove empty switches from decision trees).
Removing empty process `$paramod$b50ed6cf3f2b5c0e07657602cb4455d90f2562f9\TRELLIS_FF.$proc$/home/felipe-zorro/miniconda3/envs/digital/bin/../share/yosys/ecp5/cells_sim.v:0$15788'.
Found and cleaned up 1 empty switch in `$paramod$b50ed6cf3f2b5c0e07657602cb4455d90f2562f9\TRELLIS_FF.$proc$/home/felipe-zorro/miniconda3/envs/digital/bin/../share/yosys/ecp5/cells_sim.v:344$15787'.
Removing empty process `$paramod$b50ed6cf3f2b5c0e07657602cb4455d90f2562f9\TRELLIS_FF.$proc$/home/felipe-zorro/miniconda3/envs/digital/bin/../share/yosys/ecp5/cells_sim.v:344$15787'.
Cleaned up 1 empty switch.

24.43.3.12. Executing OPT_EXPR pass (perform const folding).

24.43.4. Executing PROC pass (convert processes to netlists).

24.43.4.1. Executing PROC_CLEAN pass (remove empty switches from decision trees).
Cleaned up 0 empty switches.

24.43.4.2. Executing PROC_RMDEAD pass (remove dead branches from decision trees).
Marked 1 switch rules as full_case in process $proc$/home/felipe-zorro/miniconda3/envs/digital/bin/../share/yosys/ecp5/cells_sim.v:344$15867 in module $paramod$68581f66a8fa831820fa7633bd24ba569ae9d7e3\TRELLIS_FF.
Removed a total of 0 dead cases.

24.43.4.3. Executing PROC_PRUNE pass (remove redundant assignments in processes).
Removed 0 redundant assignments.
Promoted 1 assignment to connection.

24.43.4.4. Executing PROC_INIT pass (extract init attributes).
Found init rule in `$paramod$68581f66a8fa831820fa7633bd24ba569ae9d7e3\TRELLIS_FF.$proc$/home/felipe-zorro/miniconda3/envs/digital/bin/../share/yosys/ecp5/cells_sim.v:0$15868'.
  Set init value: \Q = 1'0

24.43.4.5. Executing PROC_ARST pass (detect async resets in processes).
Found async reset \muxlsr in `$paramod$68581f66a8fa831820fa7633bd24ba569ae9d7e3\TRELLIS_FF.$proc$/home/felipe-zorro/miniconda3/envs/digital/bin/../share/yosys/ecp5/cells_sim.v:344$15867'.

24.43.4.6. Executing PROC_ROM pass (convert switches to ROMs).
Converted 0 switches.

24.43.4.7. Executing PROC_MUX pass (convert decision trees to multiplexers).
Creating decoders for process `$paramod$68581f66a8fa831820fa7633bd24ba569ae9d7e3\TRELLIS_FF.$proc$/home/felipe-zorro/miniconda3/envs/digital/bin/../share/yosys/ecp5/cells_sim.v:0$15868'.
Creating decoders for process `$paramod$68581f66a8fa831820fa7633bd24ba569ae9d7e3\TRELLIS_FF.$proc$/home/felipe-zorro/miniconda3/envs/digital/bin/../share/yosys/ecp5/cells_sim.v:344$15867'.
     1/1: $0\Q[0:0]

24.43.4.8. Executing PROC_DLATCH pass (convert process syncs to latches).

24.43.4.9. Executing PROC_DFF pass (convert process syncs to FFs).
Creating register for signal `$paramod$68581f66a8fa831820fa7633bd24ba569ae9d7e3\TRELLIS_FF.\Q' using process `$paramod$68581f66a8fa831820fa7633bd24ba569ae9d7e3\TRELLIS_FF.$proc$/home/felipe-zorro/miniconda3/envs/digital/bin/../share/yosys/ecp5/cells_sim.v:344$15867'.
  created $adff cell `$procdff$15871' with positive edge clock and positive level reset.

24.43.4.10. Executing PROC_MEMWR pass (convert process memory writes to cells).

24.43.4.11. Executing PROC_CLEAN pass (remove empty switches from decision trees).
Removing empty process `$paramod$68581f66a8fa831820fa7633bd24ba569ae9d7e3\TRELLIS_FF.$proc$/home/felipe-zorro/miniconda3/envs/digital/bin/../share/yosys/ecp5/cells_sim.v:0$15868'.
Found and cleaned up 1 empty switch in `$paramod$68581f66a8fa831820fa7633bd24ba569ae9d7e3\TRELLIS_FF.$proc$/home/felipe-zorro/miniconda3/envs/digital/bin/../share/yosys/ecp5/cells_sim.v:344$15867'.
Removing empty process `$paramod$68581f66a8fa831820fa7633bd24ba569ae9d7e3\TRELLIS_FF.$proc$/home/felipe-zorro/miniconda3/envs/digital/bin/../share/yosys/ecp5/cells_sim.v:344$15867'.
Cleaned up 1 empty switch.

24.43.4.12. Executing OPT_EXPR pass (perform const folding).

24.43.5. Executing SCC pass (detecting logic loops).
Found an SCC: $auto$simplemap.cc:38:simplemap_not$12006 $auto$ff.cc:266:slice$4146 $auto$dfflegalize.cc:941:flip_pol$15124 $auto$simplemap.cc:126:simplemap_reduce$10094 $auto$ff.cc:266:slice$4145 $auto$dfflegalize.cc:941:flip_pol$15122 $auto$ff.cc:266:slice$4144 $auto$dfflegalize.cc:941:flip_pol$15120 $auto$ff.cc:266:slice$4142 $auto$dfflegalize.cc:941:flip_pol$15116 $auto$simplemap.cc:126:simplemap_reduce$10100 $auto$simplemap.cc:126:simplemap_reduce$10093 $auto$ff.cc:266:slice$4143 $auto$dfflegalize.cc:941:flip_pol$15118 $auto$simplemap.cc:126:simplemap_reduce$10092 $auto$simplemap.cc:38:simplemap_not$11901 $auto$ff.cc:266:slice$4141 $auto$dfflegalize.cc:941:flip_pol$15114 $auto$simplemap.cc:38:simplemap_not$11898 $auto$ff.cc:266:slice$4138 $auto$dfflegalize.cc:941:flip_pol$15108 $auto$simplemap.cc:38:simplemap_not$11896 $auto$ff.cc:266:slice$4136 $auto$dfflegalize.cc:941:flip_pol$15104 $auto$ff.cc:266:slice$4132 $auto$dfflegalize.cc:941:flip_pol$15096 $auto$simplemap.cc:126:simplemap_reduce$10087 $auto$simplemap.cc:38:simplemap_not$11891 $auto$ff.cc:266:slice$4131 $auto$dfflegalize.cc:941:flip_pol$15094 $auto$ff.cc:266:slice$4140 $auto$dfflegalize.cc:941:flip_pol$15112 $auto$simplemap.cc:38:simplemap_not$11887 $auto$ff.cc:266:slice$4127 $auto$dfflegalize.cc:941:flip_pol$15086 $auto$simplemap.cc:126:simplemap_reduce$10099 $auto$simplemap.cc:126:simplemap_reduce$10091 $auto$simplemap.cc:38:simplemap_not$11899 $auto$ff.cc:266:slice$4139 $auto$dfflegalize.cc:941:flip_pol$15110 $auto$simplemap.cc:126:simplemap_reduce$10090 $auto$simplemap.cc:38:simplemap_not$11897 $auto$ff.cc:266:slice$4137 $auto$dfflegalize.cc:941:flip_pol$15106 $auto$simplemap.cc:126:simplemap_reduce$10103 $auto$simplemap.cc:126:simplemap_reduce$10098 $auto$simplemap.cc:126:simplemap_reduce$10089 $auto$ff.cc:266:slice$4135 $auto$dfflegalize.cc:941:flip_pol$15102 $auto$simplemap.cc:38:simplemap_not$11890 $auto$ff.cc:266:slice$4130 $auto$dfflegalize.cc:941:flip_pol$15092 $auto$simplemap.cc:38:simplemap_not$11893 $auto$ff.cc:266:slice$4133 $auto$dfflegalize.cc:941:flip_pol$15098 $auto$simplemap.cc:126:simplemap_reduce$10097 $auto$simplemap.cc:126:simplemap_reduce$10088 $auto$simplemap.cc:38:simplemap_not$11894 $auto$ff.cc:266:slice$4134 $auto$dfflegalize.cc:941:flip_pol$15100 $auto$simplemap.cc:126:simplemap_reduce$10086 $auto$simplemap.cc:38:simplemap_not$11889 $auto$ff.cc:266:slice$4129 $auto$dfflegalize.cc:941:flip_pol$15090 $auto$simplemap.cc:126:simplemap_reduce$10107 $auto$simplemap.cc:126:simplemap_reduce$10105 $auto$simplemap.cc:126:simplemap_reduce$10102 $auto$simplemap.cc:126:simplemap_reduce$10096 $auto$simplemap.cc:126:simplemap_reduce$10085 $auto$simplemap.cc:38:simplemap_not$11888 $auto$simplemap.cc:75:simplemap_bitop$4744 $auto$simplemap.cc:38:simplemap_not$10108 $auto$alumacc.cc:485:replace_alu$3517.slice[18].ccu2c_i $auto$alumacc.cc:485:replace_alu$3517.slice[16].ccu2c_i $auto$alumacc.cc:485:replace_alu$3517.slice[14].ccu2c_i $auto$alumacc.cc:485:replace_alu$3517.slice[12].ccu2c_i $auto$alumacc.cc:485:replace_alu$3517.slice[10].ccu2c_i $auto$alumacc.cc:485:replace_alu$3517.slice[8].ccu2c_i $auto$alumacc.cc:485:replace_alu$3517.slice[6].ccu2c_i $auto$alumacc.cc:485:replace_alu$3517.slice[4].ccu2c_i $auto$alumacc.cc:485:replace_alu$3517.slice[2].ccu2c_i $auto$alumacc.cc:485:replace_alu$3517.slice[0].ccu2c_i $auto$ff.cc:266:slice$4128 $auto$dfflegalize.cc:941:flip_pol$15088 $auto$simplemap.cc:126:simplemap_reduce$10670 $auto$simplemap.cc:38:simplemap_not$4746
Found 1 SCCs in module top.
Found 1 SCCs.

24.43.6. Executing ABC9_OPS pass (helper functions for ABC9).

24.43.7. Executing PROC pass (convert processes to netlists).

24.43.7.1. Executing PROC_CLEAN pass (remove empty switches from decision trees).
Cleaned up 0 empty switches.

24.43.7.2. Executing PROC_RMDEAD pass (remove dead branches from decision trees).
Removed a total of 0 dead cases.

24.43.7.3. Executing PROC_PRUNE pass (remove redundant assignments in processes).
Removed 0 redundant assignments.
Promoted 0 assignments to connections.

24.43.7.4. Executing PROC_INIT pass (extract init attributes).

24.43.7.5. Executing PROC_ARST pass (detect async resets in processes).

24.43.7.6. Executing PROC_ROM pass (convert switches to ROMs).
Converted 0 switches.

24.43.7.7. Executing PROC_MUX pass (convert decision trees to multiplexers).

24.43.7.8. Executing PROC_DLATCH pass (convert process syncs to latches).

24.43.7.9. Executing PROC_DFF pass (convert process syncs to FFs).

24.43.7.10. Executing PROC_MEMWR pass (convert process memory writes to cells).

24.43.7.11. Executing PROC_CLEAN pass (remove empty switches from decision trees).
Cleaned up 0 empty switches.

24.43.7.12. Executing OPT_EXPR pass (perform const folding).

24.43.8. Executing TECHMAP pass (map to technology primitives).

24.43.8.1. Executing Verilog-2005 frontend: /home/felipe-zorro/miniconda3/envs/digital/bin/../share/yosys/techmap.v
Parsing Verilog input from `/home/felipe-zorro/miniconda3/envs/digital/bin/../share/yosys/techmap.v' to AST representation.
Generating RTLIL representation for module `\_90_simplemap_bool_ops'.
Generating RTLIL representation for module `\_90_simplemap_reduce_ops'.
Generating RTLIL representation for module `\_90_simplemap_logic_ops'.
Generating RTLIL representation for module `\_90_simplemap_compare_ops'.
Generating RTLIL representation for module `\_90_simplemap_various'.
Generating RTLIL representation for module `\_90_simplemap_registers'.
Generating RTLIL representation for module `\_90_shift_ops_shr_shl_sshl_sshr'.
Generating RTLIL representation for module `\_90_shift_shiftx'.
Generating RTLIL representation for module `\_90_fa'.
Generating RTLIL representation for module `\_90_lcu'.
Generating RTLIL representation for module `\_90_alu'.
Generating RTLIL representation for module `\_90_macc'.
Generating RTLIL representation for module `\_90_alumacc'.
Generating RTLIL representation for module `\$__div_mod_u'.
Generating RTLIL representation for module `\$__div_mod_trunc'.
Generating RTLIL representation for module `\_90_div'.
Generating RTLIL representation for module `\_90_mod'.
Generating RTLIL representation for module `\$__div_mod_floor'.
Generating RTLIL representation for module `\_90_divfloor'.
Generating RTLIL representation for module `\_90_modfloor'.
Generating RTLIL representation for module `\_90_pow'.
Generating RTLIL representation for module `\_90_pmux'.
Generating RTLIL representation for module `\_90_demux'.
Generating RTLIL representation for module `\_90_lut'.
Successfully finished Verilog frontend.

24.43.8.2. Continuing TECHMAP pass.
No more expansions possible.

24.43.9. Executing OPT pass (performing simple optimizations).

24.43.9.1. Executing OPT_EXPR pass (perform const folding).
Optimizing module $paramod$b50ed6cf3f2b5c0e07657602cb4455d90f2562f9\TRELLIS_FF.
Optimizing module $paramod$68581f66a8fa831820fa7633bd24ba569ae9d7e3\TRELLIS_FF.

24.43.9.2. Executing OPT_MERGE pass (detect identical cells).
Finding identical cells in module `$paramod$b50ed6cf3f2b5c0e07657602cb4455d90f2562f9\TRELLIS_FF'.
Finding identical cells in module `$paramod$68581f66a8fa831820fa7633bd24ba569ae9d7e3\TRELLIS_FF'.
Removed a total of 0 cells.

24.43.9.3. Executing OPT_MUXTREE pass (detect dead branches in mux trees).
Running muxtree optimizer on module $paramod$b50ed6cf3f2b5c0e07657602cb4455d90f2562f9\TRELLIS_FF..
  Creating internal representation of mux trees.
  No muxes found in this module.
Running muxtree optimizer on module $paramod$68581f66a8fa831820fa7633bd24ba569ae9d7e3\TRELLIS_FF..
  Creating internal representation of mux trees.
  No muxes found in this module.
Removed 0 multiplexer ports.

24.43.9.4. Executing OPT_REDUCE pass (consolidate $*mux and $reduce_* inputs).
  Optimizing cells in module $paramod$b50ed6cf3f2b5c0e07657602cb4455d90f2562f9\TRELLIS_FF.
  Optimizing cells in module $paramod$68581f66a8fa831820fa7633bd24ba569ae9d7e3\TRELLIS_FF.
Performed a total of 0 changes.

24.43.9.5. Executing OPT_MERGE pass (detect identical cells).
Finding identical cells in module `$paramod$b50ed6cf3f2b5c0e07657602cb4455d90f2562f9\TRELLIS_FF'.
Finding identical cells in module `$paramod$68581f66a8fa831820fa7633bd24ba569ae9d7e3\TRELLIS_FF'.
Removed a total of 0 cells.

24.43.9.6. Executing OPT_DFF pass (perform DFF optimizations).

24.43.9.7. Executing OPT_CLEAN pass (remove unused cells and wires).
Finding unused cells or wires in module $paramod$b50ed6cf3f2b5c0e07657602cb4455d90f2562f9\TRELLIS_FF..
Finding unused cells or wires in module $paramod$68581f66a8fa831820fa7633bd24ba569ae9d7e3\TRELLIS_FF..

24.43.9.8. Executing OPT_EXPR pass (perform const folding).
Optimizing module $paramod$68581f66a8fa831820fa7633bd24ba569ae9d7e3\TRELLIS_FF.
Optimizing module $paramod$b50ed6cf3f2b5c0e07657602cb4455d90f2562f9\TRELLIS_FF.

24.43.9.9. Finished OPT passes. (There is nothing left to do.)

24.43.10. Executing TECHMAP pass (map to technology primitives).

24.43.10.1. Executing Verilog-2005 frontend: /home/felipe-zorro/miniconda3/envs/digital/bin/../share/yosys/abc9_map.v
Parsing Verilog input from `/home/felipe-zorro/miniconda3/envs/digital/bin/../share/yosys/abc9_map.v' to AST representation.
Successfully finished Verilog frontend.

24.43.10.2. Continuing TECHMAP pass.
Using template $paramod$b50ed6cf3f2b5c0e07657602cb4455d90f2562f9\TRELLIS_FF for cells of type $paramod$b50ed6cf3f2b5c0e07657602cb4455d90f2562f9\TRELLIS_FF.
Using template $paramod$68581f66a8fa831820fa7633bd24ba569ae9d7e3\TRELLIS_FF for cells of type $paramod$68581f66a8fa831820fa7633bd24ba569ae9d7e3\TRELLIS_FF.
No more expansions possible.

24.43.11. Executing Verilog-2005 frontend: /home/felipe-zorro/miniconda3/envs/digital/bin/../share/yosys/abc9_model.v
Parsing Verilog input from `/home/felipe-zorro/miniconda3/envs/digital/bin/../share/yosys/abc9_model.v' to AST representation.
Generating RTLIL representation for module `$__ABC9_DELAY'.
Generating RTLIL representation for module `$__ABC9_SCC_BREAKER'.
Generating RTLIL representation for module `$__DFF_N__$abc9_flop'.
Generating RTLIL representation for module `$__DFF_P__$abc9_flop'.
Successfully finished Verilog frontend.

24.43.12. Executing ABC9_OPS pass (helper functions for ABC9).

24.43.13. Executing ABC9_OPS pass (helper functions for ABC9).

24.43.14. Executing ABC9_OPS pass (helper functions for ABC9).

24.43.15. Executing TECHMAP pass (map to technology primitives).

24.43.15.1. Executing Verilog-2005 frontend: /home/felipe-zorro/miniconda3/envs/digital/bin/../share/yosys/techmap.v
Parsing Verilog input from `/home/felipe-zorro/miniconda3/envs/digital/bin/../share/yosys/techmap.v' to AST representation.
Generating RTLIL representation for module `\_90_simplemap_bool_ops'.
Generating RTLIL representation for module `\_90_simplemap_reduce_ops'.
Generating RTLIL representation for module `\_90_simplemap_logic_ops'.
Generating RTLIL representation for module `\_90_simplemap_compare_ops'.
Generating RTLIL representation for module `\_90_simplemap_various'.
Generating RTLIL representation for module `\_90_simplemap_registers'.
Generating RTLIL representation for module `\_90_shift_ops_shr_shl_sshl_sshr'.
Generating RTLIL representation for module `\_90_shift_shiftx'.
Generating RTLIL representation for module `\_90_fa'.
Generating RTLIL representation for module `\_90_lcu'.
Generating RTLIL representation for module `\_90_alu'.
Generating RTLIL representation for module `\_90_macc'.
Generating RTLIL representation for module `\_90_alumacc'.
Generating RTLIL representation for module `\$__div_mod_u'.
Generating RTLIL representation for module `\$__div_mod_trunc'.
Generating RTLIL representation for module `\_90_div'.
Generating RTLIL representation for module `\_90_mod'.
Generating RTLIL representation for module `\$__div_mod_floor'.
Generating RTLIL representation for module `\_90_divfloor'.
Generating RTLIL representation for module `\_90_modfloor'.
Generating RTLIL representation for module `\_90_pow'.
Generating RTLIL representation for module `\_90_pmux'.
Generating RTLIL representation for module `\_90_demux'.
Generating RTLIL representation for module `\_90_lut'.
Successfully finished Verilog frontend.

24.43.15.2. Continuing TECHMAP pass.
Using template $paramod$838872d5a4bab89607f53482b205c0fd50d8b82e\CCU2C for cells of type $paramod$838872d5a4bab89607f53482b205c0fd50d8b82e\CCU2C.
Using extmapper simplemap for cells of type $and.
Using template $paramod\LUT4\INIT=16'1001011010101010 for cells of type LUT4.
Using extmapper simplemap for cells of type $or.
Using template $paramod\LUT2\INIT=4'1010 for cells of type LUT2.
Using extmapper simplemap for cells of type $not.
Using extmapper simplemap for cells of type $xor.
Using extmapper simplemap for cells of type $mux.
No more expansions possible.

24.43.16. Executing OPT pass (performing simple optimizations).

24.43.16.1. Executing OPT_EXPR pass (perform const folding).
Optimizing module top.

24.43.16.2. Executing OPT_MERGE pass (detect identical cells).
Finding identical cells in module `\top'.
Removed a total of 2 cells.

24.43.16.3. Executing OPT_MUXTREE pass (detect dead branches in mux trees).
Running muxtree optimizer on module \top..
  Creating internal representation of mux trees.
  No muxes found in this module.
Removed 0 multiplexer ports.

24.43.16.4. Executing OPT_REDUCE pass (consolidate $*mux and $reduce_* inputs).
  Optimizing cells in module \top.
Performed a total of 0 changes.

24.43.16.5. Executing OPT_MERGE pass (detect identical cells).
Finding identical cells in module `\top'.
Removed a total of 0 cells.

24.43.16.6. Executing OPT_DFF pass (perform DFF optimizations).

24.43.16.7. Executing OPT_CLEAN pass (remove unused cells and wires).
Finding unused cells or wires in module \top..
Removed 0 unused cells and 55 unused wires.

24.43.16.8. Executing OPT_EXPR pass (perform const folding).
Optimizing module top.

24.43.16.9. Rerunning OPT passes. (Maybe there is more to do..)

24.43.16.10. Executing OPT_MUXTREE pass (detect dead branches in mux trees).
Running muxtree optimizer on module \top..
  Creating internal representation of mux trees.
  No muxes found in this module.
Removed 0 multiplexer ports.

24.43.16.11. Executing OPT_REDUCE pass (consolidate $*mux and $reduce_* inputs).
  Optimizing cells in module \top.
Performed a total of 0 changes.

24.43.16.12. Executing OPT_MERGE pass (detect identical cells).
Finding identical cells in module `\top'.
Removed a total of 0 cells.

24.43.16.13. Executing OPT_DFF pass (perform DFF optimizations).

24.43.16.14. Executing OPT_CLEAN pass (remove unused cells and wires).
Finding unused cells or wires in module \top..

24.43.16.15. Executing OPT_EXPR pass (perform const folding).
Optimizing module top.

24.43.16.16. Finished OPT passes. (There is nothing left to do.)

24.43.17. Executing AIGMAP pass (map logic to AIG).
Module top: replaced 18 cells with 120 new cells, skipped 39 cells.
  replaced 3 cell types:
       2 $_OR_
       2 $_XOR_
      14 $_MUX_
  not replaced 3 cell types:
      31 $specify2
       4 $_NOT_
       4 $_AND_

24.43.18. Executing AIGMAP pass (map logic to AIG).
Module top: replaced 1312 cells with 7071 new cells, skipped 1278 cells.
  replaced 4 cell types:
     703 $_OR_
      62 $_XOR_
       1 $_ORNOT_
     546 $_MUX_
  not replaced 11 cell types:
      26 $scopeinfo
     531 $_NOT_
     304 $_AND_
     239 TRELLIS_FF
       2 DP16KD
       1 $paramod$68581f66a8fa831820fa7633bd24ba569ae9d7e3\TRELLIS_FF
      64 $paramod$b50ed6cf3f2b5c0e07657602cb4455d90f2562f9\TRELLIS_FF_$abc9_byp
       1 $paramod$68581f66a8fa831820fa7633bd24ba569ae9d7e3\TRELLIS_FF_$abc9_byp
       1 $__ABC9_SCC_BREAKER
      45 $paramod$838872d5a4bab89607f53482b205c0fd50d8b82e\CCU2C
      64 $paramod$b50ed6cf3f2b5c0e07657602cb4455d90f2562f9\TRELLIS_FF

24.43.18.1. Executing ABC9_OPS pass (helper functions for ABC9).

24.43.18.2. Executing ABC9_OPS pass (helper functions for ABC9).

24.43.18.3. Executing XAIGER backend.
Extracted 2832 AND gates and 8776 wires from module `top' to a netlist network with 344 inputs and 522 outputs.

24.43.18.4. Executing ABC9_EXE pass (technology mapping using ABC9).

24.43.18.5. Executing ABC9.
Running ABC command: "<yosys-exe-dir>/yosys-abc" -s -f <abc-temp-dir>/abc.script 2>&1
ABC: ABC command line: "source <abc-temp-dir>/abc.script".
ABC: 
ABC: + read_lut <abc-temp-dir>/input.lut 
ABC: + read_box <abc-temp-dir>/input.box 
ABC: + &read <abc-temp-dir>/input.xaig 
ABC: + &ps 
ABC: <abc-temp-dir>/input : i/o =    344/    522  and =    2289  lev =   27 (1.81)  mem = 0.05 MB  box = 110  bb = 65
ABC: + &scorr 
ABC: Warning: The network is combinational.
ABC: + &sweep 
ABC: + &dc2 
ABC: + &dch -f 
ABC: + &ps 
ABC: <abc-temp-dir>/input : i/o =    344/    522  and =    2715  lev =   21 (1.22)  mem = 0.06 MB  ch =  385  box = 108  bb = 65
ABC: + &if -W 300 -v 
ABC: K = 7. Memory (bytes): Truth =    0. Cut =   60. Obj =  140. Set =  636. CutMin = no
ABC: Node =    2715.  Ch =   367.  Total mem =    0.64 MB. Peak cut mem =    0.06 MB.
ABC: P:  Del = 3166.00.  Ar =    1825.0.  Edge =     2326.  Cut =    30564.  T =     0.00 sec
ABC: P:  Del = 3166.00.  Ar =    1818.0.  Edge =     2305.  Cut =    30350.  T =     0.00 sec
ABC: P:  Del = 3166.00.  Ar =     993.0.  Edge =     2426.  Cut =    39672.  T =     0.00 sec
ABC: F:  Del = 3155.00.  Ar =     790.0.  Edge =     2437.  Cut =    28921.  T =     0.00 sec
ABC: A:  Del = 3155.00.  Ar =     776.0.  Edge =     2184.  Cut =    27343.  T =     0.00 sec
ABC: A:  Del = 3155.00.  Ar =     776.0.  Edge =     2180.  Cut =    27675.  T =     0.01 sec
ABC: Total time =     0.03 sec
ABC: + &write -n <abc-temp-dir>/output.aig 
ABC: + &mfs 
ABC: + &ps -l 
ABC: <abc-temp-dir>/input : i/o =    344/    522  and =    2068  lev =   18 (1.10)  mem = 0.05 MB  box = 108  bb = 65
ABC: Mapping (K=7)  :  lut =    570  edge =    2162  lev =    6 (0.62)  levB =   11  mem = 0.03 MB
ABC: LUT = 570 : 2=72 12.6 %  3=121 21.2 %  4=263 46.1 %  5=88 15.4 %  6=19 3.3 %  7=7 1.2 %  Ave = 3.79
ABC: + &write -n <abc-temp-dir>/output.aig 
ABC: + time 
ABC: elapse: 0.17 seconds, total: 0.17 seconds

24.43.18.6. Executing AIGER frontend.
Removed 3060 unused cells and 4667 unused wires.

24.43.18.7. Executing ABC9_OPS pass (helper functions for ABC9).
ABC RESULTS:              $lut cells:      584
ABC RESULTS:   $paramod$b50ed6cf3f2b5c0e07657602cb4455d90f2562f9\TRELLIS_FF_$abc9_byp cells:       64
ABC RESULTS:   $paramod$68581f66a8fa831820fa7633bd24ba569ae9d7e3\TRELLIS_FF_$abc9_byp cells:        1
ABC RESULTS:   $paramod$838872d5a4bab89607f53482b205c0fd50d8b82e\CCU2C cells:       43
ABC RESULTS:           input signals:      107
ABC RESULTS:          output signals:      340
Removing temp directory.

24.43.19. Executing TECHMAP pass (map to technology primitives).

24.43.19.1. Executing Verilog-2005 frontend: /home/felipe-zorro/miniconda3/envs/digital/bin/../share/yosys/abc9_unmap.v
Parsing Verilog input from `/home/felipe-zorro/miniconda3/envs/digital/bin/../share/yosys/abc9_unmap.v' to AST representation.
Generating RTLIL representation for module `\$__DFF_x__$abc9_flop'.
Generating RTLIL representation for module `\$__ABC9_SCC_BREAKER'.
Successfully finished Verilog frontend.

24.43.19.2. Continuing TECHMAP pass.
Using template $paramod$b50ed6cf3f2b5c0e07657602cb4455d90f2562f9\TRELLIS_FF for cells of type $paramod$b50ed6cf3f2b5c0e07657602cb4455d90f2562f9\TRELLIS_FF.
Using template $paramod$838872d5a4bab89607f53482b205c0fd50d8b82e\CCU2C for cells of type $paramod$838872d5a4bab89607f53482b205c0fd50d8b82e\CCU2C.
Using template $paramod$b50ed6cf3f2b5c0e07657602cb4455d90f2562f9\TRELLIS_FF_$abc9_byp for cells of type $paramod$b50ed6cf3f2b5c0e07657602cb4455d90f2562f9\TRELLIS_FF_$abc9_byp.
Using template $paramod$68581f66a8fa831820fa7633bd24ba569ae9d7e3\TRELLIS_FF for cells of type $paramod$68581f66a8fa831820fa7633bd24ba569ae9d7e3\TRELLIS_FF.
Using template $paramod$68581f66a8fa831820fa7633bd24ba569ae9d7e3\TRELLIS_FF_$abc9_byp for cells of type $paramod$68581f66a8fa831820fa7633bd24ba569ae9d7e3\TRELLIS_FF_$abc9_byp.
Using template $paramod\$__ABC9_SCC_BREAKER\WIDTH=32'00000000000000000000000000000001 for cells of type $__ABC9_SCC_BREAKER.
No more expansions possible.
Removed 88 unused cells and 10934 unused wires.

24.44. Executing TECHMAP pass (map to technology primitives).

24.44.1. Executing Verilog-2005 frontend: /home/felipe-zorro/miniconda3/envs/digital/bin/../share/yosys/ecp5/cells_map.v
Parsing Verilog input from `/home/felipe-zorro/miniconda3/envs/digital/bin/../share/yosys/ecp5/cells_map.v' to AST representation.
Generating RTLIL representation for module `\$_DFF_N_'.
Generating RTLIL representation for module `\$_DFF_P_'.
Generating RTLIL representation for module `\$_DFFE_NN_'.
Generating RTLIL representation for module `\$_DFFE_PN_'.
Generating RTLIL representation for module `\$_DFFE_NP_'.
Generating RTLIL representation for module `\$_DFFE_PP_'.
Generating RTLIL representation for module `\$_DFF_NP0_'.
Generating RTLIL representation for module `\$_DFF_NP1_'.
Generating RTLIL representation for module `\$_DFF_PP0_'.
Generating RTLIL representation for module `\$_DFF_PP1_'.
Generating RTLIL representation for module `\$_SDFF_NP0_'.
Generating RTLIL representation for module `\$_SDFF_NP1_'.
Generating RTLIL representation for module `\$_SDFF_PP0_'.
Generating RTLIL representation for module `\$_SDFF_PP1_'.
Generating RTLIL representation for module `\$_DFFE_NP0P_'.
Generating RTLIL representation for module `\$_DFFE_NP1P_'.
Generating RTLIL representation for module `\$_DFFE_PP0P_'.
Generating RTLIL representation for module `\$_DFFE_PP1P_'.
Generating RTLIL representation for module `\$_DFFE_NP0N_'.
Generating RTLIL representation for module `\$_DFFE_NP1N_'.
Generating RTLIL representation for module `\$_DFFE_PP0N_'.
Generating RTLIL representation for module `\$_DFFE_PP1N_'.
Generating RTLIL representation for module `\$_SDFFE_NP0P_'.
Generating RTLIL representation for module `\$_SDFFE_NP1P_'.
Generating RTLIL representation for module `\$_SDFFE_PP0P_'.
Generating RTLIL representation for module `\$_SDFFE_PP1P_'.
Generating RTLIL representation for module `\$_SDFFE_NP0N_'.
Generating RTLIL representation for module `\$_SDFFE_NP1N_'.
Generating RTLIL representation for module `\$_SDFFE_PP0N_'.
Generating RTLIL representation for module `\$_SDFFE_PP1N_'.
Generating RTLIL representation for module `\$_ALDFF_NP_'.
Generating RTLIL representation for module `\$_ALDFF_PP_'.
Generating RTLIL representation for module `\$_ALDFFE_NPN_'.
Generating RTLIL representation for module `\$_ALDFFE_NPP_'.
Generating RTLIL representation for module `\$_ALDFFE_PPN_'.
Generating RTLIL representation for module `\$_ALDFFE_PPP_'.
Generating RTLIL representation for module `\FD1P3AX'.
Generating RTLIL representation for module `\FD1P3AY'.
Generating RTLIL representation for module `\FD1P3BX'.
Generating RTLIL representation for module `\FD1P3DX'.
Generating RTLIL representation for module `\FD1P3IX'.
Generating RTLIL representation for module `\FD1P3JX'.
Generating RTLIL representation for module `\FD1S3AX'.
Generating RTLIL representation for module `\FD1S3AY'.
Generating RTLIL representation for module `\FD1S3BX'.
Generating RTLIL representation for module `\FD1S3DX'.
Generating RTLIL representation for module `\FD1S3IX'.
Generating RTLIL representation for module `\FD1S3JX'.
Generating RTLIL representation for module `\IFS1P3BX'.
Generating RTLIL representation for module `\IFS1P3DX'.
Generating RTLIL representation for module `\IFS1P3IX'.
Generating RTLIL representation for module `\IFS1P3JX'.
Generating RTLIL representation for module `\OFS1P3BX'.
Generating RTLIL representation for module `\OFS1P3DX'.
Generating RTLIL representation for module `\OFS1P3IX'.
Generating RTLIL representation for module `\OFS1P3JX'.
Generating RTLIL representation for module `\IB'.
Generating RTLIL representation for module `\IBPU'.
Generating RTLIL representation for module `\IBPD'.
Generating RTLIL representation for module `\OB'.
Generating RTLIL representation for module `\OBZ'.
Generating RTLIL representation for module `\OBZPU'.
Generating RTLIL representation for module `\OBZPD'.
Generating RTLIL representation for module `\OBCO'.
Generating RTLIL representation for module `\BB'.
Generating RTLIL representation for module `\BBPU'.
Generating RTLIL representation for module `\BBPD'.
Generating RTLIL representation for module `\ILVDS'.
Generating RTLIL representation for module `\OLVDS'.
Generating RTLIL representation for module `\$lut'.
Successfully finished Verilog frontend.

24.44.2. Continuing TECHMAP pass.
Using template $paramod\$lut\WIDTH=32'00000000000000000000000000000010\LUT=4'0001 for cells of type $lut.
Using template $paramod\$lut\WIDTH=32'00000000000000000000000000000010\LUT=4'1000 for cells of type $lut.
Using template $paramod\$lut\WIDTH=32'00000000000000000000000000000010\LUT=4'0100 for cells of type $lut.
Using template $paramod\$lut\WIDTH=32'00000000000000000000000000000010\LUT=4'0010 for cells of type $lut.
Using template $paramod$a15fc6e5de1110249cb12c750c62512e14158887\$lut for cells of type $lut.
Using template $paramod$e5c44f4d02c85ea0c5c37557461ed95a359dd42a\$lut for cells of type $lut.
Using template $paramod$1142a3c770220d52af81ebad3d42dfc58a6a8e78\$lut for cells of type $lut.
Using template $paramod\$lut\WIDTH=32'00000000000000000000000000000011\LUT=8'01000000 for cells of type $lut.
Using template $paramod$0c2fa57e2b3d9e180a2e1c24c0dfa86ef06b40ab\$lut for cells of type $lut.
Using template $paramod\$lut\WIDTH=32'00000000000000000000000000000011\LUT=8'00000001 for cells of type $lut.
Using template $paramod\$lut\WIDTH=32'00000000000000000000000000000010\LUT=4'1110 for cells of type $lut.
Using template $paramod$8833253c105c1f3ff9a03a20302d6d0a2f4d9c5b\$lut for cells of type $lut.
Using template $paramod$52bf2bf3a21d1f67dffbae58e166cdc9c66662f9\$lut for cells of type $lut.
Using template $paramod\$lut\WIDTH=32'00000000000000000000000000000011\LUT=8'00010100 for cells of type $lut.
Using template $paramod\$lut\WIDTH=32'00000000000000000000000000000011\LUT=8'00000110 for cells of type $lut.
Using template $paramod$f969aefcb5fdd29444244ce17e4806b1ebc6f568\$lut for cells of type $lut.
Using template $paramod$bfb9e4820b1da2d04a1a7436507a4c37c3d720c5\$lut for cells of type $lut.
Using template $paramod\$lut\WIDTH=32'00000000000000000000000000000011\LUT=8'01110011 for cells of type $lut.
Using template $paramod\$lut\WIDTH=32'00000000000000000000000000000010\LUT=4'1011 for cells of type $lut.
Using template $paramod$fe0977701b8bdf4fefe979a9c12e84d2dcaa2920\$lut for cells of type $lut.
Using template $paramod\$lut\WIDTH=32'00000000000000000000000000000011\LUT=8'10000000 for cells of type $lut.
Using template $paramod\$lut\WIDTH=32'00000000000000000000000000000011\LUT=8'10110011 for cells of type $lut.
Using template $paramod$571404c0889eaf57f492cb5e37f8acb5df5852f9\$lut for cells of type $lut.
Using template $paramod$a988852add2bdce7c1dfac786401ba7c7bc832c1\$lut for cells of type $lut.
Using template $paramod$06611ecf8552b958ac4b3027047968d13c4b5316\$lut for cells of type $lut.
Using template $paramod\$lut\WIDTH=32'00000000000000000000000000000010\LUT=4'0110 for cells of type $lut.
Using template $paramod$703a13a751e631ef123f38f7d2125aeabec0f94c\$lut for cells of type $lut.
Using template $paramod$b2192df6f90569fea4015d0a6658bdc192199f95\$lut for cells of type $lut.
Using template $paramod\$lut\WIDTH=32'00000000000000000000000000000010\LUT=4'1001 for cells of type $lut.
Using template $paramod$601b8bc98d6cc01ce5241673be20dd0d390f5ba0\$lut for cells of type $lut.
Using template $paramod$a557541292194396dee0ff88e0dcea48701e79a4\$lut for cells of type $lut.
Using template $paramod$e2fb1fce7a217c6636aa3547ca04479abe27a691\$lut for cells of type $lut.
Using template $paramod$6a9bc9bcf119bfe1a8008da68fbde9840e2e894d\$lut for cells of type $lut.
Using template $paramod$65623f37fad1e52e9e735a6bdd5ac3e34a56b6eb\$lut for cells of type $lut.
Using template $paramod$00d5638eb12ef5e33372b4e39e9c71311532e21f\$lut for cells of type $lut.
Using template $paramod$45fd511c24d328eff012a87e5a1a3291adbea0cd\$lut for cells of type $lut.
Using template $paramod$531ff6107f08e792821bd36711ca14068c1f89c5\$lut for cells of type $lut.
Using template $paramod$33b72718c79847c9c03c134c7bec663dbf06983b\$lut for cells of type $lut.
Using template $paramod$d2706028118fd005e7450620f296d5b71156007d\$lut for cells of type $lut.
Using template $paramod$1482187dad4888fdd039923e3764848b824c9103\$lut for cells of type $lut.
Using template $paramod$f39c8bde66fd3f58a7a4d9828a0a823cfb8988b9\$lut for cells of type $lut.
Using template $paramod$8d3616679b7dd4afbf669895e79ce685e056af03\$lut for cells of type $lut.
Using template $paramod$edfe6773e2ae95f1f17ad5bea62c0e1b079fa667\$lut for cells of type $lut.
Using template $paramod$c592e4e37cc847769f133b05f3715b6c9ffb54f9\$lut for cells of type $lut.
Using template $paramod$626bbecc458c9c3b020a719a71c002c7d492326a\$lut for cells of type $lut.
Using template $paramod$15fc0ef372ef932ceef6ba5bf1580a0e46e07c09\$lut for cells of type $lut.
Using template $paramod$797bff1af8cfe688b7dddd363e9040d0abe0d93d\$lut for cells of type $lut.
Using template $paramod$d83d32af13a7463512b92a517a930966d7d036e8\$lut for cells of type $lut.
Using template $paramod$8f5c5f2e162a0c6ab4a0f5b47ea1c8b0d1861639\$lut for cells of type $lut.
Using template $paramod$81e82028b270d19901d6f59d202d3e062fb9cf74\$lut for cells of type $lut.
Using template $paramod$38f9bf4dd2329347b8471f0a98443dd323386889\$lut for cells of type $lut.
Using template $paramod$891d17c049ef97ffbed57a5d4edf3f9e83d4f776\$lut for cells of type $lut.
Using template $paramod\$lut\WIDTH=32'00000000000000000000000000000011\LUT=8'00000010 for cells of type $lut.
Using template $paramod$ae3c7b35d01454d5dda591a46be432688f0adc25\$lut for cells of type $lut.
Using template $paramod\$lut\WIDTH=32'00000000000000000000000000000011\LUT=8'11001010 for cells of type $lut.
Using template $paramod$7ea938ba138d4861840be1d72fba17b321428629\$lut for cells of type $lut.
Using template $paramod$c8f16510db975553c8b0be1064e8f5234175f8a8\$lut for cells of type $lut.
Using template $paramod$3702268f692b8bf258e428f65d3bca4e1f76d98b\$lut for cells of type $lut.
Using template $paramod$83ee59f46eb162e73a2d3ee6c047e91158527ba8\$lut for cells of type $lut.
Using template $paramod$7586a8b374a2601393943082c552e4a7d210d11d\$lut for cells of type $lut.
Using template $paramod$e2910c964424f4f3be91a179a24d2d8af847f18d\$lut for cells of type $lut.
Using template $paramod$e6682120ffcdb24b6ea6f4498d18636d017d86db\$lut for cells of type $lut.
Using template $paramod\$lut\WIDTH=32'00000000000000000000000000000011\LUT=8'00110001 for cells of type $lut.
Using template $paramod$335ab464483b7db1b33229a413d497bf358b0ebe\$lut for cells of type $lut.
Using template $paramod$eaa3aeac0affe317e823df158e89be20882468eb\$lut for cells of type $lut.
Using template $paramod\$lut\WIDTH=32'00000000000000000000000000000011\LUT=8'10010110 for cells of type $lut.
Using template $paramod$ba7c22fadfbf9ee7abcb895a21403114111dd201\$lut for cells of type $lut.
Using template $paramod$8d7a8d6e3356de09670738ba85f2c6b874f6b06d\$lut for cells of type $lut.
Using template $paramod$1bd94726c3f238799f268790d8ad6643e16bf4cd\$lut for cells of type $lut.
Using template $paramod\$lut\WIDTH=32'00000000000000000000000000000011\LUT=8'10010000 for cells of type $lut.
Using template $paramod$85b779ce5ab505dbf25e5e046fb43ca2b76b878b\$lut for cells of type $lut.
Using template $paramod$fe70bb3280659663b8fa2b45f42fda9ccf4ccfaa\$lut for cells of type $lut.
Using template $paramod$168aeef333136ff4f1f2ce3a62c8b6d1ffc7dc28\$lut for cells of type $lut.
Using template $paramod$4089ff6e4684925e20a7a927842a391e4f6ec4c8\$lut for cells of type $lut.
Using template $paramod$74896d5916b54059928d3e3a06a0d62a2b582a8d\$lut for cells of type $lut.
Using template $paramod$e4c3984b0f292ec38c153e6818d5f5a1c58e4f5f\$lut for cells of type $lut.
Using template $paramod$c5a078b5d819d7ce27fb0350dd8c2c0ca68bebfd\$lut for cells of type $lut.
Using template $paramod$b254004e52e31d6991f04f6113897c64fa1650ce\$lut for cells of type $lut.
Using template $paramod$f20b2ac9e8403e32b318cb1da15d5b49822af164\$lut for cells of type $lut.
Using template $paramod$47a8214374025465e226fa66bee690ff33268a25\$lut for cells of type $lut.
Using template $paramod$30305e55a780880b9c824fe3509a4d981acb0f2b\$lut for cells of type $lut.
Using template $paramod\$lut\WIDTH=32'00000000000000000000000000000011\LUT=8'00100000 for cells of type $lut.
Using template $paramod$6e238df02989b317f10820a22773676e71120644\$lut for cells of type $lut.
Using template $paramod\$lut\WIDTH=32'00000000000000000000000000000011\LUT=8'11101010 for cells of type $lut.
Using template $paramod\$lut\WIDTH=32'00000000000000000000000000000011\LUT=8'10101100 for cells of type $lut.
Using template $paramod$1cc0beaa02daae9eef8a899dc80a512c060f4824\$lut for cells of type $lut.
Using template $paramod$d6ca727e39f31d51d29072e0f33aa09c65e37336\$lut for cells of type $lut.
Using template $paramod\$lut\WIDTH=32'00000000000000000000000000000011\LUT=8'00001000 for cells of type $lut.
Using template $paramod$c958b3a888f937f082b94811ff62d71e32a2b4eb\$lut for cells of type $lut.
Using template $paramod\$lut\WIDTH=32'00000000000000000000000000000011\LUT=8'00000111 for cells of type $lut.
Using template $paramod\$lut\WIDTH=32'00000000000000000000000000000011\LUT=8'00000100 for cells of type $lut.
Using template $paramod$d8d0fbe6d7917fab64620ac75d30fde955fb4873\$lut for cells of type $lut.
Using template $paramod$fc6d1d5d922f69cdc5ce89d141a4cfdf356a2ad8\$lut for cells of type $lut.
Using template $paramod$a03ef989f8f4e1878ce2f5c4e0e3d2dfb54307ef\$lut for cells of type $lut.
Using template $paramod$4fef26d8033bef5da523501249fbb3c69a8df401\$lut for cells of type $lut.
Using template $paramod$18455d4fd1270af2266bf4bb1c44971b2eb6b37a\$lut for cells of type $lut.
Using template $paramod$2ea69c779d6c1b79ac5a87b0d1523c67d5628dba\$lut for cells of type $lut.
Using template $paramod$fdcae86fcfd036c1880a04306ae771a9d7579c31\$lut for cells of type $lut.
Using template $paramod$8f7210088a40da1859d27e900c288fd298d68bed\$lut for cells of type $lut.
Using template $paramod$973818279bc95792902f3c09371fd2407d04a2a5\$lut for cells of type $lut.
Using template $paramod$7491e7206ae8c682d288373efe06a43b67c277cf\$lut for cells of type $lut.
Using template $paramod$19f568890ed784cb1efc3ce1b67eed20a6c54d9a\$lut for cells of type $lut.
Using template $paramod$12ef69efe0bed545060c05a66d5d4a158ef69fa7\$lut for cells of type $lut.
Using template $paramod\$lut\WIDTH=32'00000000000000000000000000000011\LUT=8'01001100 for cells of type $lut.
Using template $paramod$9514e9071cd93c288d9d00fe4dd97a2fb5e9846f\$lut for cells of type $lut.
Using template $paramod\$lut\WIDTH=32'00000000000000000000000000000011\LUT=8'00010011 for cells of type $lut.
Using template $paramod$f5ee2886f0cf3b7fd61b8ea4cb426db115ff04a2\$lut for cells of type $lut.
Using template $paramod$e5d53c7967153afe6330006d353821d2e168a2e1\$lut for cells of type $lut.
Using template $paramod$d7856980c8e3df62f97c26ab34037f33a9e831b5\$lut for cells of type $lut.
Using template $paramod$097592bb16245531f0716c5ddb18d7090f9c7d9d\$lut for cells of type $lut.
Using template $paramod$fa874836ac64420bb7d9c67e99a0912e16a50ef2\$lut for cells of type $lut.
Using template $paramod$adb84e058b0f32ce56f004e6ffa19883ace75fc0\$lut for cells of type $lut.
Using template $paramod$0c051d83397849eb42a05264475ba40efb861eb2\$lut for cells of type $lut.
Using template $paramod$e5758a88c2c156ccb3037f71a73d1b15af5b310d\$lut for cells of type $lut.
Using template $paramod$a2552680f581882293fcc38145c580fd9e5e29b9\$lut for cells of type $lut.
Using template $paramod\$lut\WIDTH=32'00000000000000000000000000000011\LUT=8'00010000 for cells of type $lut.
Using template $paramod$94ac66a11090dca84889e55fcf03297912a5b7ec\$lut for cells of type $lut.
Using template $paramod$be48d952fcad8a16b8d84daa4c48a3065f343e5e\$lut for cells of type $lut.
Using template $paramod\$lut\WIDTH=32'00000000000000000000000000000011\LUT=8'01110000 for cells of type $lut.
Using template $paramod$179512a187da069f3b79ef6612a41e494e7d54b6\$lut for cells of type $lut.
Using template $paramod$e50929688d8319f8cd7bdd627065cd59d2e91fe4\$lut for cells of type $lut.
Using template $paramod$3eb8805ccd6f91bad96dcbf190c2fb4f72f4634f\$lut for cells of type $lut.
Using template $paramod$18368a3da11a7221c7fb674ec80ee0d0bd64b883\$lut for cells of type $lut.
Using template $paramod$e6a488add0b5a2d742e2ae29f62ce7616e04271d\$lut for cells of type $lut.
Using template $paramod$23da582b86241546eace0c8bedadb42614eea4c1\$lut for cells of type $lut.
Using template $paramod$5b86c44f0efdee8d612fc46787b79cf7bb30d652\$lut for cells of type $lut.
Using template $paramod$8384e66d408d22ab39dfb451efb7879731befeb8\$lut for cells of type $lut.
Using template $paramod$ab8bb87959c5d7cfa27886cee1355b38e054a61a\$lut for cells of type $lut.
Using template $paramod$13fa9273f1d4ad6050109d02dc87cffc90450a95\$lut for cells of type $lut.
Using template $paramod$1c4187ad9de7edc544fc08819589445a66513fd1\$lut for cells of type $lut.
Using template $paramod$2e7a1aeed3235fce17c259b8b5f46314c632ff20\$lut for cells of type $lut.
Using template $paramod$77976eb50cdfaa931ee6d1e8808e6236501d09e8\$lut for cells of type $lut.
Using template $paramod$658b9ed803f0d3d335616d3858b53e0a2522f1e8\$lut for cells of type $lut.
Using template $paramod$eba7de026ff587370e320127e266317dae097a89\$lut for cells of type $lut.
Using template $paramod$1b4d4ddc63b6e440bcf5f5ee8dfd29caf2f27225\$lut for cells of type $lut.
Using template $paramod$b496a4053d3b2797e7f1443b65a137fdfa6da842\$lut for cells of type $lut.
Using template $paramod$ff315d5084ed3c80e34901fe05add0db5feb0b93\$lut for cells of type $lut.
Using template $paramod$02f222530db39a8a31d75f48a5f0ca4b0932388c\$lut for cells of type $lut.
Using template $paramod$4a24199edfc224298ed3df626f7512834a246efd\$lut for cells of type $lut.
Using template $paramod$3a16cdc423338332acc062d6121d7f50fc30fbe6\$lut for cells of type $lut.
Using template $paramod$ff58554493773336c4e06dc62f25c37448f98c7b\$lut for cells of type $lut.
Using template $paramod\$lut\WIDTH=32'00000000000000000000000000000011\LUT=8'10110100 for cells of type $lut.
Using template $paramod$85f549a4750894083686463b8fb81bb5b55751ef\$lut for cells of type $lut.
Using template $paramod$2ef4e570a8d6a73fbae856375b46619f2b6c1aaa\$lut for cells of type $lut.
Using template $paramod$f52d31369a575902b7f4718aa6ea19045c36b670\$lut for cells of type $lut.
Using template $paramod$238654f40da11b063929ec3e8d1730bd023319ff\$lut for cells of type $lut.
Using template $paramod$ac95078f0eaaf1d221540f8b64b927bea26a7e5b\$lut for cells of type $lut.
Using template $paramod$04540c4dced855b8d7a911c80dafe81eb111273b\$lut for cells of type $lut.
Using template $paramod$bea08a495d16293f8cc454a45845d26cde0762b6\$lut for cells of type $lut.
Using template $paramod$a5516fc31d1e552de2435200bb732b4d4ad63a9c\$lut for cells of type $lut.
Using template $paramod$e51a8a571bee774247b38f52d6e85fd62ae52cea\$lut for cells of type $lut.
Using template $paramod$fbe0c122b0f1028e9082708fa6d88fc427075dcc\$lut for cells of type $lut.
Using template $paramod\$lut\WIDTH=32'00000000000000000000000000000011\LUT=8'10001010 for cells of type $lut.
Using template $paramod$8cac5452d526045503c5864c3a1dac0121c7053e\$lut for cells of type $lut.
Using template $paramod$87340448ca8f23f248b0dd8c91569f04725ead93\$lut for cells of type $lut.
Using template $paramod$8702d826849a5d8af6dd5fde2d287a6443f7d076\$lut for cells of type $lut.
Using template $paramod$add15cc042e99bac13d6ca3f46720ff2f5130a66\$lut for cells of type $lut.
Using template $paramod$272652f6c6fbe9a75eff76e45cc7e2788835518b\$lut for cells of type $lut.
Using template $paramod$a5dd9ee10fc2202a29791f7d68d4afcce241aee5\$lut for cells of type $lut.
Using template $paramod$ba05b8a1a425003df083aea0e69541f5cbdc68f2\$lut for cells of type $lut.
Using template $paramod$4834046533425f54583d6bd31e49deb63455e1a5\$lut for cells of type $lut.
Using template $paramod$b86b68a00733dbecb31d58a14a13683475a2002a\$lut for cells of type $lut.
Using template $paramod\$lut\WIDTH=32'00000000000000000000000000000011\LUT=8'01111110 for cells of type $lut.
Using template $paramod$6d6beead1425af15cf78b27fd9b11b41b5d4bce8\$lut for cells of type $lut.
Using template $paramod$01c608da0c772a10858492e8ba4f65bc04f42266\$lut for cells of type $lut.
Using template $paramod$b26fbfdb68e98cf016d61a8611b449e9f4a30f3c\$lut for cells of type $lut.
Using template $paramod\$lut\WIDTH=32'00000000000000000000000000000011\LUT=8'10111010 for cells of type $lut.
Using template $paramod\$lut\WIDTH=32'00000000000000000000000000000001\LUT=2'01 for cells of type $lut.
Using template $paramod$2bf796e0fd6e6f7f76aac424a34e617ed5d61822\$lut for cells of type $lut.
Using template $paramod$d9e869de4ea8677851dc452d380224cee441f821\$lut for cells of type $lut.
Using template $paramod$45d94d6083aeb9e7e407981dbc5f2436c798c4ab\$lut for cells of type $lut.
Using template $paramod$98162d862d449f7c67182f5a43cdfe4123defff8\$lut for cells of type $lut.
Using template $paramod$4c41f1623393f37dcc4e2d184a7f0d948ea506e4\$lut for cells of type $lut.
Using template $paramod$350d8d88d87e211b8de9a80b9d98b8b82cf8b81e\$lut for cells of type $lut.
Using template $paramod\$lut\WIDTH=32'00000000000000000000000000000010\LUT=4'1101 for cells of type $lut.
Using template $paramod\$lut\WIDTH=32'00000000000000000000000000000011\LUT=8'11101111 for cells of type $lut.
Using template $paramod$55c8b41162bae9ccba9478b8f5fd17695513cc6c\$lut for cells of type $lut.
Using template $paramod$10972532328f6cee9faf416bda62d4c00e1a4f71\$lut for cells of type $lut.
Using template $paramod\$lut\WIDTH=32'00000000000000000000000000000010\LUT=4'0111 for cells of type $lut.
No more expansions possible.

24.45. Executing OPT_LUT_INS pass (discard unused LUT inputs).
Optimizing LUTs in top.
  Optimizing lut $abc$30540$lut$flatten\CALCULADORA0.$procmux$2518_Y.genblk1.genblk1.genblk1.genblk1.genblk1.lut1 (4 -> 3)
  Optimizing lut $abc$30540$lut$flatten\CALCULADORA0.$procmux$2842_Y.genblk1.genblk1.genblk1.genblk1.genblk1.lut1 (4 -> 3)
  Optimizing lut $abc$30540$lut$flatten\CALCULADORA0.$procmux$2536_Y.genblk1.genblk1.genblk1.genblk1.genblk1.lut1 (4 -> 3)
  Optimizing lut $abc$30540$lut$flatten\CALCULADORA0.$procmux$2590_Y.genblk1.genblk1.genblk1.genblk1.genblk1.lut1 (4 -> 3)
  Optimizing lut $abc$30540$lut$flatten\CALCULADORA0.$procmux$2428_Y.genblk1.genblk1.genblk1.genblk1.genblk1.lut1 (4 -> 2)
  Optimizing lut $abc$30540$lut$flatten\CALCULADORA0.$procmux$2581_Y.genblk1.genblk1.genblk1.genblk1.genblk1.lut1 (4 -> 3)
  Optimizing lut $abc$30540$lut$flatten\PANTALLA0.\TRADUCTOR00.$procmux$2153_Y[5].genblk1.genblk1.genblk1.genblk1.genblk1.genblk1.lut3 (4 -> 3)
  Optimizing lut $abc$30540$lut$flatten\mc0.$procmux$2916.Y[2].genblk1.genblk1.genblk1.genblk1.genblk1.lut1 (4 -> 3)
  Optimizing lut $abc$30540$lut$flatten\CALCULADORA0.$procmux$2797_Y.genblk1.genblk1.genblk1.genblk1.genblk1.lut1 (4 -> 2)
  Optimizing lut $abc$30540$lut$flatten\CALCULADORA0.$procmux$2545_Y.genblk1.genblk1.genblk1.genblk1.genblk1.lut1 (4 -> 3)
  Optimizing lut $abc$30540$lut$auto$opt_dff.cc:219:make_patterns_logic$3327.genblk1.genblk1.genblk1.genblk1.genblk1.genblk1.genblk1.lut3 (4 -> 2)
  Optimizing lut $abc$30540$lut$auto$opt_dff.cc:219:make_patterns_logic$3327.genblk1.genblk1.genblk1.genblk1.genblk1.genblk1.genblk1.lut4 (4 -> 2)
  Optimizing lut $abc$30540$lut$auto$opt_dff.cc:219:make_patterns_logic$3327.genblk1.genblk1.genblk1.genblk1.genblk1.genblk1.genblk1.lut5 (4 -> 2)
  Optimizing lut $abc$30540$lut$auto$opt_dff.cc:219:make_patterns_logic$3327.genblk1.genblk1.genblk1.genblk1.genblk1.genblk1.genblk1.lut6 (4 -> 2)
  Optimizing lut $abc$30540$lut$auto$opt_dff.cc:219:make_patterns_logic$3327.genblk1.genblk1.genblk1.genblk1.genblk1.genblk1.genblk1.lut7 (4 -> 2)
  Optimizing lut $abc$30540$lut$aiger30539$812.genblk1.genblk1.genblk1.genblk1.genblk1.genblk1.genblk1.lut2 (4 -> 0)
  Optimizing lut $abc$30540$lut$aiger30539$812.genblk1.genblk1.genblk1.genblk1.genblk1.genblk1.genblk1.lut3 (4 -> 0)
  Optimizing lut $abc$30540$lut$aiger30539$812.genblk1.genblk1.genblk1.genblk1.genblk1.genblk1.genblk1.lut4 (4 -> 1)
  Optimizing lut $abc$30540$lut$aiger30539$812.genblk1.genblk1.genblk1.genblk1.genblk1.genblk1.genblk1.lut5 (4 -> 2)
  Optimizing lut $abc$30540$lut$aiger30539$812.genblk1.genblk1.genblk1.genblk1.genblk1.genblk1.genblk1.lut6 (4 -> 0)
  Optimizing lut $abc$30540$lut$aiger30539$812.genblk1.genblk1.genblk1.genblk1.genblk1.genblk1.genblk1.lut7 (4 -> 0)
  Optimizing lut $abc$30540$lut$aiger30539$806.genblk1.genblk1.genblk1.genblk1.genblk1.lut1 (4 -> 1)
  Optimizing lut $abc$30540$lut$aiger30539$1244.genblk1.genblk1.genblk1.genblk1.genblk1.genblk1.lut2 (4 -> 2)
  Optimizing lut $abc$30540$lut$aiger30539$1244.genblk1.genblk1.genblk1.genblk1.genblk1.genblk1.lut3 (4 -> 0)
  Optimizing lut $abc$30540$lut$flatten\CALCULADORA0.$procmux$2653_Y.genblk1.genblk1.genblk1.genblk1.genblk1.lut1 (4 -> 3)
  Optimizing lut $auto$abc9_ops.cc:1550:reintegrate$30609.genblk1.genblk1.genblk1.genblk1.genblk1.genblk1.lut3 (4 -> 1)
  Optimizing lut $auto$abc9_ops.cc:1550:reintegrate$30625.genblk1.genblk1.genblk1.genblk1.genblk1.genblk1.lut3 (4 -> 1)
  Optimizing lut $abc$30540$lut$aiger30539$2062.genblk1.genblk1.genblk1.genblk1.genblk1.genblk1.genblk1.lut3 (4 -> 3)
  Optimizing lut $abc$30540$lut$aiger30539$2062.genblk1.genblk1.genblk1.genblk1.genblk1.genblk1.genblk1.lut4 (4 -> 0)
  Optimizing lut $abc$30540$lut$aiger30539$2062.genblk1.genblk1.genblk1.genblk1.genblk1.genblk1.genblk1.lut5 (4 -> 0)
  Optimizing lut $abc$30540$lut$aiger30539$2062.genblk1.genblk1.genblk1.genblk1.genblk1.genblk1.genblk1.lut6 (4 -> 0)
  Optimizing lut $abc$30540$lut$aiger30539$2062.genblk1.genblk1.genblk1.genblk1.genblk1.genblk1.genblk1.lut7 (4 -> 0)
  Optimizing lut $abc$30540$lut$aiger30539$2055.genblk1.genblk1.genblk1.genblk1.genblk1.lut1 (4 -> 0)
  Optimizing lut $abc$30540$lut$aiger30539$1994.genblk1.genblk1.genblk1.genblk1.genblk1.genblk1.genblk1.lut1 (4 -> 3)
  Optimizing lut $abc$30540$lut$aiger30539$1994.genblk1.genblk1.genblk1.genblk1.genblk1.genblk1.genblk1.lut2 (4 -> 3)
  Optimizing lut $abc$30540$lut$aiger30539$1994.genblk1.genblk1.genblk1.genblk1.genblk1.genblk1.genblk1.lut3 (4 -> 3)
  Optimizing lut $abc$30540$lut$aiger30539$1994.genblk1.genblk1.genblk1.genblk1.genblk1.genblk1.genblk1.lut4 (4 -> 3)
  Optimizing lut $abc$30540$lut$aiger30539$1994.genblk1.genblk1.genblk1.genblk1.genblk1.genblk1.genblk1.lut5 (4 -> 3)
  Optimizing lut $abc$30540$lut$aiger30539$1994.genblk1.genblk1.genblk1.genblk1.genblk1.genblk1.genblk1.lut6 (4 -> 3)
  Optimizing lut $abc$30540$lut$aiger30539$1994.genblk1.genblk1.genblk1.genblk1.genblk1.genblk1.genblk1.lut7 (4 -> 3)
  Optimizing lut $abc$30540$lut$aiger30539$1901.genblk1.genblk1.genblk1.genblk1.genblk1.genblk1.genblk1.lut2 (4 -> 1)
  Optimizing lut $abc$30540$lut$aiger30539$1901.genblk1.genblk1.genblk1.genblk1.genblk1.genblk1.genblk1.lut3 (4 -> 1)
  Optimizing lut $abc$30540$lut$aiger30539$1901.genblk1.genblk1.genblk1.genblk1.genblk1.genblk1.genblk1.lut4 (4 -> 0)
  Optimizing lut $abc$30540$lut$aiger30539$1901.genblk1.genblk1.genblk1.genblk1.genblk1.genblk1.genblk1.lut5 (4 -> 0)
  Optimizing lut $abc$30540$lut$aiger30539$1901.genblk1.genblk1.genblk1.genblk1.genblk1.genblk1.genblk1.lut6 (4 -> 0)
  Optimizing lut $abc$30540$lut$aiger30539$1901.genblk1.genblk1.genblk1.genblk1.genblk1.genblk1.genblk1.lut7 (4 -> 0)
  Optimizing lut $abc$30540$lut$aiger30539$1847.genblk1.genblk1.genblk1.genblk1.genblk1.genblk1.lut1 (4 -> 0)
  Optimizing lut $abc$30540$lut$aiger30539$1847.genblk1.genblk1.genblk1.genblk1.genblk1.genblk1.lut2 (4 -> 2)
  Optimizing lut $abc$30540$lut$aiger30539$1767.genblk1.genblk1.genblk1.genblk1.genblk1.lut1 (4 -> 0)
  Optimizing lut $abc$30540$lut$aiger30539$1752.genblk1.genblk1.genblk1.genblk1.genblk1.genblk1.lut2 (4 -> 2)
  Optimizing lut $abc$30540$lut$aiger30539$1752.genblk1.genblk1.genblk1.genblk1.genblk1.genblk1.lut3 (4 -> 0)
  Optimizing lut $abc$30540$lut$aiger30539$1746.genblk1.genblk1.genblk1.genblk1.genblk1.genblk1.lut1 (4 -> 3)
  Optimizing lut $abc$30540$lut$aiger30539$1746.genblk1.genblk1.genblk1.genblk1.genblk1.genblk1.lut2 (4 -> 3)
  Optimizing lut $abc$30540$lut$aiger30539$1746.genblk1.genblk1.genblk1.genblk1.genblk1.genblk1.lut3 (4 -> 0)
  Optimizing lut $abc$30540$lut$aiger30539$1703.genblk1.genblk1.genblk1.genblk1.genblk1.genblk1.lut2 (4 -> 2)
  Optimizing lut $abc$30540$lut$aiger30539$1637.genblk1.genblk1.genblk1.genblk1.genblk1.genblk1.lut1 (4 -> 1)
  Optimizing lut $abc$30540$lut$aiger30539$1637.genblk1.genblk1.genblk1.genblk1.genblk1.genblk1.lut2 (4 -> 1)
  Optimizing lut $abc$30540$lut$aiger30539$1637.genblk1.genblk1.genblk1.genblk1.genblk1.genblk1.lut3 (4 -> 1)
  Optimizing lut $abc$30540$lut$aiger30539$1628.genblk1.genblk1.genblk1.genblk1.genblk1.genblk1.lut1 (4 -> 1)
  Optimizing lut $abc$30540$lut$aiger30539$1628.genblk1.genblk1.genblk1.genblk1.genblk1.genblk1.lut2 (4 -> 1)
  Optimizing lut $abc$30540$lut$aiger30539$1628.genblk1.genblk1.genblk1.genblk1.genblk1.genblk1.lut3 (4 -> 1)
  Optimizing lut $abc$30540$lut$aiger30539$1619.genblk1.genblk1.genblk1.genblk1.genblk1.genblk1.lut1 (4 -> 1)
  Optimizing lut $abc$30540$lut$aiger30539$1619.genblk1.genblk1.genblk1.genblk1.genblk1.genblk1.lut2 (4 -> 1)
  Optimizing lut $abc$30540$lut$aiger30539$1619.genblk1.genblk1.genblk1.genblk1.genblk1.genblk1.lut3 (4 -> 1)
  Optimizing lut $abc$30540$lut$aiger30539$1610.genblk1.genblk1.genblk1.genblk1.genblk1.genblk1.lut1 (4 -> 1)
  Optimizing lut $abc$30540$lut$aiger30539$1610.genblk1.genblk1.genblk1.genblk1.genblk1.genblk1.lut2 (4 -> 1)
  Optimizing lut $abc$30540$lut$aiger30539$1610.genblk1.genblk1.genblk1.genblk1.genblk1.genblk1.lut3 (4 -> 1)
  Optimizing lut $abc$30540$lut$aiger30539$1591.genblk1.genblk1.genblk1.genblk1.genblk1.genblk1.lut1 (4 -> 1)
  Optimizing lut $abc$30540$lut$aiger30539$1591.genblk1.genblk1.genblk1.genblk1.genblk1.genblk1.lut2 (4 -> 1)
  Optimizing lut $abc$30540$lut$aiger30539$1591.genblk1.genblk1.genblk1.genblk1.genblk1.genblk1.lut3 (4 -> 1)
  Optimizing lut $abc$30540$lut$aiger30539$1582.genblk1.genblk1.genblk1.genblk1.genblk1.genblk1.lut1 (4 -> 1)
  Optimizing lut $abc$30540$lut$aiger30539$1582.genblk1.genblk1.genblk1.genblk1.genblk1.genblk1.lut2 (4 -> 1)
  Optimizing lut $abc$30540$lut$aiger30539$1582.genblk1.genblk1.genblk1.genblk1.genblk1.genblk1.lut3 (4 -> 1)
  Optimizing lut $abc$30540$lut$aiger30539$1573.genblk1.genblk1.genblk1.genblk1.genblk1.genblk1.lut1 (4 -> 1)
  Optimizing lut $abc$30540$lut$aiger30539$1573.genblk1.genblk1.genblk1.genblk1.genblk1.genblk1.lut2 (4 -> 1)
  Optimizing lut $abc$30540$lut$aiger30539$1573.genblk1.genblk1.genblk1.genblk1.genblk1.genblk1.lut3 (4 -> 1)
  Optimizing lut $abc$30540$lut$aiger30539$1564.genblk1.genblk1.genblk1.genblk1.genblk1.lut1 (4 -> 0)
  Optimizing lut $abc$30540$lut$aiger30539$1501.genblk1.genblk1.genblk1.genblk1.genblk1.lut1 (4 -> 0)
  Optimizing lut $abc$30540$lut$aiger30539$1104.genblk1.genblk1.genblk1.genblk1.genblk1.lut1 (4 -> 3)
  Optimizing lut $abc$30540$lut$aiger30539$1125.genblk1.genblk1.genblk1.genblk1.genblk1.lut1 (4 -> 0)
  Optimizing lut $abc$30540$lut$aiger30539$1146.genblk1.genblk1.genblk1.genblk1.genblk1.lut1 (4 -> 0)
  Optimizing lut $abc$30540$lut$aiger30539$1151.genblk1.genblk1.genblk1.genblk1.genblk1.lut0 (4 -> 1)
  Optimizing lut $abc$30540$lut$aiger30539$1211.genblk1.genblk1.genblk1.genblk1.genblk1.lut0 (4 -> 3)
  Optimizing lut $abc$30540$lut$aiger30539$1211.genblk1.genblk1.genblk1.genblk1.genblk1.lut1 (4 -> 3)
  Optimizing lut $abc$30540$lut$auto$opt_dff.cc:219:make_patterns_logic$3327.genblk1.genblk1.genblk1.genblk1.genblk1.genblk1.genblk1.lut1 (4 -> 2)
  Optimizing lut $abc$30540$lut$aiger30539$1277.genblk1.genblk1.genblk1.genblk1.genblk1.lut0 (4 -> 0)
  Optimizing lut $abc$30540$lut$aiger30539$1308.genblk1.genblk1.genblk1.genblk1.genblk1.lut0 (4 -> 0)
  Optimizing lut $abc$30540$lut$aiger30539$1315.genblk1.genblk1.genblk1.genblk1.genblk1.lut0 (4 -> 0)
  Optimizing lut $abc$30540$lut$flatten\CALCULADORA0.$procmux$2500_Y.genblk1.genblk1.genblk1.genblk1.genblk1.lut1 (4 -> 2)
  Optimizing lut $abc$30540$lut$aiger30539$1525.genblk1.genblk1.genblk1.genblk1.genblk1.lut0 (4 -> 0)
  Optimizing lut $abc$30540$lut$aiger30539$1549.genblk1.genblk1.genblk1.genblk1.genblk1.lut0 (4 -> 0)
  Optimizing lut $abc$30540$lut$aiger30539$1573.genblk1.genblk1.genblk1.genblk1.genblk1.genblk1.lut0 (4 -> 1)
  Optimizing lut $abc$30540$lut$aiger30539$1582.genblk1.genblk1.genblk1.genblk1.genblk1.genblk1.lut0 (4 -> 1)
  Optimizing lut $abc$30540$lut$aiger30539$1591.genblk1.genblk1.genblk1.genblk1.genblk1.genblk1.lut0 (4 -> 1)
  Optimizing lut $abc$30540$lut$aiger30539$1610.genblk1.genblk1.genblk1.genblk1.genblk1.genblk1.lut0 (4 -> 1)
  Optimizing lut $abc$30540$lut$aiger30539$1619.genblk1.genblk1.genblk1.genblk1.genblk1.genblk1.lut0 (4 -> 1)
  Optimizing lut $abc$30540$lut$aiger30539$1628.genblk1.genblk1.genblk1.genblk1.genblk1.genblk1.lut0 (4 -> 1)
  Optimizing lut $abc$30540$lut$aiger30539$1637.genblk1.genblk1.genblk1.genblk1.genblk1.genblk1.lut0 (4 -> 1)
  Optimizing lut $abc$30540$lut$aiger30539$1671.genblk1.genblk1.genblk1.genblk1.genblk1.lut0 (4 -> 0)
  Optimizing lut $abc$30540$lut$aiger30539$1703.genblk1.genblk1.genblk1.genblk1.genblk1.genblk1.lut0 (4 -> 0)
  Optimizing lut $abc$30540$lut$aiger30539$1703.genblk1.genblk1.genblk1.genblk1.genblk1.genblk1.lut1 (4 -> 0)
  Optimizing lut $abc$30540$lut$aiger30539$1752.genblk1.genblk1.genblk1.genblk1.genblk1.genblk1.lut1 (4 -> 3)
  Optimizing lut $abc$30540$lut$aiger30539$1791.genblk1.genblk1.genblk1.genblk1.genblk1.lut0 (4 -> 0)
  Optimizing lut $abc$30540$lut$aiger30539$1815.genblk1.genblk1.genblk1.genblk1.genblk1.lut0 (4 -> 0)
  Optimizing lut $abc$30540$lut$aiger30539$1847.genblk1.genblk1.genblk1.genblk1.genblk1.genblk1.lut0 (4 -> 0)
  Optimizing lut $abc$30540$lut$aiger30539$1901.genblk1.genblk1.genblk1.genblk1.genblk1.genblk1.genblk1.lut1 (4 -> 3)
  Optimizing lut $abc$30540$lut$aiger30539$1994.genblk1.genblk1.genblk1.genblk1.genblk1.genblk1.genblk1.lut0 (4 -> 3)
  Optimizing lut $abc$30540$lut$aiger30539$2030.genblk1.genblk1.genblk1.genblk1.genblk1.lut1 (4 -> 3)
  Optimizing lut $abc$30540$lut$aiger30539$2040.genblk1.genblk1.genblk1.genblk1.genblk1.lut0 (4 -> 2)
  Optimizing lut $abc$30540$lut$aiger30539$2062.genblk1.genblk1.genblk1.genblk1.genblk1.genblk1.genblk1.lut1 (4 -> 1)
  Optimizing lut $abc$30540$lut$aiger30539$2098.genblk1.genblk1.genblk1.genblk1.genblk1.lut0 (4 -> 1)
  Optimizing lut $auto$abc9_ops.cc:1550:reintegrate$30609.genblk1.genblk1.genblk1.genblk1.genblk1.genblk1.lut1 (4 -> 1)
  Optimizing lut $abc$30540$lut$flatten\CALCULADORA0.$procmux$2698_Y.genblk1.genblk1.genblk1.genblk1.genblk1.lut1 (4 -> 3)
  Optimizing lut $abc$30540$lut$aiger30539$692.genblk1.genblk1.genblk1.genblk1.genblk1.lut1 (4 -> 3)
  Optimizing lut $abc$30540$lut$aiger30539$734.genblk1.genblk1.genblk1.genblk1.genblk1.lut0 (4 -> 3)
  Optimizing lut $abc$30540$lut$aiger30539$734.genblk1.genblk1.genblk1.genblk1.genblk1.lut1 (4 -> 3)
  Optimizing lut $abc$30540$lut$aiger30539$775.genblk1.genblk1.genblk1.genblk1.genblk1.lut0 (4 -> 1)
  Optimizing lut $abc$30540$lut$aiger30539$812.genblk1.genblk1.genblk1.genblk1.genblk1.genblk1.genblk1.lut0 (4 -> 3)
  Optimizing lut $abc$30540$lut$flatten\CALCULADORA0.$procmux$2410_Y.genblk1.genblk1.genblk1.genblk1.genblk1.lut1 (4 -> 3)
  Optimizing lut $abc$30540$lut$flatten\CALCULADORA0.$procmux$2527_Y.genblk1.genblk1.genblk1.genblk1.genblk1.lut1 (4 -> 3)
  Optimizing lut $abc$30540$lut$flatten\CALCULADORA0.$procmux$2365_Y.genblk1.genblk1.genblk1.genblk1.genblk1.lut1 (4 -> 2)
  Optimizing lut $abc$30540$lut$auto$fsm_map.cc:170:map_fsm$3168[4].genblk1.genblk1.genblk1.genblk1.genblk1.lut0 (4 -> 3)
  Optimizing lut $abc$30540$lut$auto$fsm_map.cc:170:map_fsm$3213[4].genblk1.genblk1.genblk1.genblk1.genblk1.lut0 (4 -> 3)
  Optimizing lut $abc$30540$lut$auto$opt_dff.cc:219:make_patterns_logic$3327.genblk1.genblk1.genblk1.genblk1.genblk1.genblk1.genblk1.lut0 (4 -> 2)
  Optimizing lut $abc$30540$lut$auto$opt_dff.cc:219:make_patterns_logic$3352.genblk1.genblk1.genblk1.genblk1.genblk1.lut0 (4 -> 1)
  Optimizing lut $abc$30540$lut$flatten\CALCULADORA0.$procmux$2338_Y.genblk1.genblk1.genblk1.genblk1.genblk1.lut1 (4 -> 3)
  Optimizing lut $abc$30540$lut$flatten\CALCULADORA0.$procmux$2635_Y.genblk1.genblk1.genblk1.genblk1.genblk1.lut1 (4 -> 3)
  Optimizing lut $abc$30540$lut$flatten\CALCULADORA0.$procmux$2302_Y.genblk1.genblk1.genblk1.genblk1.genblk1.lut0 (4 -> 3)
  Optimizing lut $abc$30540$lut$flatten\CALCULADORA0.$procmux$2311_Y.genblk1.genblk1.genblk1.genblk1.genblk1.lut0 (4 -> 3)
  Optimizing lut $abc$30540$lut$flatten\CALCULADORA0.$procmux$2374_Y.genblk1.genblk1.genblk1.genblk1.genblk1.lut0 (4 -> 3)
  Optimizing lut $abc$30540$lut$flatten\CALCULADORA0.$procmux$2383_Y.genblk1.genblk1.genblk1.genblk1.genblk1.lut0 (4 -> 3)
  Optimizing lut $abc$30540$lut$flatten\CALCULADORA0.$procmux$2401_Y.genblk1.genblk1.genblk1.genblk1.genblk1.lut0 (4 -> 3)
  Optimizing lut $abc$30540$lut$flatten\CALCULADORA0.$procmux$2419_Y.genblk1.genblk1.genblk1.genblk1.genblk1.lut0 (4 -> 3)
  Optimizing lut $abc$30540$lut$flatten\CALCULADORA0.$procmux$2437_Y.genblk1.genblk1.genblk1.genblk1.genblk1.lut0 (4 -> 3)
  Optimizing lut $abc$30540$lut$flatten\CALCULADORA0.$procmux$2554_Y.genblk1.genblk1.genblk1.genblk1.genblk1.lut1 (4 -> 3)
  Optimizing lut $abc$30540$lut$flatten\CALCULADORA0.$procmux$2563_Y.genblk1.genblk1.genblk1.genblk1.genblk1.lut1 (4 -> 3)
  Optimizing lut $abc$30540$lut$flatten\CALCULADORA0.$procmux$2617_Y.genblk1.genblk1.genblk1.genblk1.genblk1.lut1 (4 -> 3)
  Optimizing lut $abc$30540$lut$flatten\CALCULADORA0.$procmux$2662_Y.genblk1.genblk1.genblk1.genblk1.genblk1.lut0 (4 -> 3)
  Optimizing lut $abc$30540$lut$flatten\CALCULADORA0.$procmux$2671_Y.genblk1.genblk1.genblk1.genblk1.genblk1.lut0 (4 -> 3)
  Optimizing lut $abc$30540$lut$flatten\CALCULADORA0.$procmux$2599_Y.genblk1.genblk1.genblk1.genblk1.genblk1.lut1 (4 -> 3)
  Optimizing lut $abc$30540$lut$flatten\CALCULADORA0.$procmux$2689_Y.genblk1.genblk1.genblk1.genblk1.genblk1.lut0 (4 -> 3)
  Optimizing lut $abc$30540$lut$flatten\CALCULADORA0.$procmux$2707_Y.genblk1.genblk1.genblk1.genblk1.genblk1.lut0 (4 -> 3)
  Optimizing lut $abc$30540$lut$flatten\CALCULADORA0.$procmux$2608_Y.genblk1.genblk1.genblk1.genblk1.genblk1.lut1 (4 -> 3)
  Optimizing lut $abc$30540$lut$flatten\CALCULADORA0.$procmux$2788_Y.genblk1.genblk1.genblk1.genblk1.genblk1.lut0 (4 -> 3)
  Optimizing lut $abc$30540$lut$flatten\CALCULADORA0.$procmux$2806_Y.genblk1.genblk1.genblk1.genblk1.genblk1.lut0 (4 -> 3)
  Optimizing lut $abc$30540$lut$flatten\CALCULADORA0.$procmux$2815_Y.genblk1.genblk1.genblk1.genblk1.genblk1.lut0 (4 -> 3)
  Optimizing lut $abc$30540$lut$flatten\CALCULADORA0.$procmux$2716_Y.genblk1.genblk1.genblk1.genblk1.genblk1.lut1 (4 -> 2)
  Optimizing lut $abc$30540$lut$flatten\CALCULADORA0.$procmux$2833_Y.genblk1.genblk1.genblk1.genblk1.genblk1.lut0 (4 -> 3)
  Optimizing lut $abc$30540$lut$flatten\CALCULADORA0.$procmux$2851_Y.genblk1.genblk1.genblk1.genblk1.genblk1.lut0 (4 -> 3)
  Optimizing lut $abc$30540$lut$flatten\CALCULADORA0.$procmux$2869_Y.genblk1.genblk1.genblk1.genblk1.genblk1.lut0 (4 -> 3)
  Optimizing lut $abc$30540$lut$flatten\CURSOR0.$procmux$2247_Y[1].genblk1.genblk1.genblk1.genblk1.genblk1.lut0 (4 -> 3)
  Optimizing lut $abc$30540$lut$flatten\PANTALLA0.\TRADUCTOR00.$0\RGB[23:0][5].genblk1.genblk1.genblk1.genblk1.genblk1.lut0 (4 -> 3)
  Optimizing lut $abc$30540$lut$flatten\PANTALLA0.\TRADUCTOR00.$procmux$2153_Y[5].genblk1.genblk1.genblk1.genblk1.genblk1.genblk1.lut0 (4 -> 2)
  Optimizing lut $abc$30540$lut$flatten\PANTALLA0.\TRADUCTOR00.$procmux$2153_Y[5].genblk1.genblk1.genblk1.genblk1.genblk1.genblk1.lut1 (4 -> 2)
  Optimizing lut $abc$30540$lut$auto$fsm_map.cc:170:map_fsm$3258[3].genblk1.genblk1.genblk1.genblk1.genblk1.lut1 (4 -> 3)
  Optimizing lut $abc$30540$lut$flatten\CALCULADORA0.$procmux$2626_Y.genblk1.genblk1.genblk1.genblk1.genblk1.lut1 (4 -> 3)
  Optimizing lut $abc$30540$lut$aiger30539$1244.genblk1.genblk1.genblk1.genblk1.genblk1.genblk1.lut1 (4 -> 0)
  Optimizing lut $abc$30540$lut$flatten\mc0.$procmux$2916.Y[0].genblk1.genblk1.genblk1.genblk1.genblk1.lut0 (4 -> 3)
  Optimizing lut $abc$30540$lut$flatten\CALCULADORA0.$procmux$2356_Y.genblk1.genblk1.genblk1.genblk1.genblk1.lut1 (4 -> 2)
  Optimizing lut $auto$abc9_ops.cc:1550:reintegrate$30603.genblk1.genblk1.genblk1.genblk1.genblk1.lut1 (4 -> 3)
  Optimizing lut $auto$abc9_ops.cc:1550:reintegrate$30599.genblk1.genblk1.genblk1.genblk1.genblk1.lut0 (4 -> 2)
  Optimizing lut $auto$abc9_ops.cc:1550:reintegrate$30609.genblk1.genblk1.genblk1.genblk1.genblk1.genblk1.lut0 (4 -> 1)
  Optimizing lut $auto$abc9_ops.cc:1550:reintegrate$30617.genblk1.genblk1.genblk1.genblk1.genblk1.lut0 (4 -> 3)
  Optimizing lut $auto$abc9_ops.cc:1550:reintegrate$30625.genblk1.genblk1.genblk1.genblk1.genblk1.genblk1.lut1 (4 -> 1)
  Optimizing lut $auto$abc9_ops.cc:1550:reintegrate$30625.genblk1.genblk1.genblk1.genblk1.genblk1.genblk1.lut0 (4 -> 1)
Removed 0 unused cells and 1363 unused wires.

24.46. Executing AUTONAME pass.
Renamed 40761 objects in module top (88 iterations).

24.47. Executing HIERARCHY pass (managing design hierarchy).

24.47.1. Analyzing design hierarchy..
Top module:  \top

24.47.2. Analyzing design hierarchy..
Top module:  \top
Removed 0 unused modules.

24.48. Printing statistics.

=== top ===

   Number of wires:               1064
   Number of wire bits:           2959
   Number of public wires:        1064
   Number of public wire bits:    2959
   Number of memories:               0
   Number of memory bits:            0
   Number of processes:              0
   Number of cells:               1350
     $scopeinfo                     26
     CCU2C                          43
     DP16KD                          2
     L6MUX21                        40
     LUT4                          781
     PFUMX                         154
     TRELLIS_FF                    304

24.49. Executing CHECK pass (checking for obvious problems).
Checking module top...
Found and reported 0 problems.

24.50. Executing JSON backend.

Warnings: 3 unique messages, 3 total
End of script. Logfile hash: e98bf78c58, CPU: user 2.43s system 0.03s, MEM: 91.46 MB peak
Yosys 0.38+92 (git sha1 84116c9a3, x86_64-conda-linux-gnu-cc 11.2.0 -fvisibility-inlines-hidden -fmessage-length=0 -march=nocona -mtune=haswell -ftree-vectorize -fPIC -fstack-protector-strong -fno-plt -O2 -ffunction-sections -fdebug-prefix-map=/root/conda-eda/conda-eda/workdir/conda-env/conda-bld/yosys_1708682804602/work=/usr/local/src/conda/yosys-0.38_93_g84116c9a3 -fdebug-prefix-map=/home/felipe-zorro/miniconda3/envs/digital=/usr/local/src/conda-prefix -fPIC -Os -fno-merge-constants)
Time spent: 21% 39x opt_expr (0 sec), 19% 11x techmap (0 sec), ...
