
 /----------------------------------------------------------------------------\
 |  yosys -- Yosys Open SYnthesis Suite                                       |
 |  Copyright (C) 2012 - 2026  Claire Xenia Wolf <claire@yosyshq.com>         |
 |  Distributed under an ISC-like license, type "license" to see terms        |
 \----------------------------------------------------------------------------/
 Yosys 0.65 (git sha1 b85cad634782fafac275e5f540c056bfacb2b5d2)

-- Parsing `top.v' using frontend ` -vlog2k' --

1. Executing Verilog-2005 frontend: top.v
Parsing Verilog input from `top.v' to AST representation.
Storing AST representation for module `$abstract\top'.
Successfully finished Verilog frontend.

-- Parsing `ws2812_array.v' using frontend ` -vlog2k' --

2. Executing Verilog-2005 frontend: ws2812_array.v
Parsing Verilog input from `ws2812_array.v' to AST representation.
Storing AST representation for module `$abstract\ws2812_array'.
Successfully finished Verilog frontend.

-- Parsing `led_mem_arr.v' using frontend ` -vlog2k' --

3. Executing Verilog-2005 frontend: led_mem_arr.v
Parsing Verilog input from `led_mem_arr.v' to AST representation.
Storing AST representation for module `$abstract\led_mem_arr'.
Successfully finished Verilog frontend.

-- Parsing `control_arr.v' using frontend ` -vlog2k' --

4. Executing Verilog-2005 frontend: control_arr.v
Parsing Verilog input from `control_arr.v' to AST representation.
Storing AST representation for module `$abstract\control_arr'.
Successfully finished Verilog frontend.

-- Parsing `count_arr.v' using frontend ` -vlog2k' --

5. Executing Verilog-2005 frontend: count_arr.v
Parsing Verilog input from `count_arr.v' to AST representation.
Storing AST representation for module `$abstract\count_arr'.
Successfully finished Verilog frontend.

-- Parsing `comp_arr.v' using frontend ` -vlog2k' --

6. Executing Verilog-2005 frontend: comp_arr.v
Parsing Verilog input from `comp_arr.v' to AST representation.
Storing AST representation for module `$abstract\comp_arr'.
Successfully finished Verilog frontend.

-- Parsing `ws2812_led.v' using frontend ` -vlog2k' --

7. Executing Verilog-2005 frontend: ws2812_led.v
Parsing Verilog input from `ws2812_led.v' to AST representation.
Storing AST representation for module `$abstract\ws2812_LED'.
Successfully finished Verilog frontend.

-- Parsing `control_wsl.v' using frontend ` -vlog2k' --

8. Executing Verilog-2005 frontend: control_wsl.v
Parsing Verilog input from `control_wsl.v' to AST representation.
Storing AST representation for module `$abstract\control_wsl'.
Successfully finished Verilog frontend.

-- Parsing `count_wsl.v' using frontend ` -vlog2k' --

9. Executing Verilog-2005 frontend: count_wsl.v
Parsing Verilog input from `count_wsl.v' to AST representation.
Storing AST representation for module `$abstract\count_wsl'.
Successfully finished Verilog frontend.

-- Parsing `shift_wsl.v' using frontend ` -vlog2k' --

10. Executing Verilog-2005 frontend: shift_wsl.v
Parsing Verilog input from `shift_wsl.v' to AST representation.
Storing AST representation for module `$abstract\shift_wsl'.
Successfully finished Verilog frontend.

-- Parsing `ws2812.v' using frontend ` -vlog2k' --

11. Executing Verilog-2005 frontend: ws2812.v
Parsing Verilog input from `ws2812.v' to AST representation.
Storing AST representation for module `$abstract\ws2812'.
Successfully finished Verilog frontend.

-- Parsing `control_ws.v' using frontend ` -vlog2k' --

12. Executing Verilog-2005 frontend: control_ws.v
Parsing Verilog input from `control_ws.v' to AST representation.
Storing AST representation for module `$abstract\control_ws'.
Successfully finished Verilog frontend.

-- Parsing `count_ws.v' using frontend ` -vlog2k' --

13. Executing Verilog-2005 frontend: count_ws.v
Parsing Verilog input from `count_ws.v' to AST representation.
Storing AST representation for module `$abstract\count_ws'.
Successfully finished Verilog frontend.

-- Parsing `comp_ws.v' using frontend ` -vlog2k' --

14. Executing Verilog-2005 frontend: comp_ws.v
Parsing Verilog input from `comp_ws.v' to AST representation.
Storing AST representation for module `$abstract\comp_ws'.
Successfully finished Verilog frontend.

-- Parsing `multiplexor_ws.v' using frontend ` -vlog2k' --

15. Executing Verilog-2005 frontend: multiplexor_ws.v
Parsing Verilog input from `multiplexor_ws.v' to AST representation.
Storing AST representation for module `$abstract\mux_ws'.
Successfully finished Verilog frontend.

-- Running command `synth_ecp5 -top top -json build/top.json' --

16. Executing SYNTH_LATTICE pass.

16.1. Executing Verilog-2005 frontend: /usr/bin/../share/yosys/lattice/cells_sim_ecp5.v
Parsing Verilog input from `/usr/bin/../share/yosys/lattice/cells_sim_ecp5.v' to AST representation.
Generating RTLIL representation for module `\LUT4'.
Generating RTLIL representation for module `\$__ABC9_LUT5'.
Generating RTLIL representation for module `\$__ABC9_LUT6'.
Generating RTLIL representation for module `\$__ABC9_LUT7'.
Generating RTLIL representation for module `\L6MUX21'.
Generating RTLIL representation for module `\TRELLIS_RAM16X2'.
Generating RTLIL representation for module `\PFUMX'.
Generating RTLIL representation for module `\TRELLIS_DPR16X4'.
Generating RTLIL representation for module `\DPR16X4C'.
Generating RTLIL representation for module `\LUT2'.
Generating RTLIL representation for module `\TRELLIS_FF'.
Generating RTLIL representation for module `\TRELLIS_IO'.
Generating RTLIL representation for module `\INV'.
Generating RTLIL representation for module `\TRELLIS_COMB'.
Generating RTLIL representation for module `\VLO'.
Generating RTLIL representation for module `\VHI'.
Generating RTLIL representation for module `\FD1P3AX'.
Generating RTLIL representation for module `\FD1P3AY'.
Generating RTLIL representation for module `\FD1P3BX'.
Generating RTLIL representation for module `\FD1P3DX'.
Generating RTLIL representation for module `\FD1P3IX'.
Generating RTLIL representation for module `\FD1P3JX'.
Generating RTLIL representation for module `\FD1S3AX'.
Generating RTLIL representation for module `\FD1S3AY'.
Generating RTLIL representation for module `\FD1S3BX'.
Generating RTLIL representation for module `\FD1S3DX'.
Generating RTLIL representation for module `\FD1S3IX'.
Generating RTLIL representation for module `\FD1S3JX'.
Generating RTLIL representation for module `\IFS1P3BX'.
Generating RTLIL representation for module `\IFS1P3DX'.
Generating RTLIL representation for module `\IFS1P3IX'.
Generating RTLIL representation for module `\IFS1P3JX'.
Generating RTLIL representation for module `\OFS1P3BX'.
Generating RTLIL representation for module `\OFS1P3DX'.
Generating RTLIL representation for module `\OFS1P3IX'.
Generating RTLIL representation for module `\OFS1P3JX'.
Generating RTLIL representation for module `\IB'.
Generating RTLIL representation for module `\IBPU'.
Generating RTLIL representation for module `\IBPD'.
Generating RTLIL representation for module `\OB'.
Generating RTLIL representation for module `\OBZ'.
Generating RTLIL representation for module `\OBZPU'.
Generating RTLIL representation for module `\OBZPD'.
Generating RTLIL representation for module `\OBCO'.
Generating RTLIL representation for module `\BB'.
Generating RTLIL representation for module `\BBPU'.
Generating RTLIL representation for module `\BBPD'.
Generating RTLIL representation for module `\ILVDS'.
Generating RTLIL representation for module `\OLVDS'.
Generating RTLIL representation for module `\CCU2C'.
Generating RTLIL representation for module `\DP16KD'.
Replacing existing blackbox module `\FD1P3AX' at /usr/bin/../share/yosys/lattice/cells_ff.vh:2.1-2.261.
Generating RTLIL representation for module `\FD1P3AX'.
Replacing existing blackbox module `\FD1P3AY' at /usr/bin/../share/yosys/lattice/cells_ff.vh:3.1-3.261.
Generating RTLIL representation for module `\FD1P3AY'.
Replacing existing blackbox module `\FD1P3BX' at /usr/bin/../share/yosys/lattice/cells_ff.vh:4.1-4.261.
Generating RTLIL representation for module `\FD1P3BX'.
Replacing existing blackbox module `\FD1P3DX' at /usr/bin/../share/yosys/lattice/cells_ff.vh:5.1-5.261.
Generating RTLIL representation for module `\FD1P3DX'.
Replacing existing blackbox module `\FD1P3IX' at /usr/bin/../share/yosys/lattice/cells_ff.vh:6.1-6.261.
Generating RTLIL representation for module `\FD1P3IX'.
Replacing existing blackbox module `\FD1P3JX' at /usr/bin/../share/yosys/lattice/cells_ff.vh:7.1-7.261.
Generating RTLIL representation for module `\FD1P3JX'.
Replacing existing blackbox module `\FD1S3AX' at /usr/bin/../share/yosys/lattice/cells_ff.vh:8.1-8.261.
Generating RTLIL representation for module `\FD1S3AX'.
Replacing existing blackbox module `\FD1S3AY' at /usr/bin/../share/yosys/lattice/cells_ff.vh:9.1-9.261.
Generating RTLIL representation for module `\FD1S3AY'.
Replacing existing blackbox module `\FD1S3BX' at /usr/bin/../share/yosys/lattice/cells_ff.vh:10.1-10.261.
Generating RTLIL representation for module `\FD1S3BX'.
Replacing existing blackbox module `\FD1S3DX' at /usr/bin/../share/yosys/lattice/cells_ff.vh:11.1-11.261.
Generating RTLIL representation for module `\FD1S3DX'.
Replacing existing blackbox module `\FD1S3IX' at /usr/bin/../share/yosys/lattice/cells_ff.vh:12.1-12.261.
Generating RTLIL representation for module `\FD1S3IX'.
Replacing existing blackbox module `\FD1S3JX' at /usr/bin/../share/yosys/lattice/cells_ff.vh:13.1-13.261.
Generating RTLIL representation for module `\FD1S3JX'.
Replacing existing blackbox module `\IFS1P3BX' at /usr/bin/../share/yosys/lattice/cells_ff.vh:26.1-26.301.
Generating RTLIL representation for module `\IFS1P3BX'.
Replacing existing blackbox module `\IFS1P3DX' at /usr/bin/../share/yosys/lattice/cells_ff.vh:27.1-27.301.
Generating RTLIL representation for module `\IFS1P3DX'.
Replacing existing blackbox module `\IFS1P3IX' at /usr/bin/../share/yosys/lattice/cells_ff.vh:28.1-28.301.
Generating RTLIL representation for module `\IFS1P3IX'.
Replacing existing blackbox module `\IFS1P3JX' at /usr/bin/../share/yosys/lattice/cells_ff.vh:29.1-29.301.
Generating RTLIL representation for module `\IFS1P3JX'.
Replacing existing blackbox module `\OFS1P3BX' at /usr/bin/../share/yosys/lattice/cells_ff.vh:31.1-31.302.
Generating RTLIL representation for module `\OFS1P3BX'.
Replacing existing blackbox module `\OFS1P3DX' at /usr/bin/../share/yosys/lattice/cells_ff.vh:32.1-32.302.
Generating RTLIL representation for module `\OFS1P3DX'.
Replacing existing blackbox module `\OFS1P3IX' at /usr/bin/../share/yosys/lattice/cells_ff.vh:33.1-33.302.
Generating RTLIL representation for module `\OFS1P3IX'.
Replacing existing blackbox module `\OFS1P3JX' at /usr/bin/../share/yosys/lattice/cells_ff.vh:34.1-34.302.
Generating RTLIL representation for module `\OFS1P3JX'.
Replacing existing blackbox module `\IB' at /usr/bin/../share/yosys/lattice/cells_io.vh:2.1-2.157.
Generating RTLIL representation for module `\IB'.
Replacing existing blackbox module `\IBPU' at /usr/bin/../share/yosys/lattice/cells_io.vh:3.1-3.157.
Generating RTLIL representation for module `\IBPU'.
Replacing existing blackbox module `\IBPD' at /usr/bin/../share/yosys/lattice/cells_io.vh:4.1-4.157.
Generating RTLIL representation for module `\IBPD'.
Replacing existing blackbox module `\OB' at /usr/bin/../share/yosys/lattice/cells_io.vh:5.1-5.157.
Generating RTLIL representation for module `\OB'.
Replacing existing blackbox module `\OBZ' at /usr/bin/../share/yosys/lattice/cells_io.vh:6.1-6.164.
Generating RTLIL representation for module `\OBZ'.
Replacing existing blackbox module `\OBZPU' at /usr/bin/../share/yosys/lattice/cells_io.vh:7.1-7.164.
Generating RTLIL representation for module `\OBZPU'.
Replacing existing blackbox module `\OBZPD' at /usr/bin/../share/yosys/lattice/cells_io.vh:8.1-8.164.
Generating RTLIL representation for module `\OBZPD'.
Replacing existing blackbox module `\OBCO' at /usr/bin/../share/yosys/lattice/cells_io.vh:9.1-9.90.
Generating RTLIL representation for module `\OBCO'.
Replacing existing blackbox module `\BB' at /usr/bin/../share/yosys/lattice/cells_io.vh:10.1-10.179.
Generating RTLIL representation for module `\BB'.
Replacing existing blackbox module `\BBPU' at /usr/bin/../share/yosys/lattice/cells_io.vh:11.1-11.179.
Generating RTLIL representation for module `\BBPU'.
Replacing existing blackbox module `\BBPD' at /usr/bin/../share/yosys/lattice/cells_io.vh:12.1-12.179.
Generating RTLIL representation for module `\BBPD'.
Replacing existing blackbox module `\ILVDS' at /usr/bin/../share/yosys/lattice/cells_io.vh:13.1-13.139.
Generating RTLIL representation for module `\ILVDS'.
Replacing existing blackbox module `\OLVDS' at /usr/bin/../share/yosys/lattice/cells_io.vh:14.1-14.146.
Generating RTLIL representation for module `\OLVDS'.
Successfully finished Verilog frontend.

16.2. Executing Verilog-2005 frontend: /usr/bin/../share/yosys/lattice/cells_bb_ecp5.v
Parsing Verilog input from `/usr/bin/../share/yosys/lattice/cells_bb_ecp5.v' to AST representation.
Generating RTLIL representation for module `\GSR'.
Generating RTLIL representation for module `\PUR'.
Generating RTLIL representation for module `\SGSR'.
Generating RTLIL representation for module `\PDPW16KD'.
Generating RTLIL representation for module `\MULT18X18D'.
Generating RTLIL representation for module `\ALU54B'.
Generating RTLIL representation for module `\CLKDIVF'.
Generating RTLIL representation for module `\PCSCLKDIV'.
Generating RTLIL representation for module `\DCSC'.
Generating RTLIL representation for module `\DCCA'.
Generating RTLIL representation for module `\ECLKSYNCB'.
Generating RTLIL representation for module `\ECLKBRIDGECS'.
Generating RTLIL representation for module `\DELAYF'.
Generating RTLIL representation for module `\DELAYG'.
Generating RTLIL representation for module `\USRMCLK'.
Generating RTLIL representation for module `\DQSBUFM'.
Generating RTLIL representation for module `\DDRDLLA'.
Generating RTLIL representation for module `\DLLDELD'.
Generating RTLIL representation for module `\IDDRX1F'.
Generating RTLIL representation for module `\IDDRX2F'.
Generating RTLIL representation for module `\IDDR71B'.
Generating RTLIL representation for module `\IDDRX2DQA'.
Generating RTLIL representation for module `\ODDRX1F'.
Generating RTLIL representation for module `\ODDRX2F'.
Generating RTLIL representation for module `\ODDR71B'.
Generating RTLIL representation for module `\OSHX2A'.
Generating RTLIL representation for module `\TSHX2DQA'.
Generating RTLIL representation for module `\TSHX2DQSA'.
Generating RTLIL representation for module `\ODDRX2DQA'.
Generating RTLIL representation for module `\ODDRX2DQSB'.
Generating RTLIL representation for module `\EHXPLLL'.
Generating RTLIL representation for module `\DTR'.
Generating RTLIL representation for module `\OSCG'.
Generating RTLIL representation for module `\EXTREFB'.
Generating RTLIL representation for module `\JTAGG'.
Generating RTLIL representation for module `\DCUA'.
Successfully finished Verilog frontend.

16.3. Executing HIERARCHY pass (managing design hierarchy).

16.4. Executing AST frontend in derive mode using pre-parsed AST for module `\top'.
Generating RTLIL representation for module `\top'.

16.4.1. Analyzing design hierarchy..
Top module:  \top

16.4.2. Executing AST frontend in derive mode using pre-parsed AST for module `\ws2812_array'.
Generating RTLIL representation for module `\ws2812_array'.

16.4.3. Analyzing design hierarchy..
Top module:  \top
Used module:     \ws2812_array

16.4.4. Executing AST frontend in derive mode using pre-parsed AST for module `\control_arr'.
Generating RTLIL representation for module `\control_arr'.

16.4.5. Executing AST frontend in derive mode using pre-parsed AST for module `\comp_arr'.
Generating RTLIL representation for module `\comp_arr'.

16.4.6. Executing AST frontend in derive mode using pre-parsed AST for module `\count_arr'.
Generating RTLIL representation for module `\count_arr'.

16.4.7. Executing AST frontend in derive mode using pre-parsed AST for module `\led_mem_arr'.
Generating RTLIL representation for module `\led_mem_arr'.

16.4.8. Executing AST frontend in derive mode using pre-parsed AST for module `\ws2812_LED'.
Generating RTLIL representation for module `\ws2812_LED'.

16.4.9. Analyzing design hierarchy..
Top module:  \top
Used module:     \ws2812_array
Used module:         \control_arr
Used module:         \comp_arr
Used module:         \count_arr
Used module:         \led_mem_arr
Used module:         \ws2812_LED

16.4.10. Executing AST frontend in derive mode using pre-parsed AST for module `\control_wsl'.
Generating RTLIL representation for module `\control_wsl'.

16.4.11. Executing AST frontend in derive mode using pre-parsed AST for module `\shift_wsl'.
Generating RTLIL representation for module `\shift_wsl'.

16.4.12. Executing AST frontend in derive mode using pre-parsed AST for module `\count_wsl'.
Generating RTLIL representation for module `\count_wsl'.

16.4.13. Executing AST frontend in derive mode using pre-parsed AST for module `\ws2812'.
Generating RTLIL representation for module `\ws2812'.

16.4.14. Analyzing design hierarchy..
Top module:  \top
Used module:     \ws2812_array
Used module:         \control_arr
Used module:         \comp_arr
Used module:         \count_arr
Used module:         \led_mem_arr
Used module:         \ws2812_LED
Used module:             \control_wsl
Used module:             \shift_wsl
Used module:             \count_wsl
Used module:             \ws2812

16.4.15. Executing AST frontend in derive mode using pre-parsed AST for module `\control_ws'.
Generating RTLIL representation for module `\control_ws'.

16.4.16. Executing AST frontend in derive mode using pre-parsed AST for module `\count_ws'.
Generating RTLIL representation for module `\count_ws'.

16.4.17. Executing AST frontend in derive mode using pre-parsed AST for module `\mux_ws'.
Generating RTLIL representation for module `\mux_ws'.

16.4.18. Executing AST frontend in derive mode using pre-parsed AST for module `\comp_ws'.
Generating RTLIL representation for module `\comp_ws'.

16.4.19. Analyzing design hierarchy..
Top module:  \top
Used module:     \ws2812_array
Used module:         \control_arr
Used module:         \comp_arr
Used module:         \count_arr
Used module:         \led_mem_arr
Used module:         \ws2812_LED
Used module:             \control_wsl
Used module:             \shift_wsl
Used module:             \count_wsl
Used module:             \ws2812
Used module:                 \control_ws
Used module:                 \count_ws
Used module:                 \mux_ws
Used module:                 \comp_ws

16.4.20. Analyzing design hierarchy..
Top module:  \top
Used module:     \ws2812_array
Used module:         \control_arr
Used module:         \comp_arr
Used module:         \count_arr
Used module:         \led_mem_arr
Used module:         \ws2812_LED
Used module:             \control_wsl
Used module:             \shift_wsl
Used module:             \count_wsl
Used module:             \ws2812
Used module:                 \control_ws
Used module:                 \count_ws
Used module:                 \mux_ws
Used module:                 \comp_ws
Removing unused module `$abstract\mux_ws'.
Removing unused module `$abstract\comp_ws'.
Removing unused module `$abstract\count_ws'.
Removing unused module `$abstract\control_ws'.
Removing unused module `$abstract\ws2812'.
Removing unused module `$abstract\shift_wsl'.
Removing unused module `$abstract\count_wsl'.
Removing unused module `$abstract\control_wsl'.
Removing unused module `$abstract\ws2812_LED'.
Removing unused module `$abstract\comp_arr'.
Removing unused module `$abstract\count_arr'.
Removing unused module `$abstract\control_arr'.
Removing unused module `$abstract\led_mem_arr'.
Removing unused module `$abstract\ws2812_array'.
Removing unused module `$abstract\top'.
Removed 15 unused modules.
Warning: Resizing cell port ws2812_array.ws2812_LED00.RESET_CMD from 32 bits to 1 bits.

16.5. Executing PROC pass (convert processes to netlists).

16.5.1. Executing PROC_CLEAN pass (remove empty switches from decision trees).
Cleaned up 0 empty switches.

16.5.2. Executing PROC_RMDEAD pass (remove dead branches from decision trees).
Marked 1 switch rules as full_case in process $proc$comp_ws.v:7$262 in module comp_ws.
Marked 1 switch rules as full_case in process $proc$count_ws.v:7$255 in module count_ws.
Marked 8 switch rules as full_case in process $proc$control_ws.v:44$248 in module control_ws.
Marked 1 switch rules as full_case in process $proc$count_wsl.v:10$245 in module count_wsl.
Marked 2 switch rules as full_case in process $proc$shift_wsl.v:9$244 in module shift_wsl.
Marked 5 switch rules as full_case in process $proc$control_wsl.v:40$242 in module control_wsl.
Marked 1 switch rules as full_case in process $proc$count_arr.v:8$239 in module count_arr.
Marked 1 switch rules as full_case in process $proc$comp_arr.v:6$237 in module comp_arr.
Marked 5 switch rules as full_case in process $proc$control_arr.v:38$235 in module control_arr.
Marked 3 switch rules as full_case in process $proc$top.v:9$226 in module top.
Removed a total of 0 dead cases.

16.5.3. Executing PROC_PRUNE pass (remove redundant assignments in processes).
Removed 14 redundant assignments.
Promoted 21 assignments to connections.

16.5.4. Executing PROC_INIT pass (extract init attributes).
Found init rule in `\control_ws.$proc$control_ws.v:35$254'.
  Set init value: \reset = 1'0
  Set init value: \DOUT = 1'0
  Set init value: \inc = 1'0
  Set init value: \SEL_TIM = 2'00
  Set init value: \done = 1'0
Found init rule in `\control_wsl.$proc$control_wsl.v:31$243'.
  Set init value: \DONE = 1'0
  Set init value: \dec = 1'0
  Set init value: \ld = 1'0
  Set init value: \sh = 1'0
  Set init value: \INIT_T = 1'0
Found init rule in `\control_arr.$proc$control_arr.v:30$236'.
  Set init value: \reset = 1'0
  Set init value: \DONE = 1'0
  Set init value: \inc = 1'0
  Set init value: \INIT_LED = 1'0
Found init rule in `\top.$proc$top.v:7$233'.
  Set init value: \init_trigger = 1'0
Found init rule in `\top.$proc$top.v:6$232'.
  Set init value: \delay = 20'00000000000000000000
Found init rule in `\top.$proc$top.v:5$231'.
  Set init value: \rst = 1'1

16.5.5. Executing PROC_ARST pass (detect async resets in processes).

16.5.6. Executing PROC_ROM pass (convert switches to ROMs).
Converted 0 switches.
<suppressed ~37 debug messages>

16.5.7. Executing PROC_MUX pass (convert decision trees to multiplexers).
Creating decoders for process `\comp_ws.$proc$comp_ws.v:7$262'.
     1/1: $0\z[0:0]
Creating decoders for process `\mux_ws.$proc$multiplexor_ws.v:7$257'.
     1/1: $0\out[10:0]
Creating decoders for process `\count_ws.$proc$count_ws.v:7$255'.
     1/1: $0\count[10:0]
Creating decoders for process `\control_ws.$proc$control_ws.v:35$254'.
Creating decoders for process `\control_ws.$proc$control_ws.v:44$248'.
     1/7: $2\state[3:0]
     2/7: $1\state[3:0]
     3/7: $0\done[0:0]
     4/7: $0\SEL_TIM[1:0]
     5/7: $0\inc[0:0]
     6/7: $0\DOUT[0:0]
     7/7: $0\reset[0:0]
Creating decoders for process `\count_wsl.$proc$count_wsl.v:10$245'.
     1/2: $0\count[5:0]
     2/2: $0\z[0:0]
Creating decoders for process `\shift_wsl.$proc$shift_wsl.v:9$244'.
     1/1: $0\o_RGB[23:0]
Creating decoders for process `\control_wsl.$proc$control_wsl.v:31$243'.
Creating decoders for process `\control_wsl.$proc$control_wsl.v:40$242'.
     1/7: $2\state[3:0]
     2/7: $1\state[3:0]
     3/7: $0\INIT_T[0:0]
     4/7: $0\sh[0:0]
     5/7: $0\ld[0:0]
     6/7: $0\dec[0:0]
     7/7: $0\DONE[0:0]
Creating decoders for process `\led_mem_arr.$proc$led_mem_arr.v:10$241'.
Creating decoders for process `\count_arr.$proc$count_arr.v:8$239'.
     1/1: $0\addr[8:0]
Creating decoders for process `\comp_arr.$proc$comp_arr.v:6$237'.
     1/1: $0\z[0:0]
Creating decoders for process `\control_arr.$proc$control_arr.v:30$236'.
Creating decoders for process `\control_arr.$proc$control_arr.v:38$235'.
     1/6: $2\state[3:0]
     2/6: $1\state[3:0]
     3/6: $0\INIT_LED[0:0]
     4/6: $0\inc[0:0]
     5/6: $0\DONE[0:0]
     6/6: $0\reset[0:0]
Creating decoders for process `\top.$proc$top.v:7$233'.
Creating decoders for process `\top.$proc$top.v:6$232'.
Creating decoders for process `\top.$proc$top.v:5$231'.
Creating decoders for process `\top.$proc$top.v:9$226'.
     1/3: $0\delay[19:0]
     2/3: $0\init_trigger[0:0]
     3/3: $0\rst[0:0]

16.5.8. Executing PROC_DLATCH pass (convert process syncs to latches).

16.5.9. Executing PROC_DFF pass (convert process syncs to FFs).
Creating register for signal `\comp_ws.\z' using process `\comp_ws.$proc$comp_ws.v:7$262'.
  created $dff cell `$procdff$592' with negative edge clock.
Creating register for signal `\mux_ws.\out' using process `\mux_ws.$proc$multiplexor_ws.v:7$257'.
  created $dff cell `$procdff$593' with negative edge clock.
Creating register for signal `\count_ws.\count' using process `\count_ws.$proc$count_ws.v:7$255'.
  created $dff cell `$procdff$594' with negative edge clock.
Creating register for signal `\control_ws.\reset' using process `\control_ws.$proc$control_ws.v:44$248'.
  created $dff cell `$procdff$595' with positive edge clock.
Creating register for signal `\control_ws.\DOUT' using process `\control_ws.$proc$control_ws.v:44$248'.
  created $dff cell `$procdff$596' with positive edge clock.
Creating register for signal `\control_ws.\inc' using process `\control_ws.$proc$control_ws.v:44$248'.
  created $dff cell `$procdff$597' with positive edge clock.
Creating register for signal `\control_ws.\state' using process `\control_ws.$proc$control_ws.v:44$248'.
  created $dff cell `$procdff$598' with positive edge clock.
Creating register for signal `\control_ws.\SEL_TIM' using process `\control_ws.$proc$control_ws.v:44$248'.
  created $dff cell `$procdff$599' with positive edge clock.
Creating register for signal `\control_ws.\done' using process `\control_ws.$proc$control_ws.v:44$248'.
  created $dff cell `$procdff$600' with positive edge clock.
Creating register for signal `\count_wsl.\z' using process `\count_wsl.$proc$count_wsl.v:10$245'.
  created $dff cell `$procdff$601' with negative edge clock.
Creating register for signal `\count_wsl.\count' using process `\count_wsl.$proc$count_wsl.v:10$245'.
  created $dff cell `$procdff$602' with negative edge clock.
Creating register for signal `\shift_wsl.\o_RGB' using process `\shift_wsl.$proc$shift_wsl.v:9$244'.
  created $dff cell `$procdff$603' with negative edge clock.
Creating register for signal `\control_wsl.\DONE' using process `\control_wsl.$proc$control_wsl.v:40$242'.
  created $dff cell `$procdff$604' with positive edge clock.
Creating register for signal `\control_wsl.\state' using process `\control_wsl.$proc$control_wsl.v:40$242'.
  created $dff cell `$procdff$605' with positive edge clock.
Creating register for signal `\control_wsl.\dec' using process `\control_wsl.$proc$control_wsl.v:40$242'.
  created $dff cell `$procdff$606' with positive edge clock.
Creating register for signal `\control_wsl.\ld' using process `\control_wsl.$proc$control_wsl.v:40$242'.
  created $dff cell `$procdff$607' with positive edge clock.
Creating register for signal `\control_wsl.\sh' using process `\control_wsl.$proc$control_wsl.v:40$242'.
  created $dff cell `$procdff$608' with positive edge clock.
Creating register for signal `\control_wsl.\INIT_T' using process `\control_wsl.$proc$control_wsl.v:40$242'.
  created $dff cell `$procdff$609' with positive edge clock.
Creating register for signal `\led_mem_arr.\RGB' using process `\led_mem_arr.$proc$led_mem_arr.v:10$241'.
  created $dff cell `$procdff$610' with negative edge clock.
Creating register for signal `\count_arr.\addr' using process `\count_arr.$proc$count_arr.v:8$239'.
  created $dff cell `$procdff$611' with negative edge clock.
Creating register for signal `\comp_arr.\z' using process `\comp_arr.$proc$comp_arr.v:6$237'.
  created $dff cell `$procdff$612' with negative edge clock.
Creating register for signal `\control_arr.\reset' using process `\control_arr.$proc$control_arr.v:38$235'.
  created $dff cell `$procdff$613' with positive edge clock.
Creating register for signal `\control_arr.\DONE' using process `\control_arr.$proc$control_arr.v:38$235'.
  created $dff cell `$procdff$614' with positive edge clock.
Creating register for signal `\control_arr.\inc' using process `\control_arr.$proc$control_arr.v:38$235'.
  created $dff cell `$procdff$615' with positive edge clock.
Creating register for signal `\control_arr.\INIT_LED' using process `\control_arr.$proc$control_arr.v:38$235'.
  created $dff cell `$procdff$616' with positive edge clock.
Creating register for signal `\control_arr.\state' using process `\control_arr.$proc$control_arr.v:38$235'.
  created $dff cell `$procdff$617' with positive edge clock.
Creating register for signal `\top.\rst' using process `\top.$proc$top.v:9$226'.
  created $dff cell `$procdff$618' with positive edge clock.
Creating register for signal `\top.\delay' using process `\top.$proc$top.v:9$226'.
  created $dff cell `$procdff$619' with positive edge clock.
Creating register for signal `\top.\init_trigger' using process `\top.$proc$top.v:9$226'.
  created $dff cell `$procdff$620' with positive edge clock.

16.5.10. Executing PROC_MEMWR pass (convert process memory writes to cells).

16.5.11. Executing PROC_CLEAN pass (remove empty switches from decision trees).
Found and cleaned up 1 empty switch in `\comp_ws.$proc$comp_ws.v:7$262'.
Removing empty process `comp_ws.$proc$comp_ws.v:7$262'.
Found and cleaned up 4 empty switches in `\mux_ws.$proc$multiplexor_ws.v:7$257'.
Removing empty process `mux_ws.$proc$multiplexor_ws.v:7$257'.
Found and cleaned up 2 empty switches in `\count_ws.$proc$count_ws.v:7$255'.
Removing empty process `count_ws.$proc$count_ws.v:7$255'.
Removing empty process `control_ws.$proc$control_ws.v:35$254'.
Found and cleaned up 9 empty switches in `\control_ws.$proc$control_ws.v:44$248'.
Removing empty process `control_ws.$proc$control_ws.v:44$248'.
Found and cleaned up 3 empty switches in `\count_wsl.$proc$count_wsl.v:10$245'.
Removing empty process `count_wsl.$proc$count_wsl.v:10$245'.
Found and cleaned up 2 empty switches in `\shift_wsl.$proc$shift_wsl.v:9$244'.
Removing empty process `shift_wsl.$proc$shift_wsl.v:9$244'.
Removing empty process `control_wsl.$proc$control_wsl.v:31$243'.
Found and cleaned up 5 empty switches in `\control_wsl.$proc$control_wsl.v:40$242'.
Removing empty process `control_wsl.$proc$control_wsl.v:40$242'.
Removing empty process `led_mem_arr.$proc$led_mem_arr.v:10$241'.
Found and cleaned up 2 empty switches in `\count_arr.$proc$count_arr.v:8$239'.
Removing empty process `count_arr.$proc$count_arr.v:8$239'.
Found and cleaned up 1 empty switch in `\comp_arr.$proc$comp_arr.v:6$237'.
Removing empty process `comp_arr.$proc$comp_arr.v:6$237'.
Removing empty process `control_arr.$proc$control_arr.v:30$236'.
Found and cleaned up 5 empty switches in `\control_arr.$proc$control_arr.v:38$235'.
Removing empty process `control_arr.$proc$control_arr.v:38$235'.
Removing empty process `top.$proc$top.v:7$233'.
Removing empty process `top.$proc$top.v:6$232'.
Removing empty process `top.$proc$top.v:5$231'.
Found and cleaned up 3 empty switches in `\top.$proc$top.v:9$226'.
Removing empty process `top.$proc$top.v:9$226'.
Cleaned up 37 empty switches.

16.5.12. Executing OPT_EXPR pass (perform const folding).
Optimizing module comp_ws.
Optimizing module mux_ws.
<suppressed ~1 debug messages>
Optimizing module count_ws.
Optimizing module control_ws.
<suppressed ~7 debug messages>
Optimizing module ws2812.
Optimizing module count_wsl.
<suppressed ~1 debug messages>
Optimizing module shift_wsl.
Optimizing module control_wsl.
<suppressed ~6 debug messages>
Optimizing module ws2812_LED.
Optimizing module led_mem_arr.
Optimizing module count_arr.
Optimizing module comp_arr.
Optimizing module control_arr.
<suppressed ~5 debug messages>
Optimizing module ws2812_array.
Optimizing module top.

16.6. Executing CHECK pass (checking for obvious problems).
Checking module comp_ws...
Checking module mux_ws...
Checking module count_ws...
Checking module control_ws...
Checking module ws2812...
Checking module count_wsl...
Checking module shift_wsl...
Checking module control_wsl...
Checking module ws2812_LED...
Checking module led_mem_arr...
Checking module count_arr...
Checking module comp_arr...
Checking module control_arr...
Checking module ws2812_array...
Checking module top...
Found and reported 0 problems.

16.7. Executing FLATTEN pass (flatten design).
Deleting now unused module comp_ws.
Deleting now unused module mux_ws.
Deleting now unused module count_ws.
Deleting now unused module control_ws.
Deleting now unused module ws2812.
Deleting now unused module count_wsl.
Deleting now unused module shift_wsl.
Deleting now unused module control_wsl.
Deleting now unused module ws2812_LED.
Deleting now unused module led_mem_arr.
Deleting now unused module count_arr.
Deleting now unused module comp_arr.
Deleting now unused module control_arr.
Deleting now unused module ws2812_array.
<suppressed ~14 debug messages>

16.8. Executing TRIBUF pass.

16.9. Executing DEMINOUT pass (demote inout ports to input or output).

16.10. Executing OPT_EXPR pass (perform const folding).
Optimizing module top.

16.11. Executing OPT_CLEAN pass (remove unused cells and wires).
Finding unused cells or wires in module \top..
Removed 10 unused cells and 122 unused wires.
<suppressed ~15 debug messages>

16.12. Executing CHECK pass (checking for obvious problems).
Checking module top...
Found and reported 0 problems.

16.13. Executing OPT pass (performing simple optimizations).

16.13.1. Executing OPT_EXPR pass (perform const folding).
Optimizing module top.
<suppressed ~5 debug messages>

16.13.2. Executing OPT_MERGE pass (detect identical cells).
Finding identical cells in module `\top'.
Computing hashes of 252 cells of `\top'.
Finding duplicate cells in `\top'.
Computing hashes of 150 cells of `\top'.
Finding duplicate cells in `\top'.
<suppressed ~306 debug messages>
Removed a total of 102 cells.

16.13.3. Executing OPT_MUXTREE pass (detect dead branches in mux trees).
Running muxtree optimizer on module \top..
  Creating internal representation of mux trees.
  Evaluating internal representation of mux trees.
      Replacing known input bits on port A of cell $procmux$590: \rst -> 1'0
      Replacing known input bits on port B of cell $procmux$588: \rst -> 1'1
  Analyzing evaluation results.
    dead port 1/2 on $mux $flatten\array_compa.\ws2812_LED00.\control_wLED00.$procmux$426.
    dead port 1/2 on $mux $flatten\array_compa.\ws2812_LED00.\ws2812.\control_ws.$procmux$313.
    dead port 1/2 on $mux $flatten\array_compa.\control_wLED00.$procmux$518.
Removed 3 multiplexer ports.
<suppressed ~97 debug messages>

16.13.4. Executing OPT_REDUCE pass (consolidate $*mux and $reduce_* inputs).
  Optimizing cells in module \top.
    New ctrl vector for $pmux cell $flatten\array_compa.\ws2812_LED00.\control_wLED00.$procmux$432: { $auto$opt_reduce.cc:135:opt_pmux$636 $flatten\array_compa.\ws2812_LED00.\control_wLED00.$procmux$438_CMP }
    New ctrl vector for $pmux cell $flatten\array_compa.\ws2812_LED00.\ws2812.\control_ws.$procmux$362: { $auto$opt_reduce.cc:135:opt_pmux$640 $auto$opt_reduce.cc:135:opt_pmux$638 }
    New ctrl vector for $pmux cell $flatten\array_compa.\ws2812_LED00.\control_wLED00.$procmux$456: { $auto$opt_reduce.cc:135:opt_pmux$642 $flatten\array_compa.\ws2812_LED00.\control_wLED00.$procmux$439_CMP }
    New ctrl vector for $pmux cell $flatten\array_compa.\ws2812_LED00.\control_wLED00.$procmux$480: { $flatten\array_compa.\ws2812_LED00.\control_wLED00.$procmux$433_CMP $auto$opt_reduce.cc:135:opt_pmux$644 }
    New ctrl vector for $pmux cell $flatten\array_compa.\ws2812_LED00.\control_wLED00.$procmux$444: { $auto$opt_reduce.cc:135:opt_pmux$646 $flatten\array_compa.\ws2812_LED00.\control_wLED00.$procmux$435_CMP }
    New ctrl vector for $pmux cell $flatten\array_compa.\ws2812_LED00.\ws2812.\control_ws.$procmux$347: { $auto$opt_reduce.cc:135:opt_pmux$650 $auto$opt_reduce.cc:135:opt_pmux$648 }
    New ctrl vector for $pmux cell $flatten\array_compa.\ws2812_LED00.\ws2812.\control_ws.$procmux$334: { $auto$opt_reduce.cc:135:opt_pmux$654 $auto$opt_reduce.cc:135:opt_pmux$652 $flatten\array_compa.\ws2812_LED00.\ws2812.\control_ws.$procmux$383_CMP $flatten\array_compa.\ws2812_LED00.\ws2812.\control_ws.$procmux$385_CMP }
    New ctrl vector for $pmux cell $flatten\array_compa.\ws2812_LED00.\ws2812.\control_ws.$procmux$319: { $flatten\array_compa.\ws2812_LED00.\ws2812.\control_ws.$procmux$378_CMP $auto$opt_reduce.cc:135:opt_pmux$656 }
    New ctrl vector for $pmux cell $flatten\array_compa.\ws2812_LED00.\ws2812.\control_ws.$procmux$285: { $flatten\array_compa.\ws2812_LED00.\ws2812.\control_ws.$procmux$379_CMP $flatten\array_compa.\ws2812_LED00.\ws2812.\control_ws.$procmux$380_CMP $flatten\array_compa.\ws2812_LED00.\ws2812.\control_ws.$procmux$381_CMP $flatten\array_compa.\ws2812_LED00.\ws2812.\control_ws.$procmux$382_CMP $flatten\array_compa.\ws2812_LED00.\ws2812.\control_ws.$procmux$383_CMP $auto$opt_reduce.cc:135:opt_pmux$658 $flatten\array_compa.\ws2812_LED00.\ws2812.\control_ws.$procmux$386_CMP $flatten\array_compa.\ws2812_LED00.\ws2812.\control_ws.$procmux$387_CMP }
    New ctrl vector for $pmux cell $flatten\array_compa.\control_wLED00.$procmux$560: { $auto$opt_reduce.cc:135:opt_pmux$660 $flatten\array_compa.\control_wLED00.$procmux$567_CMP }
    New ctrl vector for $pmux cell $flatten\array_compa.\control_wLED00.$procmux$536: { $auto$opt_reduce.cc:135:opt_pmux$662 $flatten\array_compa.\control_wLED00.$procmux$563_CMP }
    New ctrl vector for $pmux cell $flatten\array_compa.\control_wLED00.$procmux$524: { $auto$opt_reduce.cc:135:opt_pmux$664 $flatten\array_compa.\control_wLED00.$procmux$566_CMP }
    New ctrl vector for $pmux cell $flatten\array_compa.\ws2812_LED00.\control_wLED00.$procmux$468: { $auto$opt_reduce.cc:135:opt_pmux$666 $flatten\array_compa.\ws2812_LED00.\control_wLED00.$procmux$435_CMP }
    New ctrl vector for $pmux cell $flatten\array_compa.\ws2812_LED00.\ws2812.\control_ws.$procmux$377: { $auto$opt_reduce.cc:135:opt_pmux$668 $flatten\array_compa.\ws2812_LED00.\ws2812.\control_ws.$procmux$387_CMP }
  Optimizing cells in module \top.
Performed a total of 14 changes.

16.13.5. Executing OPT_MERGE pass (detect identical cells).
Finding identical cells in module `\top'.
Computing hashes of 164 cells of `\top'.
Finding duplicate cells in `\top'.
Computing hashes of 163 cells of `\top'.
Finding duplicate cells in `\top'.
<suppressed ~3 debug messages>
Removed a total of 1 cells.

16.13.6. Executing OPT_DFF pass (perform DFF optimizations).
Setting constant 0-bit at position 0 on $flatten\array_compa.\LEDMEM00.$procdff$610 ($dff) from module top.
Setting constant 1-bit at position 1 on $flatten\array_compa.\LEDMEM00.$procdff$610 ($dff) from module top.
Setting constant 0-bit at position 2 on $flatten\array_compa.\LEDMEM00.$procdff$610 ($dff) from module top.
Setting constant 1-bit at position 3 on $flatten\array_compa.\LEDMEM00.$procdff$610 ($dff) from module top.
Setting constant 0-bit at position 4 on $flatten\array_compa.\LEDMEM00.$procdff$610 ($dff) from module top.
Setting constant 0-bit at position 5 on $flatten\array_compa.\LEDMEM00.$procdff$610 ($dff) from module top.
Setting constant 0-bit at position 6 on $flatten\array_compa.\LEDMEM00.$procdff$610 ($dff) from module top.
Setting constant 0-bit at position 7 on $flatten\array_compa.\LEDMEM00.$procdff$610 ($dff) from module top.
Setting constant 0-bit at position 8 on $flatten\array_compa.\LEDMEM00.$procdff$610 ($dff) from module top.
Setting constant 1-bit at position 9 on $flatten\array_compa.\LEDMEM00.$procdff$610 ($dff) from module top.
Setting constant 0-bit at position 10 on $flatten\array_compa.\LEDMEM00.$procdff$610 ($dff) from module top.
Setting constant 1-bit at position 11 on $flatten\array_compa.\LEDMEM00.$procdff$610 ($dff) from module top.
Setting constant 0-bit at position 12 on $flatten\array_compa.\LEDMEM00.$procdff$610 ($dff) from module top.
Setting constant 0-bit at position 13 on $flatten\array_compa.\LEDMEM00.$procdff$610 ($dff) from module top.
Setting constant 0-bit at position 14 on $flatten\array_compa.\LEDMEM00.$procdff$610 ($dff) from module top.
Setting constant 0-bit at position 15 on $flatten\array_compa.\LEDMEM00.$procdff$610 ($dff) from module top.
Setting constant 0-bit at position 16 on $flatten\array_compa.\LEDMEM00.$procdff$610 ($dff) from module top.
Setting constant 1-bit at position 17 on $flatten\array_compa.\LEDMEM00.$procdff$610 ($dff) from module top.
Setting constant 0-bit at position 18 on $flatten\array_compa.\LEDMEM00.$procdff$610 ($dff) from module top.
Setting constant 1-bit at position 19 on $flatten\array_compa.\LEDMEM00.$procdff$610 ($dff) from module top.
Setting constant 0-bit at position 20 on $flatten\array_compa.\LEDMEM00.$procdff$610 ($dff) from module top.
Setting constant 0-bit at position 21 on $flatten\array_compa.\LEDMEM00.$procdff$610 ($dff) from module top.
Setting constant 0-bit at position 22 on $flatten\array_compa.\LEDMEM00.$procdff$610 ($dff) from module top.
Setting constant 0-bit at position 23 on $flatten\array_compa.\LEDMEM00.$procdff$610 ($dff) from module top.

16.13.7. Executing OPT_CLEAN pass (remove unused cells and wires).
Finding unused cells or wires in module \top..
Removed 0 unused cells and 111 unused wires.
<suppressed ~1 debug messages>

16.13.8. Executing OPT_EXPR pass (perform const folding).
Optimizing module top.

16.13.9. Rerunning OPT passes. (Maybe there is more to do..)

16.13.10. Executing OPT_MUXTREE pass (detect dead branches in mux trees).
Running muxtree optimizer on module \top..
  Creating internal representation of mux trees.
  Evaluating internal representation of mux trees.
  Analyzing evaluation results.
Removed 0 multiplexer ports.
<suppressed ~94 debug messages>

16.13.11. Executing OPT_REDUCE pass (consolidate $*mux and $reduce_* inputs).
  Optimizing cells in module \top.
Performed a total of 0 changes.

16.13.12. Executing OPT_MERGE pass (detect identical cells).
Finding identical cells in module `\top'.
Computing hashes of 162 cells of `\top'.
Finding duplicate cells in `\top'.
Removed a total of 0 cells.

16.13.13. Executing OPT_DFF pass (perform DFF optimizations).

16.13.14. Executing OPT_CLEAN pass (remove unused cells and wires).
Finding unused cells or wires in module \top..

16.13.15. Executing OPT_EXPR pass (perform const folding).
Optimizing module top.

16.13.16. Finished fast OPT passes. (There is nothing left to do.)

16.14. Executing FSM pass (extract and optimize FSM).

16.14.1. Executing FSM_DETECT pass (finding FSMs in design).
Found FSM state register top.array_compa.ws2812_LED00.ws2812.control_ws.state.
Not marking top.array_compa.ws2812_LED00.ws2812.control_ws.SEL_TIM as FSM state register:
    Register has an initialization value.
Found FSM state register top.array_compa.ws2812_LED00.control_wLED00.state.
Not marking top.array_compa.ws2812_LED00.ws2812.multiplexor00.out as FSM state register:
    Users of register don't seem to benefit from recoding.
Found FSM state register top.array_compa.control_wLED00.state.

16.14.2. Executing FSM_EXTRACT pass (extracting FSM from design).
Extracting FSM `\array_compa.ws2812_LED00.ws2812.control_ws.state' from module `\top'.
  found $dff cell for state register: $flatten\array_compa.\ws2812_LED00.\ws2812.\control_ws.$procdff$598
  root of input selection tree: $flatten\array_compa.\ws2812_LED00.\ws2812.\control_ws.$0\state[3:0]
  found reset state: 4'0000 (guessed from mux tree)
  found ctrl input: \rst
  found ctrl input: $flatten\array_compa.\ws2812_LED00.\ws2812.\control_ws.$procmux$311_CMP
  found ctrl input: $flatten\array_compa.\ws2812_LED00.\ws2812.\control_ws.$procmux$307_CMP
  found ctrl input: $auto$opt_reduce.cc:135:opt_pmux$658
  found ctrl input: $flatten\array_compa.\ws2812_LED00.\ws2812.\control_ws.$procmux$296_CMP
  found ctrl input: $flatten\array_compa.\ws2812_LED00.\ws2812.\control_ws.$procmux$295_CMP
  found ctrl input: $flatten\array_compa.\ws2812_LED00.\ws2812.\control_ws.$procmux$291_CMP
  found ctrl input: $flatten\array_compa.\ws2812_LED00.\ws2812.\control_ws.$procmux$287_CMP
  found ctrl input: $flatten\array_compa.\ws2812_LED00.\ws2812.\control_ws.$procmux$286_CMP
  found state code: 4'0000
  found ctrl input: \array_compa.ws2812_LED00.control_wLED00.INIT_T
  found state code: 4'0001
  found ctrl input: \array_compa.ws2812_LED00.shiftLED00.o_RGB [23]
  found ctrl input: $flatten\array_compa.\ws2812_LED00.\ws2812.\control_ws.$eq$control_ws.v:70$250_Y
  found state code: 4'0011
  found state code: 4'0100
  found state code: 4'0110
  found state code: 4'0101
  found ctrl input: \array_compa.ws2812_LED00.ws2812.comp_ws00.z
  found state code: 4'1000
  found state code: 4'1001
  found state code: 4'0111
  found ctrl output: $flatten\array_compa.\ws2812_LED00.\ws2812.\control_ws.$procmux$320_CMP
  found ctrl output: $flatten\array_compa.\ws2812_LED00.\ws2812.\control_ws.$procmux$286_CMP
  found ctrl output: $flatten\array_compa.\ws2812_LED00.\ws2812.\control_ws.$procmux$287_CMP
  found ctrl output: $flatten\array_compa.\ws2812_LED00.\ws2812.\control_ws.$procmux$291_CMP
  found ctrl output: $flatten\array_compa.\ws2812_LED00.\ws2812.\control_ws.$procmux$295_CMP
  found ctrl output: $flatten\array_compa.\ws2812_LED00.\ws2812.\control_ws.$procmux$296_CMP
  found ctrl output: $flatten\array_compa.\ws2812_LED00.\ws2812.\control_ws.$procmux$297_CMP
  found ctrl output: $flatten\array_compa.\ws2812_LED00.\ws2812.\control_ws.$procmux$298_CMP
  found ctrl output: $flatten\array_compa.\ws2812_LED00.\ws2812.\control_ws.$procmux$307_CMP
  found ctrl output: $flatten\array_compa.\ws2812_LED00.\ws2812.\control_ws.$procmux$311_CMP
  ctrl inputs: { \array_compa.ws2812_LED00.control_wLED00.INIT_T \array_compa.ws2812_LED00.shiftLED00.o_RGB [23] \array_compa.ws2812_LED00.ws2812.comp_ws00.z $flatten\array_compa.\ws2812_LED00.\ws2812.\control_ws.$eq$control_ws.v:70$250_Y \rst $auto$opt_reduce.cc:135:opt_pmux$658 }
  ctrl outputs: { $flatten\array_compa.\ws2812_LED00.\ws2812.\control_ws.$procmux$320_CMP $flatten\array_compa.\ws2812_LED00.\ws2812.\control_ws.$procmux$311_CMP $flatten\array_compa.\ws2812_LED00.\ws2812.\control_ws.$procmux$307_CMP $flatten\array_compa.\ws2812_LED00.\ws2812.\control_ws.$procmux$298_CMP $flatten\array_compa.\ws2812_LED00.\ws2812.\control_ws.$procmux$297_CMP $flatten\array_compa.\ws2812_LED00.\ws2812.\control_ws.$procmux$296_CMP $flatten\array_compa.\ws2812_LED00.\ws2812.\control_ws.$procmux$295_CMP $flatten\array_compa.\ws2812_LED00.\ws2812.\control_ws.$procmux$291_CMP $flatten\array_compa.\ws2812_LED00.\ws2812.\control_ws.$procmux$287_CMP $flatten\array_compa.\ws2812_LED00.\ws2812.\control_ws.$procmux$286_CMP $flatten\array_compa.\ws2812_LED00.\ws2812.\control_ws.$0\state[3:0] }
  transition:     4'0000 6'0---0- ->     4'0000 14'01000000000000
  transition:     4'0000 6'1---0- ->     4'0001 14'01000000000001
  transition:     4'0000 6'----1- ->     4'0000 14'01000000000000
  transition:     4'1000 6'----0- ->     4'0111 14'00000000100111
  transition:     4'1000 6'----1- ->     4'0000 14'00000000100000
  transition:     4'0100 6'----0- ->     4'0110 14'00010000000110
  transition:     4'0100 6'----1- ->     4'0000 14'00010000000000
  transition:     4'0110 6'--0-0- ->     4'0110 14'00000010000110
  transition:     4'0110 6'--1-0- ->     4'1000 14'00000010001000
  transition:     4'0110 6'----1- ->     4'0000 14'00000010000000
  transition:     4'0001 6'-0--0- ->     4'0011 14'00100000000011
  transition:     4'0001 6'-1--0- ->     4'0100 14'00100000000100
  transition:     4'0001 6'----1- ->     4'0000 14'00100000000000
  transition:     4'1001 6'----0- ->     4'0000 14'10000000000000
  transition:     4'1001 6'----1- ->     4'0000 14'10000000000000
  transition:     4'0101 6'--0-0- ->     4'0101 14'00000001000101
  transition:     4'0101 6'--1-0- ->     4'1001 14'00000001001001
  transition:     4'0101 6'----1- ->     4'0000 14'00000001000000
  transition:     4'0011 6'----0- ->     4'0110 14'00001000000110
  transition:     4'0011 6'----1- ->     4'0000 14'00001000000000
  transition:     4'0111 6'--0-0- ->     4'0111 14'00000000010111
  transition:     4'0111 6'--1-0- ->     4'1001 14'00000000011001
  transition:     4'0111 6'----1- ->     4'0000 14'00000000010000
Extracting FSM `\array_compa.ws2812_LED00.control_wLED00.state' from module `\top'.
  found $dff cell for state register: $flatten\array_compa.\ws2812_LED00.\control_wLED00.$procdff$605
  root of input selection tree: $flatten\array_compa.\ws2812_LED00.\control_wLED00.$0\state[3:0]
  found reset state: 4'0000 (guessed from mux tree)
  found ctrl input: \rst
  found ctrl input: $flatten\array_compa.\ws2812_LED00.\control_wLED00.$procmux$413_CMP
  found ctrl input: $flatten\array_compa.\ws2812_LED00.\control_wLED00.$procmux$414_CMP
  found ctrl input: $flatten\array_compa.\ws2812_LED00.\control_wLED00.$procmux$418_CMP
  found ctrl input: $flatten\array_compa.\ws2812_LED00.\control_wLED00.$procmux$419_CMP
  found ctrl input: $flatten\array_compa.\ws2812_LED00.\control_wLED00.$procmux$420_CMP
  found ctrl input: $flatten\array_compa.\ws2812_LED00.\control_wLED00.$procmux$424_CMP
  found state code: 4'0000
  found ctrl input: \array_compa.ws2812_LED00.countLED00.z
  found state code: 4'0001
  found state code: 4'0110
  found state code: 4'0101
  found ctrl input: \array_compa.ws2812_LED00.ws2812.control_ws.done
  found state code: 4'0011
  found state code: 4'0100
  found state code: 4'0010
  found ctrl input: \array_compa.control_wLED00.INIT_LED
  found ctrl output: $flatten\array_compa.\ws2812_LED00.\control_wLED00.$procmux$424_CMP
  found ctrl output: $flatten\array_compa.\ws2812_LED00.\control_wLED00.$procmux$420_CMP
  found ctrl output: $flatten\array_compa.\ws2812_LED00.\control_wLED00.$procmux$419_CMP
  found ctrl output: $flatten\array_compa.\ws2812_LED00.\control_wLED00.$procmux$418_CMP
  found ctrl output: $flatten\array_compa.\ws2812_LED00.\control_wLED00.$procmux$414_CMP
  found ctrl output: $flatten\array_compa.\ws2812_LED00.\control_wLED00.$procmux$413_CMP
  found ctrl output: $flatten\array_compa.\ws2812_LED00.\control_wLED00.$procmux$433_CMP
  ctrl inputs: { \array_compa.ws2812_LED00.countLED00.z \array_compa.ws2812_LED00.ws2812.control_ws.done \array_compa.control_wLED00.INIT_LED \rst }
  ctrl outputs: { $flatten\array_compa.\ws2812_LED00.\control_wLED00.$0\state[3:0] $flatten\array_compa.\ws2812_LED00.\control_wLED00.$procmux$413_CMP $flatten\array_compa.\ws2812_LED00.\control_wLED00.$procmux$414_CMP $flatten\array_compa.\ws2812_LED00.\control_wLED00.$procmux$418_CMP $flatten\array_compa.\ws2812_LED00.\control_wLED00.$procmux$419_CMP $flatten\array_compa.\ws2812_LED00.\control_wLED00.$procmux$420_CMP $flatten\array_compa.\ws2812_LED00.\control_wLED00.$procmux$424_CMP $flatten\array_compa.\ws2812_LED00.\control_wLED00.$procmux$433_CMP }
  transition:     4'0000 4'--00 ->     4'0000 11'00000000010
  transition:     4'0000 4'--10 ->     4'0001 11'00010000010
  transition:     4'0000 4'---1 ->     4'0000 11'00000000010
  transition:     4'0100 4'---0 ->     4'0101 11'01010100000
  transition:     4'0100 4'---1 ->     4'0000 11'00000100000
  transition:     4'0010 4'---0 ->     4'0011 11'00110001000
  transition:     4'0010 4'---1 ->     4'0000 11'00000001000
  transition:     4'0110 4'---0 ->     4'0000 11'00000000001
  transition:     4'0110 4'---1 ->     4'0000 11'00000000001
  transition:     4'0001 4'---0 ->     4'0010 11'00100000100
  transition:     4'0001 4'---1 ->     4'0000 11'00000000100
  transition:     4'0101 4'0--0 ->     4'0001 11'00011000000
  transition:     4'0101 4'1--0 ->     4'0110 11'01101000000
  transition:     4'0101 4'---1 ->     4'0000 11'00001000000
  transition:     4'0011 4'-0-0 ->     4'0011 11'00110010000
  transition:     4'0011 4'-1-0 ->     4'0100 11'01000010000
  transition:     4'0011 4'---1 ->     4'0000 11'00000010000
Extracting FSM `\array_compa.control_wLED00.state' from module `\top'.
  found $dff cell for state register: $flatten\array_compa.\control_wLED00.$procdff$617
  root of input selection tree: $flatten\array_compa.\control_wLED00.$0\state[3:0]
  found reset state: 4'0000 (guessed from mux tree)
  found ctrl input: \rst
  found ctrl input: $flatten\array_compa.\control_wLED00.$procmux$505_CMP
  found ctrl input: $flatten\array_compa.\control_wLED00.$procmux$506_CMP
  found ctrl input: $flatten\array_compa.\control_wLED00.$procmux$510_CMP
  found ctrl input: $flatten\array_compa.\control_wLED00.$procmux$511_CMP
  found ctrl input: $flatten\array_compa.\control_wLED00.$procmux$512_CMP
  found ctrl input: $flatten\array_compa.\control_wLED00.$procmux$516_CMP
  found state code: 4'0000
  found ctrl input: \array_compa.shiftLED00.z
  found state code: 4'0001
  found state code: 4'0110
  found state code: 4'0101
  found ctrl input: \array_compa.ws2812_LED00.control_wLED00.DONE
  found state code: 4'0011
  found state code: 4'0100
  found state code: 4'0010
  found ctrl input: \init_trigger
  found ctrl output: $flatten\array_compa.\control_wLED00.$procmux$525_CMP
  found ctrl output: $flatten\array_compa.\control_wLED00.$procmux$505_CMP
  found ctrl output: $flatten\array_compa.\control_wLED00.$procmux$506_CMP
  found ctrl output: $flatten\array_compa.\control_wLED00.$procmux$510_CMP
  found ctrl output: $flatten\array_compa.\control_wLED00.$procmux$511_CMP
  found ctrl output: $flatten\array_compa.\control_wLED00.$procmux$512_CMP
  found ctrl output: $flatten\array_compa.\control_wLED00.$procmux$516_CMP
  ctrl inputs: { \array_compa.ws2812_LED00.control_wLED00.DONE \array_compa.shiftLED00.z \init_trigger \rst }
  ctrl outputs: { $flatten\array_compa.\control_wLED00.$procmux$525_CMP $flatten\array_compa.\control_wLED00.$procmux$516_CMP $flatten\array_compa.\control_wLED00.$procmux$512_CMP $flatten\array_compa.\control_wLED00.$procmux$511_CMP $flatten\array_compa.\control_wLED00.$procmux$510_CMP $flatten\array_compa.\control_wLED00.$procmux$506_CMP $flatten\array_compa.\control_wLED00.$procmux$505_CMP $flatten\array_compa.\control_wLED00.$0\state[3:0] }
  transition:     4'0000 4'--00 ->     4'0000 11'01000000000
  transition:     4'0000 4'--10 ->     4'0001 11'01000000001
  transition:     4'0000 4'---1 ->     4'0000 11'01000000000
  transition:     4'0100 4'---0 ->     4'0101 11'00000100101
  transition:     4'0100 4'---1 ->     4'0000 11'00000100000
  transition:     4'0010 4'---0 ->     4'0011 11'00010000011
  transition:     4'0010 4'---1 ->     4'0000 11'00010000000
  transition:     4'0110 4'---0 ->     4'0000 11'10000000000
  transition:     4'0110 4'---1 ->     4'0000 11'10000000000
  transition:     4'0001 4'---0 ->     4'0010 11'00100000010
  transition:     4'0001 4'---1 ->     4'0000 11'00100000000
  transition:     4'0101 4'-0-0 ->     4'0001 11'00000010001
  transition:     4'0101 4'-1-0 ->     4'0110 11'00000010110
  transition:     4'0101 4'---1 ->     4'0000 11'00000010000
  transition:     4'0011 4'0--0 ->     4'0011 11'00001000011
  transition:     4'0011 4'1--0 ->     4'0100 11'00001000100
  transition:     4'0011 4'---1 ->     4'0000 11'00001000000

16.14.3. Executing FSM_OPT pass (simple optimizations of FSMs).
Optimizing FSM `$fsm$\array_compa.control_wLED00.state$690' from module `\top'.
  Merging pattern 4'---0 and 4'---1 from group (3 0 11'10000000000).
  Merging pattern 4'---1 and 4'---0 from group (3 0 11'10000000000).
Optimizing FSM `$fsm$\array_compa.ws2812_LED00.control_wLED00.state$681' from module `\top'.
  Merging pattern 4'---0 and 4'---1 from group (3 0 11'00000000001).
  Merging pattern 4'---1 and 4'---0 from group (3 0 11'00000000001).
Optimizing FSM `$fsm$\array_compa.ws2812_LED00.ws2812.control_ws.state$669' from module `\top'.
  Merging pattern 6'----0- and 6'----1- from group (5 0 14'10000000000000).
  Merging pattern 6'----1- and 6'----0- from group (5 0 14'10000000000000).
  Removing unused input signal $flatten\array_compa.\ws2812_LED00.\ws2812.\control_ws.$eq$control_ws.v:70$250_Y.
  Removing unused input signal $auto$opt_reduce.cc:135:opt_pmux$658.

16.14.4. Executing OPT_CLEAN pass (remove unused cells and wires).
Finding unused cells or wires in module \top..
Removed 47 unused cells and 47 unused wires.
<suppressed ~48 debug messages>

16.14.5. Executing FSM_OPT pass (simple optimizations of FSMs).
Optimizing FSM `$fsm$\array_compa.control_wLED00.state$690' from module `\top'.
  Removing unused output signal $flatten\array_compa.\control_wLED00.$0\state[3:0] [0].
  Removing unused output signal $flatten\array_compa.\control_wLED00.$0\state[3:0] [1].
  Removing unused output signal $flatten\array_compa.\control_wLED00.$0\state[3:0] [2].
  Removing unused output signal $flatten\array_compa.\control_wLED00.$0\state[3:0] [3].
Optimizing FSM `$fsm$\array_compa.ws2812_LED00.ws2812.control_ws.state$669' from module `\top'.
  Removing unused output signal $flatten\array_compa.\ws2812_LED00.\ws2812.\control_ws.$0\state[3:0] [0].
  Removing unused output signal $flatten\array_compa.\ws2812_LED00.\ws2812.\control_ws.$0\state[3:0] [1].
  Removing unused output signal $flatten\array_compa.\ws2812_LED00.\ws2812.\control_ws.$0\state[3:0] [2].
  Removing unused output signal $flatten\array_compa.\ws2812_LED00.\ws2812.\control_ws.$0\state[3:0] [3].
Optimizing FSM `$fsm$\array_compa.ws2812_LED00.control_wLED00.state$681' from module `\top'.
  Removing unused output signal $flatten\array_compa.\ws2812_LED00.\control_wLED00.$0\state[3:0] [0].
  Removing unused output signal $flatten\array_compa.\ws2812_LED00.\control_wLED00.$0\state[3:0] [1].
  Removing unused output signal $flatten\array_compa.\ws2812_LED00.\control_wLED00.$0\state[3:0] [2].
  Removing unused output signal $flatten\array_compa.\ws2812_LED00.\control_wLED00.$0\state[3:0] [3].

16.14.6. Executing FSM_RECODE pass (re-assigning FSM state encoding).
Recoding FSM `$fsm$\array_compa.control_wLED00.state$690' from module `\top' using `auto' encoding:
  mapping auto encoding to `one-hot` for this FSM.
  0000 -> ------1
  0100 -> -----1-
  0010 -> ----1--
  0110 -> ---1---
  0001 -> --1----
  0101 -> -1-----
  0011 -> 1------
Recoding FSM `$fsm$\array_compa.ws2812_LED00.ws2812.control_ws.state$669' from module `\top' using `auto' encoding:
  mapping auto encoding to `one-hot` for this FSM.
  0000 -> --------1
  1000 -> -------1-
  0100 -> ------1--
  0110 -> -----1---
  0001 -> ----1----
  1001 -> ---1-----
  0101 -> --1------
  0011 -> -1-------
  0111 -> 1--------
Recoding FSM `$fsm$\array_compa.ws2812_LED00.control_wLED00.state$681' from module `\top' using `auto' encoding:
  mapping auto encoding to `one-hot` for this FSM.
  0000 -> ------1
  0100 -> -----1-
  0010 -> ----1--
  0110 -> ---1---
  0001 -> --1----
  0101 -> -1-----
  0011 -> 1------

16.14.7. Executing FSM_INFO pass (dumping all available information on FSM cells).

FSM `$fsm$\array_compa.control_wLED00.state$690' from module `top':
-------------------------------------

  Information on FSM $fsm$\array_compa.control_wLED00.state$690 (\array_compa.control_wLED00.state):

  Number of input signals:    4
  Number of output signals:   7
  Number of state bits:       7

  Input signals:
    0: \rst
    1: \init_trigger
    2: \array_compa.shiftLED00.z
    3: \array_compa.ws2812_LED00.control_wLED00.DONE

  Output signals:
    0: $flatten\array_compa.\control_wLED00.$procmux$505_CMP
    1: $flatten\array_compa.\control_wLED00.$procmux$506_CMP
    2: $flatten\array_compa.\control_wLED00.$procmux$510_CMP
    3: $flatten\array_compa.\control_wLED00.$procmux$511_CMP
    4: $flatten\array_compa.\control_wLED00.$procmux$512_CMP
    5: $flatten\array_compa.\control_wLED00.$procmux$516_CMP
    6: $flatten\array_compa.\control_wLED00.$procmux$525_CMP

  State encoding:
    0:  7'------1  <RESET STATE>
    1:  7'-----1-
    2:  7'----1--
    3:  7'---1---
    4:  7'--1----
    5:  7'-1-----
    6:  7'1------

  Transition Table (state_in, ctrl_in, state_out, ctrl_out):
      0:     0 4'--00   ->     0 7'0100000
      1:     0 4'---1   ->     0 7'0100000
      2:     0 4'--10   ->     4 7'0100000
      3:     1 4'---1   ->     0 7'0000010
      4:     1 4'---0   ->     5 7'0000010
      5:     2 4'---1   ->     0 7'0001000
      6:     2 4'---0   ->     6 7'0001000
      7:     3 4'----   ->     0 7'1000000
      8:     4 4'---1   ->     0 7'0010000
      9:     4 4'---0   ->     2 7'0010000
     10:     5 4'---1   ->     0 7'0000001
     11:     5 4'-1-0   ->     3 7'0000001
     12:     5 4'-0-0   ->     4 7'0000001
     13:     6 4'---1   ->     0 7'0000100
     14:     6 4'1--0   ->     1 7'0000100
     15:     6 4'0--0   ->     6 7'0000100

-------------------------------------

FSM `$fsm$\array_compa.ws2812_LED00.ws2812.control_ws.state$669' from module `top':
-------------------------------------

  Information on FSM $fsm$\array_compa.ws2812_LED00.ws2812.control_ws.state$669 (\array_compa.ws2812_LED00.ws2812.control_ws.state):

  Number of input signals:    4
  Number of output signals:  10
  Number of state bits:       9

  Input signals:
    0: \rst
    1: \array_compa.ws2812_LED00.ws2812.comp_ws00.z
    2: \array_compa.ws2812_LED00.shiftLED00.o_RGB [23]
    3: \array_compa.ws2812_LED00.control_wLED00.INIT_T

  Output signals:
    0: $flatten\array_compa.\ws2812_LED00.\ws2812.\control_ws.$procmux$286_CMP
    1: $flatten\array_compa.\ws2812_LED00.\ws2812.\control_ws.$procmux$287_CMP
    2: $flatten\array_compa.\ws2812_LED00.\ws2812.\control_ws.$procmux$291_CMP
    3: $flatten\array_compa.\ws2812_LED00.\ws2812.\control_ws.$procmux$295_CMP
    4: $flatten\array_compa.\ws2812_LED00.\ws2812.\control_ws.$procmux$296_CMP
    5: $flatten\array_compa.\ws2812_LED00.\ws2812.\control_ws.$procmux$297_CMP
    6: $flatten\array_compa.\ws2812_LED00.\ws2812.\control_ws.$procmux$298_CMP
    7: $flatten\array_compa.\ws2812_LED00.\ws2812.\control_ws.$procmux$307_CMP
    8: $flatten\array_compa.\ws2812_LED00.\ws2812.\control_ws.$procmux$311_CMP
    9: $flatten\array_compa.\ws2812_LED00.\ws2812.\control_ws.$procmux$320_CMP

  State encoding:
    0: 9'--------1  <RESET STATE>
    1: 9'-------1-
    2: 9'------1--
    3: 9'-----1---
    4: 9'----1----
    5: 9'---1-----
    6: 9'--1------
    7: 9'-1-------
    8: 9'1--------

  Transition Table (state_in, ctrl_in, state_out, ctrl_out):
      0:     0 4'0--0   ->     0 10'0100000000
      1:     0 4'---1   ->     0 10'0100000000
      2:     0 4'1--0   ->     4 10'0100000000
      3:     1 4'---1   ->     0 10'0000000010
      4:     1 4'---0   ->     8 10'0000000010
      5:     2 4'---1   ->     0 10'0001000000
      6:     2 4'---0   ->     3 10'0001000000
      7:     3 4'---1   ->     0 10'0000001000
      8:     3 4'--10   ->     1 10'0000001000
      9:     3 4'--00   ->     3 10'0000001000
     10:     4 4'---1   ->     0 10'0010000000
     11:     4 4'-1-0   ->     2 10'0010000000
     12:     4 4'-0-0   ->     7 10'0010000000
     13:     5 4'----   ->     0 10'1000000000
     14:     6 4'---1   ->     0 10'0000000100
     15:     6 4'--10   ->     5 10'0000000100
     16:     6 4'--00   ->     6 10'0000000100
     17:     7 4'---1   ->     0 10'0000100000
     18:     7 4'---0   ->     3 10'0000100000
     19:     8 4'---1   ->     0 10'0000000001
     20:     8 4'--10   ->     5 10'0000000001
     21:     8 4'--00   ->     8 10'0000000001

-------------------------------------

FSM `$fsm$\array_compa.ws2812_LED00.control_wLED00.state$681' from module `top':
-------------------------------------

  Information on FSM $fsm$\array_compa.ws2812_LED00.control_wLED00.state$681 (\array_compa.ws2812_LED00.control_wLED00.state):

  Number of input signals:    4
  Number of output signals:   7
  Number of state bits:       7

  Input signals:
    0: \rst
    1: \array_compa.control_wLED00.INIT_LED
    2: \array_compa.ws2812_LED00.ws2812.control_ws.done
    3: \array_compa.ws2812_LED00.countLED00.z

  Output signals:
    0: $flatten\array_compa.\ws2812_LED00.\control_wLED00.$procmux$433_CMP
    1: $flatten\array_compa.\ws2812_LED00.\control_wLED00.$procmux$424_CMP
    2: $flatten\array_compa.\ws2812_LED00.\control_wLED00.$procmux$420_CMP
    3: $flatten\array_compa.\ws2812_LED00.\control_wLED00.$procmux$419_CMP
    4: $flatten\array_compa.\ws2812_LED00.\control_wLED00.$procmux$418_CMP
    5: $flatten\array_compa.\ws2812_LED00.\control_wLED00.$procmux$414_CMP
    6: $flatten\array_compa.\ws2812_LED00.\control_wLED00.$procmux$413_CMP

  State encoding:
    0:  7'------1  <RESET STATE>
    1:  7'-----1-
    2:  7'----1--
    3:  7'---1---
    4:  7'--1----
    5:  7'-1-----
    6:  7'1------

  Transition Table (state_in, ctrl_in, state_out, ctrl_out):
      0:     0 4'--00   ->     0 7'0000010
      1:     0 4'---1   ->     0 7'0000010
      2:     0 4'--10   ->     4 7'0000010
      3:     1 4'---1   ->     0 7'0100000
      4:     1 4'---0   ->     5 7'0100000
      5:     2 4'---1   ->     0 7'0001000
      6:     2 4'---0   ->     6 7'0001000
      7:     3 4'----   ->     0 7'0000001
      8:     4 4'---1   ->     0 7'0000100
      9:     4 4'---0   ->     2 7'0000100
     10:     5 4'---1   ->     0 7'1000000
     11:     5 4'1--0   ->     3 7'1000000
     12:     5 4'0--0   ->     4 7'1000000
     13:     6 4'---1   ->     0 7'0010000
     14:     6 4'-1-0   ->     1 7'0010000
     15:     6 4'-0-0   ->     6 7'0010000

-------------------------------------

16.14.8. Executing FSM_MAP pass (mapping FSMs to basic logic).
Mapping FSM `$fsm$\array_compa.control_wLED00.state$690' from module `\top'.
Mapping FSM `$fsm$\array_compa.ws2812_LED00.ws2812.control_ws.state$669' from module `\top'.
Mapping FSM `$fsm$\array_compa.ws2812_LED00.control_wLED00.state$681' from module `\top'.

16.15. Executing OPT pass (performing simple optimizations).

16.15.1. Executing OPT_EXPR pass (perform const folding).
Optimizing module top.
<suppressed ~22 debug messages>

16.15.2. Executing OPT_MERGE pass (detect identical cells).
Finding identical cells in module `\top'.
Computing hashes of 187 cells of `\top'.
Finding duplicate cells in `\top'.
Computing hashes of 177 cells of `\top'.
Finding duplicate cells in `\top'.
<suppressed ~30 debug messages>
Removed a total of 10 cells.

16.15.3. Executing OPT_MUXTREE pass (detect dead branches in mux trees).
Running muxtree optimizer on module \top..
  Creating internal representation of mux trees.
  Evaluating internal representation of mux trees.
  Analyzing evaluation results.
    dead port 2/5 on $pmux $flatten\array_compa.\ws2812_LED00.\ws2812.\control_ws.$procmux$334.
Removed 1 multiplexer ports.
<suppressed ~73 debug messages>

16.15.4. Executing OPT_REDUCE pass (consolidate $*mux and $reduce_* inputs).
  Optimizing cells in module \top.
    New input vector for $reduce_or cell $auto$opt_reduce.cc:129:opt_pmux$655: { \array_compa.ws2812_LED00.ws2812.control_ws.state [8:6] \array_compa.ws2812_LED00.ws2812.control_ws.state [4:0] }
    New input vector for $reduce_or cell $auto$opt_reduce.cc:129:opt_pmux$647: { \array_compa.ws2812_LED00.ws2812.control_ws.state [8:6] \array_compa.ws2812_LED00.ws2812.control_ws.state [3:1] }
    New input vector for $reduce_or cell $auto$opt_reduce.cc:129:opt_pmux$667: \array_compa.ws2812_LED00.ws2812.control_ws.state [8:1]
    New input vector for $reduce_or cell $auto$opt_reduce.cc:129:opt_pmux$639: { \array_compa.ws2812_LED00.ws2812.control_ws.state [8] \array_compa.ws2812_LED00.ws2812.control_ws.state [6:4] \array_compa.ws2812_LED00.ws2812.control_ws.state [1:0] }
  Optimizing cells in module \top.
Performed a total of 4 changes.

16.15.5. Executing OPT_MERGE pass (detect identical cells).
Finding identical cells in module `\top'.
Computing hashes of 177 cells of `\top'.
Finding duplicate cells in `\top'.
Removed a total of 0 cells.

16.15.6. Executing OPT_DFF pass (perform DFF optimizations).
Adding SRST signal on $procdff$618 ($dff) from module top (D = $procmux$588_Y, Q = \rst, rval = 1'0).
Adding EN signal on $procdff$620 ($dff) from module top (D = $procmux$581_Y, Q = \init_trigger).
Adding EN signal on $flatten\array_compa.\ws2812_LED00.\control_wLED00.$procdff$604 ($dff) from module top (D = $flatten\array_compa.\ws2812_LED00.\control_wLED00.$procmux$480_Y, Q = \array_compa.ws2812_LED00.control_wLED00.DONE).
Adding EN signal on $flatten\array_compa.\ws2812_LED00.\ws2812.\control_ws.$procdff$595 ($dff) from module top (D = $flatten\array_compa.\ws2812_LED00.\ws2812.\control_ws.$procmux$377_Y, Q = \array_compa.ws2812_LED00.ws2812.control_ws.reset).
Adding EN signal on $flatten\array_compa.\ws2812_LED00.\ws2812.\control_ws.$procdff$596 ($dff) from module top (D = $flatten\array_compa.\ws2812_LED00.\ws2812.\control_ws.$procmux$362_Y, Q = \array_compa.ws2812_LED00.ws2812.control_ws.DOUT).
Adding EN signal on $flatten\array_compa.\ws2812_LED00.\ws2812.\control_ws.$procdff$597 ($dff) from module top (D = $flatten\array_compa.\ws2812_LED00.\ws2812.\control_ws.$procmux$347_Y, Q = \array_compa.ws2812_LED00.ws2812.control_ws.inc).
Adding EN signal on $flatten\array_compa.\ws2812_LED00.\ws2812.\control_ws.$procdff$599 ($dff) from module top (D = $flatten\array_compa.\ws2812_LED00.\ws2812.\control_ws.$procmux$334_Y, Q = \array_compa.ws2812_LED00.ws2812.control_ws.SEL_TIM).
Adding EN signal on $flatten\array_compa.\ws2812_LED00.\ws2812.\control_ws.$procdff$600 ($dff) from module top (D = $flatten\array_compa.\ws2812_LED00.\ws2812.\control_ws.$procmux$319_Y, Q = \array_compa.ws2812_LED00.ws2812.control_ws.done).
Adding SRST signal on $flatten\array_compa.\ws2812_LED00.\shiftLED00.$procdff$603 ($dff) from module top (D = $flatten\array_compa.\ws2812_LED00.\shiftLED00.$procmux$402_Y, Q = \array_compa.ws2812_LED00.shiftLED00.o_RGB, rval = 24'000010100000101000001010).
Adding EN signal on $auto$ff.cc:337:slice$890 ($sdff) from module top (D = { \array_compa.ws2812_LED00.shiftLED00.o_RGB [22:0] 1'0 }, Q = \array_compa.ws2812_LED00.shiftLED00.o_RGB).
Adding SRST signal on $flatten\array_compa.\ws2812_LED00.\ws2812.\count_ws00.$procdff$594 ($dff) from module top (D = $flatten\array_compa.\ws2812_LED00.\ws2812.\count_ws00.$procmux$275_Y, Q = \array_compa.ws2812_LED00.ws2812.count_ws00.count, rval = 11'00000000000).
Adding EN signal on $auto$ff.cc:337:slice$892 ($sdff) from module top (D = $flatten\array_compa.\ws2812_LED00.\ws2812.\count_ws00.$add$count_ws.v:12$256_Y [10:0], Q = \array_compa.ws2812_LED00.ws2812.count_ws00.count).
Adding EN signal on $flatten\array_compa.\control_wLED00.$procdff$613 ($dff) from module top (D = $flatten\array_compa.\control_wLED00.$procmux$560_Y, Q = \array_compa.control_wLED00.reset).
Adding EN signal on $flatten\array_compa.\control_wLED00.$procdff$615 ($dff) from module top (D = $flatten\array_compa.\control_wLED00.$procmux$536_Y, Q = \array_compa.control_wLED00.inc).
Adding EN signal on $flatten\array_compa.\control_wLED00.$procdff$616 ($dff) from module top (D = $flatten\array_compa.\control_wLED00.$procmux$524_Y, Q = \array_compa.control_wLED00.INIT_LED).
Adding SRST signal on $flatten\array_compa.\countLED00.$procdff$611 ($dff) from module top (D = $flatten\array_compa.\countLED00.$procmux$491_Y, Q = \array_compa.countLED00.addr, rval = 9'000000000).
Adding EN signal on $auto$ff.cc:337:slice$915 ($sdff) from module top (D = $flatten\array_compa.\countLED00.$add$count_arr.v:13$240_Y [8:0], Q = \array_compa.countLED00.addr).
Adding SRST signal on $flatten\array_compa.\ws2812_LED00.\ws2812.\multiplexor00.$procdff$593 ($dff) from module top (D = $flatten\array_compa.\ws2812_LED00.\ws2812.\multiplexor00.$procmux$267_Y [9:8], Q = \array_compa.ws2812_LED00.ws2812.multiplexor00.out [9:8], rval = 2'00).
Adding SRST signal on $flatten\array_compa.\ws2812_LED00.\ws2812.\multiplexor00.$procdff$593 ($dff) from module top (D = $flatten\array_compa.\ws2812_LED00.\ws2812.\multiplexor00.$procmux$269_Y [1], Q = \array_compa.ws2812_LED00.ws2812.multiplexor00.out [1], rval = 1'1).
Adding SRST signal on $flatten\array_compa.\ws2812_LED00.\ws2812.\multiplexor00.$procdff$593 ($dff) from module top (D = { $flatten\array_compa.\ws2812_LED00.\ws2812.\multiplexor00.$procmux$271_Y [10] $flatten\array_compa.\ws2812_LED00.\ws2812.\multiplexor00.$procmux$271_Y [7:2] $flatten\array_compa.\ws2812_LED00.\ws2812.\multiplexor00.$procmux$271_Y [0] }, Q = { \array_compa.ws2812_LED00.ws2812.multiplexor00.out [10] \array_compa.ws2812_LED00.ws2812.multiplexor00.out [7:2] \array_compa.ws2812_LED00.ws2812.multiplexor00.out [0] }, rval = 8'00001111).
Adding EN signal on $auto$ff.cc:337:slice$923 ($sdff) from module top (D = { $flatten\array_compa.\ws2812_LED00.\ws2812.\multiplexor00.$procmux$271_Y [10] $flatten\array_compa.\ws2812_LED00.\ws2812.\multiplexor00.$procmux$271_Y [7:2] $flatten\array_compa.\ws2812_LED00.\ws2812.\multiplexor00.$procmux$271_Y [0] }, Q = { \array_compa.ws2812_LED00.ws2812.multiplexor00.out [10] \array_compa.ws2812_LED00.ws2812.multiplexor00.out [7:2] \array_compa.ws2812_LED00.ws2812.multiplexor00.out [0] }).
Adding EN signal on $auto$ff.cc:337:slice$920 ($sdff) from module top (D = $flatten\array_compa.\ws2812_LED00.\ws2812.\multiplexor00.$procmux$269_Y [1], Q = \array_compa.ws2812_LED00.ws2812.multiplexor00.out [1]).
Adding EN signal on $auto$ff.cc:337:slice$917 ($sdff) from module top (D = 2'00, Q = \array_compa.ws2812_LED00.ws2812.multiplexor00.out [9:8]).
Adding EN signal on $flatten\array_compa.\ws2812_LED00.\control_wLED00.$procdff$609 ($dff) from module top (D = $flatten\array_compa.\ws2812_LED00.\control_wLED00.$procmux$432_Y, Q = \array_compa.ws2812_LED00.control_wLED00.INIT_T).
Adding EN signal on $flatten\array_compa.\ws2812_LED00.\control_wLED00.$procdff$606 ($dff) from module top (D = $flatten\array_compa.\ws2812_LED00.\control_wLED00.$procmux$468_Y, Q = \array_compa.ws2812_LED00.control_wLED00.dec).
Adding EN signal on $flatten\array_compa.\ws2812_LED00.\control_wLED00.$procdff$608 ($dff) from module top (D = $flatten\array_compa.\ws2812_LED00.\control_wLED00.$procmux$444_Y, Q = \array_compa.ws2812_LED00.control_wLED00.sh).
Adding EN signal on $flatten\array_compa.\ws2812_LED00.\control_wLED00.$procdff$607 ($dff) from module top (D = $flatten\array_compa.\ws2812_LED00.\control_wLED00.$procmux$456_Y, Q = \array_compa.ws2812_LED00.control_wLED00.ld).
Adding SRST signal on $flatten\array_compa.\ws2812_LED00.\countLED00.$procdff$602 ($dff) from module top (D = $flatten\array_compa.\ws2812_LED00.\countLED00.$procmux$391_Y, Q = \array_compa.ws2812_LED00.countLED00.count, rval = 6'010111).
Adding EN signal on $auto$ff.cc:337:slice$959 ($sdff) from module top (D = $flatten\array_compa.\ws2812_LED00.\countLED00.$sub$count_wsl.v:16$246_Y [5:0], Q = \array_compa.ws2812_LED00.countLED00.count).
Adding SRST signal on $flatten\array_compa.\ws2812_LED00.\countLED00.$procdff$601 ($dff) from module top (D = $flatten\array_compa.\ws2812_LED00.\countLED00.$procmux$396_Y, Q = \array_compa.ws2812_LED00.countLED00.z, rval = 1'0).
Adding EN signal on $auto$ff.cc:337:slice$961 ($sdff) from module top (D = 1'1, Q = \array_compa.ws2812_LED00.countLED00.z).
Setting constant 0-bit at position 0 on $auto$ff.cc:337:slice$930 ($sdffe) from module top.
Setting constant 0-bit at position 1 on $auto$ff.cc:337:slice$930 ($sdffe) from module top.
Setting constant 0-bit at position 0 on $auto$ff.cc:337:slice$891 ($sdffe) from module top.

16.15.7. Executing OPT_CLEAN pass (remove unused cells and wires).
Finding unused cells or wires in module \top..
Removed 27 unused cells and 73 unused wires.
<suppressed ~28 debug messages>

16.15.8. Executing OPT_EXPR pass (perform const folding).
Optimizing module top.
<suppressed ~15 debug messages>

16.15.9. Rerunning OPT passes. (Maybe there is more to do..)

16.15.10. Executing OPT_MUXTREE pass (detect dead branches in mux trees).
Running muxtree optimizer on module \top..
  Creating internal representation of mux trees.
  Evaluating internal representation of mux trees.
  Analyzing evaluation results.
Removed 0 multiplexer ports.
<suppressed ~43 debug messages>

16.15.11. Executing OPT_REDUCE pass (consolidate $*mux and $reduce_* inputs).
  Optimizing cells in module \top.
Performed a total of 0 changes.

16.15.12. Executing OPT_MERGE pass (detect identical cells).
Finding identical cells in module `\top'.
Computing hashes of 194 cells of `\top'.
Finding duplicate cells in `\top'.
Computing hashes of 179 cells of `\top'.
Finding duplicate cells in `\top'.
Computing hashes of 178 cells of `\top'.
Finding duplicate cells in `\top'.
Computing hashes of 177 cells of `\top'.
Finding duplicate cells in `\top'.
<suppressed ~51 debug messages>
Removed a total of 17 cells.

16.15.13. Executing OPT_DFF pass (perform DFF optimizations).

16.15.14. Executing OPT_CLEAN pass (remove unused cells and wires).
Finding unused cells or wires in module \top..
Removed 0 unused cells and 16 unused wires.
<suppressed ~1 debug messages>

16.15.15. Executing OPT_EXPR pass (perform const folding).
Optimizing module top.

16.15.16. Rerunning OPT passes. (Maybe there is more to do..)

16.15.17. Executing OPT_MUXTREE pass (detect dead branches in mux trees).
Running muxtree optimizer on module \top..
  Creating internal representation of mux trees.
  Evaluating internal representation of mux trees.
  Analyzing evaluation results.
Removed 0 multiplexer ports.
<suppressed ~41 debug messages>

16.15.18. Executing OPT_REDUCE pass (consolidate $*mux and $reduce_* inputs).
  Optimizing cells in module \top.
Performed a total of 0 changes.

16.15.19. Executing OPT_MERGE pass (detect identical cells).
Finding identical cells in module `\top'.
Computing hashes of 177 cells of `\top'.
Finding duplicate cells in `\top'.
Removed a total of 0 cells.

16.15.20. Executing OPT_DFF pass (perform DFF optimizations).

16.15.21. Executing OPT_CLEAN pass (remove unused cells and wires).
Finding unused cells or wires in module \top..

16.15.22. Executing OPT_EXPR pass (perform const folding).
Optimizing module top.

16.15.23. Finished fast OPT passes. (There is nothing left to do.)

16.16. Executing WREDUCE pass (reducing word size of cells).
Removed top 4 bits (of 20) from port B of cell top.$lt$top.v:12$227 ($lt).
Removed top 1 bits (of 20) from port B of cell top.$lt$top.v:21$229 ($lt).
Removed top 31 bits (of 32) from port B of cell top.$add$top.v:22$230 ($add).
Removed top 12 bits (of 32) from port Y of cell top.$add$top.v:22$230 ($add).
Removed top 31 bits (of 32) from port B of cell top.$flatten\array_compa.\ws2812_LED00.\countLED00.$sub$count_wsl.v:16$246 ($sub).
Removed top 26 bits (of 32) from port Y of cell top.$flatten\array_compa.\ws2812_LED00.\countLED00.$sub$count_wsl.v:16$246 ($sub).
Removed top 1 bits (of 2) from port B of cell top.$flatten\array_compa.\ws2812_LED00.\ws2812.\multiplexor00.$eq$multiplexor_ws.v:13$259 ($eq).
Removed top 31 bits (of 32) from port B of cell top.$flatten\array_compa.\ws2812_LED00.\ws2812.\count_ws00.$add$count_ws.v:12$256 ($add).
Removed top 21 bits (of 32) from port Y of cell top.$flatten\array_compa.\ws2812_LED00.\ws2812.\count_ws00.$add$count_ws.v:12$256 ($add).
Removed top 31 bits (of 32) from port B of cell top.$flatten\array_compa.\countLED00.$add$count_arr.v:13$240 ($add).
Removed top 23 bits (of 32) from port Y of cell top.$flatten\array_compa.\countLED00.$add$count_arr.v:13$240 ($add).
Removed top 23 bits (of 32) from wire top.$flatten\array_compa.\countLED00.$add$count_arr.v:13$240_Y.
Removed top 26 bits (of 32) from wire top.$flatten\array_compa.\ws2812_LED00.\countLED00.$sub$count_wsl.v:16$246_Y.
Removed top 21 bits (of 32) from wire top.$flatten\array_compa.\ws2812_LED00.\ws2812.\count_ws00.$add$count_ws.v:12$256_Y.
Removed top 12 bits (of 32) from wire top.$add$top.v:13$228_Y.

16.17. Executing PEEPOPT pass (run peephole optimizers).

16.18. Executing OPT_CLEAN pass (remove unused cells and wires).
Finding unused cells or wires in module \top..
Removed 0 unused cells and 4 unused wires.
<suppressed ~1 debug messages>

16.19. Executing SHARE pass (SAT-based resource sharing).

16.20. Executing TECHMAP pass (map to technology primitives).

16.20.1. Executing Verilog-2005 frontend: /usr/bin/../share/yosys/cmp2lut.v
Parsing Verilog input from `/usr/bin/../share/yosys/cmp2lut.v' to AST representation.
Generating RTLIL representation for module `\_90_lut_cmp_'.
Successfully finished Verilog frontend.

16.20.2. Continuing TECHMAP pass.
No more expansions possible.
<suppressed ~62 debug messages>

16.21. Executing OPT_EXPR pass (perform const folding).
Optimizing module top.

16.22. Executing OPT_CLEAN pass (remove unused cells and wires).
Finding unused cells or wires in module \top..

16.23. Executing TECHMAP pass (map to technology primitives).

16.23.1. Executing Verilog-2005 frontend: /usr/bin/../share/yosys/mul2dsp.v
Parsing Verilog input from `/usr/bin/../share/yosys/mul2dsp.v' to AST representation.
Generating RTLIL representation for module `\_80_mul'.
Generating RTLIL representation for module `\_90_soft_mul'.
Successfully finished Verilog frontend.

16.23.2. Continuing TECHMAP pass.
No more expansions possible.
<suppressed ~4 debug messages>

16.24. Executing TECHMAP pass (map to technology primitives).

16.24.1. Executing Verilog-2005 frontend: /usr/bin/../share/yosys/lattice/dsp_map_18x18.v
Parsing Verilog input from `/usr/bin/../share/yosys/lattice/dsp_map_18x18.v' to AST representation.
Generating RTLIL representation for module `$__MUL18X18'.
Successfully finished Verilog frontend.

16.24.2. Continuing TECHMAP pass.
No more expansions possible.
<suppressed ~3 debug messages>

16.25. Executing ALUMACC pass (create $alu and $macc cells).
Extracting $alu and $macc cells in module top:
  creating $macc model for $flatten\array_compa.\ws2812_LED00.\ws2812.\count_ws00.$add$count_ws.v:12$256 ($add).
  creating $macc model for $flatten\array_compa.\ws2812_LED00.\countLED00.$sub$count_wsl.v:16$246 ($sub).
  creating $macc model for $flatten\array_compa.\countLED00.$add$count_arr.v:13$240 ($add).
  creating $macc model for $add$top.v:22$230 ($add).
  creating $alu model for $macc $add$top.v:22$230.
  creating $alu model for $macc $flatten\array_compa.\countLED00.$add$count_arr.v:13$240.
  creating $alu model for $macc $flatten\array_compa.\ws2812_LED00.\countLED00.$sub$count_wsl.v:16$246.
  creating $alu model for $macc $flatten\array_compa.\ws2812_LED00.\ws2812.\count_ws00.$add$count_ws.v:12$256.
  creating $alu model for $lt$top.v:21$229 ($lt): new $alu
  creating $alu model for $lt$top.v:12$227 ($lt): new $alu
  creating $alu cell for $lt$top.v:12$227: $auto$alumacc.cc:512:replace_alu$971
  creating $alu cell for $lt$top.v:21$229: $auto$alumacc.cc:512:replace_alu$976
  creating $alu cell for $flatten\array_compa.\ws2812_LED00.\ws2812.\count_ws00.$add$count_ws.v:12$256: $auto$alumacc.cc:512:replace_alu$981
  creating $alu cell for $flatten\array_compa.\ws2812_LED00.\countLED00.$sub$count_wsl.v:16$246: $auto$alumacc.cc:512:replace_alu$984
  creating $alu cell for $flatten\array_compa.\countLED00.$add$count_arr.v:13$240: $auto$alumacc.cc:512:replace_alu$987
  creating $alu cell for $add$top.v:22$230: $auto$alumacc.cc:512:replace_alu$990
  created 6 $alu and 0 $macc cells.

16.26. Executing OPT pass (performing simple optimizations).

16.26.1. Executing OPT_EXPR pass (perform const folding).
Optimizing module top.
<suppressed ~4 debug messages>

16.26.2. Executing OPT_MERGE pass (detect identical cells).
Finding identical cells in module `\top'.
Computing hashes of 179 cells of `\top'.
Finding duplicate cells in `\top'.
Removed a total of 0 cells.

16.26.3. Executing OPT_MUXTREE pass (detect dead branches in mux trees).
Running muxtree optimizer on module \top..
  Creating internal representation of mux trees.
  Evaluating internal representation of mux trees.
  Analyzing evaluation results.
Removed 0 multiplexer ports.
<suppressed ~41 debug messages>

16.26.4. Executing OPT_REDUCE pass (consolidate $*mux and $reduce_* inputs).
  Optimizing cells in module \top.
Performed a total of 0 changes.

16.26.5. Executing OPT_MERGE pass (detect identical cells).
Finding identical cells in module `\top'.
Computing hashes of 179 cells of `\top'.
Finding duplicate cells in `\top'.
Removed a total of 0 cells.

16.26.6. Executing OPT_DFF pass (perform DFF optimizations).

16.26.7. Executing OPT_CLEAN pass (remove unused cells and wires).
Finding unused cells or wires in module \top..
Removed 2 unused cells and 4 unused wires.
<suppressed ~3 debug messages>

16.26.8. Executing OPT_EXPR pass (perform const folding).
Optimizing module top.

16.26.9. Rerunning OPT passes. (Maybe there is more to do..)

16.26.10. Executing OPT_MUXTREE pass (detect dead branches in mux trees).
Running muxtree optimizer on module \top..
  Creating internal representation of mux trees.
  Evaluating internal representation of mux trees.
  Analyzing evaluation results.
Removed 0 multiplexer ports.
<suppressed ~41 debug messages>

16.26.11. Executing OPT_REDUCE pass (consolidate $*mux and $reduce_* inputs).
  Optimizing cells in module \top.
Performed a total of 0 changes.

16.26.12. Executing OPT_MERGE pass (detect identical cells).
Finding identical cells in module `\top'.
Computing hashes of 177 cells of `\top'.
Finding duplicate cells in `\top'.
Removed a total of 0 cells.

16.26.13. Executing OPT_DFF pass (perform DFF optimizations).

16.26.14. Executing OPT_CLEAN pass (remove unused cells and wires).
Finding unused cells or wires in module \top..

16.26.15. Executing OPT_EXPR pass (perform const folding).
Optimizing module top.

16.26.16. Finished fast OPT passes. (There is nothing left to do.)

16.27. Executing MEMORY pass.

16.27.1. Executing OPT_MEM pass (optimize memories).
Performed a total of 0 transformations.

16.27.2. Executing OPT_MEM_PRIORITY pass (removing unnecessary memory write priority relations).
Performed a total of 0 transformations.

16.27.3. Executing OPT_MEM_FEEDBACK pass (finding memory read-to-write feedback paths).

16.27.4. Executing MEMORY_BMUX2ROM pass (converting muxes to ROMs).

16.27.5. Executing MEMORY_DFF pass (merging $dff cells to $memrd).

16.27.6. Executing OPT_CLEAN pass (remove unused cells and wires).
Finding unused cells or wires in module \top..

16.27.7. Executing MEMORY_SHARE pass (consolidating $memrd/$memwr cells).

16.27.8. Executing OPT_MEM_WIDEN pass (optimize memories where all ports are wide).
Performed a total of 0 transformations.

16.27.9. Executing OPT_CLEAN pass (remove unused cells and wires).
Finding unused cells or wires in module \top..

16.27.10. Executing MEMORY_COLLECT pass (generating $mem cells).

16.28. Executing OPT_CLEAN pass (remove unused cells and wires).
Finding unused cells or wires in module \top..

16.29. Executing MEMORY_LIBMAP pass (mapping memories to cells).

16.30. Executing TECHMAP pass (map to technology primitives).

16.30.1. Executing Verilog-2005 frontend: /usr/bin/../share/yosys/lattice/lutrams_map_trellis.v
Parsing Verilog input from `/usr/bin/../share/yosys/lattice/lutrams_map_trellis.v' to AST representation.
Generating RTLIL representation for module `$__TRELLIS_DPR16X4_'.
Successfully finished Verilog frontend.

16.30.2. Executing Verilog-2005 frontend: /usr/bin/../share/yosys/lattice/brams_map_16kd.v
Parsing Verilog input from `/usr/bin/../share/yosys/lattice/brams_map_16kd.v' to AST representation.
Generating RTLIL representation for module `$__DP16KD_'.
Generating RTLIL representation for module `$__PDPW16KD_'.
Successfully finished Verilog frontend.

16.30.3. Continuing TECHMAP pass.
No more expansions possible.
<suppressed ~5 debug messages>

16.31. Executing OPT pass (performing simple optimizations).

16.31.1. Executing OPT_EXPR pass (perform const folding).
Optimizing module top.
<suppressed ~16 debug messages>

16.31.2. Executing OPT_MERGE pass (detect identical cells).
Finding identical cells in module `\top'.
Computing hashes of 170 cells of `\top'.
Finding duplicate cells in `\top'.
Removed a total of 0 cells.

16.31.3. Executing OPT_DFF pass (perform DFF optimizations).

16.31.4. Executing OPT_CLEAN pass (remove unused cells and wires).
Finding unused cells or wires in module \top..
Removed 5 unused cells and 17 unused wires.
<suppressed ~6 debug messages>

16.31.5. Finished fast OPT passes.

16.32. Executing MEMORY_MAP pass (converting memories to logic and flip-flops).

16.33. Executing OPT pass (performing simple optimizations).

16.33.1. Executing OPT_EXPR pass (perform const folding).
Optimizing module top.

16.33.2. Executing OPT_MERGE pass (detect identical cells).
Finding identical cells in module `\top'.
Computing hashes of 165 cells of `\top'.
Finding duplicate cells in `\top'.
Removed a total of 0 cells.

16.33.3. Executing OPT_MUXTREE pass (detect dead branches in mux trees).
Running muxtree optimizer on module \top..
  Creating internal representation of mux trees.
  Evaluating internal representation of mux trees.
  Analyzing evaluation results.
Removed 0 multiplexer ports.
<suppressed ~17 debug messages>

16.33.4. Executing OPT_REDUCE pass (consolidate $*mux and $reduce_* inputs).
  Optimizing cells in module \top.
    Consolidated identical input bits for $mux cell $flatten\array_compa.\ws2812_LED00.\ws2812.\multiplexor00.$procmux$267:
      Old ports: A=11'x00xxxxxxxx, B=11'00000001010, Y=$flatten\array_compa.\ws2812_LED00.\ws2812.\multiplexor00.$procmux$267_Y
      New ports: A=2'x, B=2'10, Y=$flatten\array_compa.\ws2812_LED00.\ws2812.\multiplexor00.$procmux$267_Y [1:0]
      New connections: $flatten\array_compa.\ws2812_LED00.\ws2812.\multiplexor00.$procmux$267_Y [10:2] = { $flatten\array_compa.\ws2812_LED00.\ws2812.\multiplexor00.$procmux$267_Y [0] 2'00 $flatten\array_compa.\ws2812_LED00.\ws2812.\multiplexor00.$procmux$267_Y [0] $flatten\array_compa.\ws2812_LED00.\ws2812.\multiplexor00.$procmux$267_Y [0] $flatten\array_compa.\ws2812_LED00.\ws2812.\multiplexor00.$procmux$267_Y [0] $flatten\array_compa.\ws2812_LED00.\ws2812.\multiplexor00.$procmux$267_Y [0] $flatten\array_compa.\ws2812_LED00.\ws2812.\multiplexor00.$procmux$267_Y [1:0] }
  Optimizing cells in module \top.
    Consolidated identical input bits for $mux cell $flatten\array_compa.\ws2812_LED00.\ws2812.\multiplexor00.$procmux$269:
      Old ports: A=$flatten\array_compa.\ws2812_LED00.\ws2812.\multiplexor00.$procmux$267_Y, B=11'00000010100, Y=$flatten\array_compa.\ws2812_LED00.\ws2812.\multiplexor00.$procmux$269_Y
      New ports: A={ $flatten\array_compa.\ws2812_LED00.\ws2812.\multiplexor00.$procmux$267_Y [0] $flatten\array_compa.\ws2812_LED00.\ws2812.\multiplexor00.$procmux$267_Y [1:0] }, B=3'100, Y=$flatten\array_compa.\ws2812_LED00.\ws2812.\multiplexor00.$procmux$269_Y [2:0]
      New connections: $flatten\array_compa.\ws2812_LED00.\ws2812.\multiplexor00.$procmux$269_Y [10:3] = { $flatten\array_compa.\ws2812_LED00.\ws2812.\multiplexor00.$procmux$269_Y [0] 2'00 $flatten\array_compa.\ws2812_LED00.\ws2812.\multiplexor00.$procmux$269_Y [0] $flatten\array_compa.\ws2812_LED00.\ws2812.\multiplexor00.$procmux$269_Y [0] $flatten\array_compa.\ws2812_LED00.\ws2812.\multiplexor00.$procmux$269_Y [0] $flatten\array_compa.\ws2812_LED00.\ws2812.\multiplexor00.$procmux$269_Y [2:1] }
  Optimizing cells in module \top.
    Consolidated identical input bits for $mux cell $flatten\array_compa.\ws2812_LED00.\ws2812.\multiplexor00.$procmux$271:
      Old ports: A=$flatten\array_compa.\ws2812_LED00.\ws2812.\multiplexor00.$procmux$269_Y, B=11'10011100010, Y=$flatten\array_compa.\ws2812_LED00.\ws2812.\multiplexor00.$procmux$271_Y
      New ports: A={ $flatten\array_compa.\ws2812_LED00.\ws2812.\multiplexor00.$procmux$269_Y [0] $flatten\array_compa.\ws2812_LED00.\ws2812.\multiplexor00.$procmux$269_Y [1] $flatten\array_compa.\ws2812_LED00.\ws2812.\multiplexor00.$procmux$269_Y [2:0] }, B=5'10010, Y={ $flatten\array_compa.\ws2812_LED00.\ws2812.\multiplexor00.$procmux$271_Y [5] $flatten\array_compa.\ws2812_LED00.\ws2812.\multiplexor00.$procmux$271_Y [3:0] }
      New connections: { $flatten\array_compa.\ws2812_LED00.\ws2812.\multiplexor00.$procmux$271_Y [10:6] $flatten\array_compa.\ws2812_LED00.\ws2812.\multiplexor00.$procmux$271_Y [4] } = { $flatten\array_compa.\ws2812_LED00.\ws2812.\multiplexor00.$procmux$271_Y [5] 2'00 $flatten\array_compa.\ws2812_LED00.\ws2812.\multiplexor00.$procmux$271_Y [5] $flatten\array_compa.\ws2812_LED00.\ws2812.\multiplexor00.$procmux$271_Y [5] $flatten\array_compa.\ws2812_LED00.\ws2812.\multiplexor00.$procmux$271_Y [2] }
  Optimizing cells in module \top.
Performed a total of 3 changes.

16.33.5. Executing OPT_MERGE pass (detect identical cells).
Finding identical cells in module `\top'.
Computing hashes of 165 cells of `\top'.
Finding duplicate cells in `\top'.
Removed a total of 0 cells.

16.33.6. Executing OPT_DFF pass (perform DFF optimizations).

16.33.7. Executing OPT_CLEAN pass (remove unused cells and wires).
Finding unused cells or wires in module \top..

16.33.8. Executing OPT_EXPR pass (perform const folding).
Optimizing module top.
<suppressed ~1 debug messages>

16.33.9. Rerunning OPT passes. (Maybe there is more to do..)

16.33.10. Executing OPT_MUXTREE pass (detect dead branches in mux trees).
Running muxtree optimizer on module \top..
  Creating internal representation of mux trees.
  Evaluating internal representation of mux trees.
  Analyzing evaluation results.
Removed 0 multiplexer ports.
<suppressed ~16 debug messages>

16.33.11. Executing OPT_REDUCE pass (consolidate $*mux and $reduce_* inputs).
  Optimizing cells in module \top.
    Consolidated identical input bits for $mux cell $flatten\array_compa.\ws2812_LED00.\ws2812.\multiplexor00.$procmux$269:
      Old ports: A=3'010, B=3'100, Y=$flatten\array_compa.\ws2812_LED00.\ws2812.\multiplexor00.$procmux$269_Y [2:0]
      New ports: A=2'01, B=2'10, Y=$flatten\array_compa.\ws2812_LED00.\ws2812.\multiplexor00.$procmux$269_Y [2:1]
      New connections: $flatten\array_compa.\ws2812_LED00.\ws2812.\multiplexor00.$procmux$269_Y [0] = 1'0
  Optimizing cells in module \top.
    Consolidated identical input bits for $mux cell $flatten\array_compa.\ws2812_LED00.\ws2812.\multiplexor00.$procmux$271:
      Old ports: A={ $flatten\array_compa.\ws2812_LED00.\ws2812.\multiplexor00.$procmux$269_Y [0] $flatten\array_compa.\ws2812_LED00.\ws2812.\multiplexor00.$procmux$269_Y [1] $flatten\array_compa.\ws2812_LED00.\ws2812.\multiplexor00.$procmux$269_Y [2:0] }, B=5'10010, Y={ $flatten\array_compa.\ws2812_LED00.\ws2812.\multiplexor00.$procmux$271_Y [5] $flatten\array_compa.\ws2812_LED00.\ws2812.\multiplexor00.$procmux$271_Y [3:0] }
      New ports: A={ 1'0 $flatten\array_compa.\ws2812_LED00.\ws2812.\multiplexor00.$procmux$269_Y [1] $flatten\array_compa.\ws2812_LED00.\ws2812.\multiplexor00.$procmux$269_Y [2:1] }, B=4'1001, Y={ $flatten\array_compa.\ws2812_LED00.\ws2812.\multiplexor00.$procmux$271_Y [5] $flatten\array_compa.\ws2812_LED00.\ws2812.\multiplexor00.$procmux$271_Y [3:1] }
      New connections: $flatten\array_compa.\ws2812_LED00.\ws2812.\multiplexor00.$procmux$271_Y [0] = 1'0
  Optimizing cells in module \top.
Performed a total of 2 changes.

16.33.12. Executing OPT_MERGE pass (detect identical cells).
Finding identical cells in module `\top'.
Computing hashes of 164 cells of `\top'.
Finding duplicate cells in `\top'.
Removed a total of 0 cells.

16.33.13. Executing OPT_DFF pass (perform DFF optimizations).

16.33.14. Executing OPT_CLEAN pass (remove unused cells and wires).
Finding unused cells or wires in module \top..
Removed 0 unused cells and 1 unused wires.
<suppressed ~1 debug messages>

16.33.15. Executing OPT_EXPR pass (perform const folding).
Optimizing module top.

16.33.16. Rerunning OPT passes. (Maybe there is more to do..)

16.33.17. Executing OPT_MUXTREE pass (detect dead branches in mux trees).
Running muxtree optimizer on module \top..
  Creating internal representation of mux trees.
  Evaluating internal representation of mux trees.
  Analyzing evaluation results.
Removed 0 multiplexer ports.
<suppressed ~16 debug messages>

16.33.18. Executing OPT_REDUCE pass (consolidate $*mux and $reduce_* inputs).
  Optimizing cells in module \top.
Performed a total of 0 changes.

16.33.19. Executing OPT_MERGE pass (detect identical cells).
Finding identical cells in module `\top'.
Computing hashes of 164 cells of `\top'.
Finding duplicate cells in `\top'.
Removed a total of 0 cells.

16.33.20. Executing OPT_DFF pass (perform DFF optimizations).

16.33.21. Executing OPT_CLEAN pass (remove unused cells and wires).
Finding unused cells or wires in module \top..

16.33.22. Executing OPT_EXPR pass (perform const folding).
Optimizing module top.

16.33.23. Finished fast OPT passes. (There is nothing left to do.)

16.34. Executing TECHMAP pass (map to technology primitives).

16.34.1. Executing Verilog-2005 frontend: /usr/bin/../share/yosys/techmap.v
Parsing Verilog input from `/usr/bin/../share/yosys/techmap.v' to AST representation.
Generating RTLIL representation for module `\_90_simplemap_bool_ops'.
Generating RTLIL representation for module `\_90_simplemap_reduce_ops'.
Generating RTLIL representation for module `\_90_simplemap_logic_ops'.
Generating RTLIL representation for module `\_90_simplemap_compare_ops'.
Generating RTLIL representation for module `\_90_simplemap_various'.
Generating RTLIL representation for module `\_90_simplemap_registers'.
Generating RTLIL representation for module `\_90_shift_ops_shr_shl_sshl_sshr'.
Generating RTLIL representation for module `\_90_shift_shiftx'.
Generating RTLIL representation for module `\_90_fa'.
Generating RTLIL representation for module `\_90_lcu_brent_kung'.
Generating RTLIL representation for module `\_90_alu'.
Generating RTLIL representation for module `\_90_macc'.
Generating RTLIL representation for module `\_90_alumacc'.
Generating RTLIL representation for module `$__div_mod_u'.
Generating RTLIL representation for module `$__div_mod_trunc'.
Generating RTLIL representation for module `\_90_div'.
Generating RTLIL representation for module `\_90_mod'.
Generating RTLIL representation for module `$__div_mod_floor'.
Generating RTLIL representation for module `\_90_divfloor'.
Generating RTLIL representation for module `\_90_modfloor'.
Generating RTLIL representation for module `\_90_pow'.
Generating RTLIL representation for module `\_90_demux'.
Generating RTLIL representation for module `\_90_lut'.
Generating RTLIL representation for module `$connect'.
Generating RTLIL representation for module `$input_port'.
Successfully finished Verilog frontend.

16.34.2. Executing Verilog-2005 frontend: /usr/bin/../share/yosys/lattice/arith_map_ccu2c.v
Parsing Verilog input from `/usr/bin/../share/yosys/lattice/arith_map_ccu2c.v' to AST representation.
Generating RTLIL representation for module `\_80_ccu2c_alu'.
Successfully finished Verilog frontend.

16.34.3. Continuing TECHMAP pass.
Using template $paramod$ce0ec84be7047712840b0952f343ee9e63ef75d1\_80_ccu2c_alu for cells of type $alu.
Using template $paramod$53700bbee849b2010ad0b60a61ccd204a10e24ca\_80_ccu2c_alu for cells of type $alu.
Using template $paramod$a04dd9d4d8b430140c4ff94b50470fb380fda2a0\_80_ccu2c_alu for cells of type $alu.
Using template $paramod$2f5fb04daf2da94d981bf9455fa4454c6ec8b705\_80_ccu2c_alu for cells of type $alu.
Using template $paramod$dac0985ff93ad05fcfcbfe350fa561701ca0a85e\_80_ccu2c_alu for cells of type $alu.
Using template $paramod$a30a4cad7e4ae1931addd9d976af09af436c4ada\_80_ccu2c_alu for cells of type $alu.
Using extmapper simplemap for cells of type $sdffe.
Using extmapper simplemap for cells of type $reduce_and.
Using extmapper simplemap for cells of type $reduce_bool.
Using extmapper simplemap for cells of type $dffe.
Using extmapper simplemap for cells of type $reduce_or.
Using extmapper simplemap for cells of type $not.
Using extmapper simplemap for cells of type $sdff.
Using extmapper simplemap for cells of type $and.
Using extmapper simplemap for cells of type $logic_not.
Using extmapper simplemap for cells of type $eq.
Using extmapper simplemap for cells of type $dff.
Using extmapper simplemap for cells of type $mux.
Using extmapper simplemap for cells of type $pmux.
Using extmapper simplemap for cells of type $logic_or.
Using extmapper simplemap for cells of type $logic_and.
Using extmapper simplemap for cells of type $xor.
Using extmapper simplemap for cells of type $pos.
No more expansions possible.
<suppressed ~545 debug messages>

16.35. Executing OPT pass (performing simple optimizations).

16.35.1. Executing OPT_EXPR pass (perform const folding).
Optimizing module top.
<suppressed ~391 debug messages>

16.35.2. Executing OPT_MERGE pass (detect identical cells).
Finding identical cells in module `\top'.
Computing hashes of 576 cells of `\top'.
Finding duplicate cells in `\top'.
Computing hashes of 535 cells of `\top'.
Finding duplicate cells in `\top'.
<suppressed ~123 debug messages>
Removed a total of 41 cells.

16.35.3. Executing OPT_DFF pass (perform DFF optimizations).
Adding SRST signal on $auto$ff.cc:337:slice$1522 ($_DFFE_PP_) from module top (D = $auto$simplemap.cc:189:logic_reduce$1945, Q = \array_compa.ws2812_LED00.ws2812.control_ws.SEL_TIM [1], rval = 1'0).
Adding SRST signal on $auto$ff.cc:337:slice$1521 ($_DFFE_PP_) from module top (D = $auto$simplemap.cc:189:logic_reduce$1938, Q = \array_compa.ws2812_LED00.ws2812.control_ws.SEL_TIM [0], rval = 1'0).

16.35.4. Executing OPT_CLEAN pass (remove unused cells and wires).
Finding unused cells or wires in module \top..
Removed 83 unused cells and 400 unused wires.
<suppressed ~84 debug messages>

16.35.5. Rerunning OPT passes. (Removed registers in this run.)

16.35.6. Executing OPT_EXPR pass (perform const folding).
Optimizing module top.

16.35.7. Executing OPT_MERGE pass (detect identical cells).
Finding identical cells in module `\top'.
Computing hashes of 452 cells of `\top'.
Finding duplicate cells in `\top'.
Removed a total of 0 cells.

16.35.8. Executing OPT_DFF pass (perform DFF optimizations).

16.35.9. Executing OPT_CLEAN pass (remove unused cells and wires).
Finding unused cells or wires in module \top..

16.35.10. Finished fast OPT passes.

16.36. Executing OPT_CLEAN pass (remove unused cells and wires).
Finding unused cells or wires in module \top..

16.37. Executing DFFLEGALIZE pass (convert FFs to types supported by the target).

16.38. Executing OPT_MERGE pass (detect identical cells).
Finding identical cells in module `\top'.
Computing hashes of 457 cells of `\top'.
Finding duplicate cells in `\top'.
Computing hashes of 456 cells of `\top'.
Finding duplicate cells in `\top'.
Computing hashes of 455 cells of `\top'.
Finding duplicate cells in `\top'.
<suppressed ~6 debug messages>
Removed a total of 2 cells.

16.39. Executing TECHMAP pass (map to technology primitives).

16.39.1. Executing Verilog-2005 frontend: /usr/bin/../share/yosys/lattice/cells_map_trellis.v
Parsing Verilog input from `/usr/bin/../share/yosys/lattice/cells_map_trellis.v' to AST representation.
Generating RTLIL representation for module `$_DFF_N_'.
Generating RTLIL representation for module `$_DFF_P_'.
Generating RTLIL representation for module `$_DFFE_NN_'.
Generating RTLIL representation for module `$_DFFE_PN_'.
Generating RTLIL representation for module `$_DFFE_NP_'.
Generating RTLIL representation for module `$_DFFE_PP_'.
Generating RTLIL representation for module `$_DFF_NP0_'.
Generating RTLIL representation for module `$_DFF_NP1_'.
Generating RTLIL representation for module `$_DFF_PP0_'.
Generating RTLIL representation for module `$_DFF_PP1_'.
Generating RTLIL representation for module `$_SDFF_NP0_'.
Generating RTLIL representation for module `$_SDFF_NP1_'.
Generating RTLIL representation for module `$_SDFF_PP0_'.
Generating RTLIL representation for module `$_SDFF_PP1_'.
Generating RTLIL representation for module `$_DFFE_NP0P_'.
Generating RTLIL representation for module `$_DFFE_NP1P_'.
Generating RTLIL representation for module `$_DFFE_PP0P_'.
Generating RTLIL representation for module `$_DFFE_PP1P_'.
Generating RTLIL representation for module `$_DFFE_NP0N_'.
Generating RTLIL representation for module `$_DFFE_NP1N_'.
Generating RTLIL representation for module `$_DFFE_PP0N_'.
Generating RTLIL representation for module `$_DFFE_PP1N_'.
Generating RTLIL representation for module `$_SDFFE_NP0P_'.
Generating RTLIL representation for module `$_SDFFE_NP1P_'.
Generating RTLIL representation for module `$_SDFFE_PP0P_'.
Generating RTLIL representation for module `$_SDFFE_PP1P_'.
Generating RTLIL representation for module `$_SDFFE_NP0N_'.
Generating RTLIL representation for module `$_SDFFE_NP1N_'.
Generating RTLIL representation for module `$_SDFFE_PP0N_'.
Generating RTLIL representation for module `$_SDFFE_PP1N_'.
Generating RTLIL representation for module `$_ALDFF_NP_'.
Generating RTLIL representation for module `$_ALDFF_PP_'.
Generating RTLIL representation for module `$_ALDFFE_NPN_'.
Generating RTLIL representation for module `$_ALDFFE_NPP_'.
Generating RTLIL representation for module `$_ALDFFE_PPN_'.
Generating RTLIL representation for module `$_ALDFFE_PPP_'.
Generating RTLIL representation for module `\FD1P3AX'.
Generating RTLIL representation for module `\FD1P3AY'.
Generating RTLIL representation for module `\FD1P3BX'.
Generating RTLIL representation for module `\FD1P3DX'.
Generating RTLIL representation for module `\FD1P3IX'.
Generating RTLIL representation for module `\FD1P3JX'.
Generating RTLIL representation for module `\FD1S3AX'.
Generating RTLIL representation for module `\FD1S3AY'.
Generating RTLIL representation for module `\FD1S3BX'.
Generating RTLIL representation for module `\FD1S3DX'.
Generating RTLIL representation for module `\FD1S3IX'.
Generating RTLIL representation for module `\FD1S3JX'.
Generating RTLIL representation for module `\IFS1P3BX'.
Generating RTLIL representation for module `\IFS1P3DX'.
Generating RTLIL representation for module `\IFS1P3IX'.
Generating RTLIL representation for module `\IFS1P3JX'.
Generating RTLIL representation for module `\OFS1P3BX'.
Generating RTLIL representation for module `\OFS1P3DX'.
Generating RTLIL representation for module `\OFS1P3IX'.
Generating RTLIL representation for module `\OFS1P3JX'.
Generating RTLIL representation for module `\IB'.
Generating RTLIL representation for module `\IBPU'.
Generating RTLIL representation for module `\IBPD'.
Generating RTLIL representation for module `\OB'.
Generating RTLIL representation for module `\OBZ'.
Generating RTLIL representation for module `\OBZPU'.
Generating RTLIL representation for module `\OBZPD'.
Generating RTLIL representation for module `\OBCO'.
Generating RTLIL representation for module `\BB'.
Generating RTLIL representation for module `\BBPU'.
Generating RTLIL representation for module `\BBPD'.
Generating RTLIL representation for module `\ILVDS'.
Generating RTLIL representation for module `\OLVDS'.
Successfully finished Verilog frontend.

16.39.2. Continuing TECHMAP pass.
Using template $_SDFFE_PP0P_ for cells of type $_SDFFE_PP0P_.
Using template $paramod$_DFF_N_\_TECHMAP_WIREINIT_Q_=1'x for cells of type $_DFF_N_.
Using template $paramod$_DFF_P_\_TECHMAP_WIREINIT_Q_=1'0 for cells of type $_DFF_P_.
Using template $paramod$_DFF_P_\_TECHMAP_WIREINIT_Q_=1'x for cells of type $_DFF_P_.
Using template $paramod$_DFF_P_\_TECHMAP_WIREINIT_Q_=1'1 for cells of type $_DFF_P_.
Using template $paramod$_DFFE_PN_\_TECHMAP_WIREINIT_Q_=1'0 for cells of type $_DFFE_PN_.
Using template $paramod$_DFFE_PP_\_TECHMAP_WIREINIT_Q_=1'0 for cells of type $_DFFE_PP_.
Using template $_SDFFE_NP0P_ for cells of type $_SDFFE_NP0P_.
Using template $_SDFFE_NP1P_ for cells of type $_SDFFE_NP1P_.
No more expansions possible.
<suppressed ~252 debug messages>

16.40. Executing OPT_EXPR pass (perform const folding).
Optimizing module top.

16.41. Executing SIMPLEMAP pass (map simple cells to gate primitives).

16.42. Executing LATTICE_GSR pass (implement FF init values).
Handling GSR in top.

16.43. Executing ATTRMVCP pass (move or copy attributes).

16.44. Executing OPT_CLEAN pass (remove unused cells and wires).
Finding unused cells or wires in module \top..
Removed 0 unused cells and 588 unused wires.
<suppressed ~1 debug messages>

16.45. Executing TECHMAP pass (map to technology primitives).

16.45.1. Executing Verilog-2005 frontend: /usr/bin/../share/yosys/lattice/latches_map.v
Parsing Verilog input from `/usr/bin/../share/yosys/lattice/latches_map.v' to AST representation.
Generating RTLIL representation for module `$_DLATCH_N_'.
Generating RTLIL representation for module `$_DLATCH_P_'.
Successfully finished Verilog frontend.

16.45.2. Continuing TECHMAP pass.
No more expansions possible.
<suppressed ~4 debug messages>

16.46. Executing ABC9 pass.

16.46.1. Executing ABC9_OPS pass (helper functions for ABC9).

16.46.2. Executing ABC9_OPS pass (helper functions for ABC9).

16.46.3. Executing SCC pass (detecting logic loops).
Found 0 SCCs in module top.
Found 0 SCCs.

16.46.4. Executing ABC9_OPS pass (helper functions for ABC9).

16.46.5. Executing TECHMAP pass (map to technology primitives).

16.46.5.1. Executing Verilog-2005 frontend: /usr/bin/../share/yosys/techmap.v
Parsing Verilog input from `/usr/bin/../share/yosys/techmap.v' to AST representation.
Generating RTLIL representation for module `\_90_simplemap_bool_ops'.
Generating RTLIL representation for module `\_90_simplemap_reduce_ops'.
Generating RTLIL representation for module `\_90_simplemap_logic_ops'.
Generating RTLIL representation for module `\_90_simplemap_compare_ops'.
Generating RTLIL representation for module `\_90_simplemap_various'.
Generating RTLIL representation for module `\_90_simplemap_registers'.
Generating RTLIL representation for module `\_90_shift_ops_shr_shl_sshl_sshr'.
Generating RTLIL representation for module `\_90_shift_shiftx'.
Generating RTLIL representation for module `\_90_fa'.
Generating RTLIL representation for module `\_90_lcu_brent_kung'.
Generating RTLIL representation for module `\_90_alu'.
Generating RTLIL representation for module `\_90_macc'.
Generating RTLIL representation for module `\_90_alumacc'.
Generating RTLIL representation for module `$__div_mod_u'.
Generating RTLIL representation for module `$__div_mod_trunc'.
Generating RTLIL representation for module `\_90_div'.
Generating RTLIL representation for module `\_90_mod'.
Generating RTLIL representation for module `$__div_mod_floor'.
Generating RTLIL representation for module `\_90_divfloor'.
Generating RTLIL representation for module `\_90_modfloor'.
Generating RTLIL representation for module `\_90_pow'.
Generating RTLIL representation for module `\_90_demux'.
Generating RTLIL representation for module `\_90_lut'.
Generating RTLIL representation for module `$connect'.
Generating RTLIL representation for module `$input_port'.
Successfully finished Verilog frontend.

16.46.5.2. Continuing TECHMAP pass.
No more expansions possible.
<suppressed ~166 debug messages>

16.46.6. Executing OPT pass (performing simple optimizations).

16.46.6.1. Executing OPT_EXPR pass (perform const folding).

16.46.6.2. Executing OPT_MERGE pass (detect identical cells).
Removed a total of 0 cells.

16.46.6.3. Executing OPT_MUXTREE pass (detect dead branches in mux trees).
Removed 0 multiplexer ports.

16.46.6.4. Executing OPT_REDUCE pass (consolidate $*mux and $reduce_* inputs).
Performed a total of 0 changes.

16.46.6.5. Executing OPT_MERGE pass (detect identical cells).
Removed a total of 0 cells.

16.46.6.6. Executing OPT_DFF pass (perform DFF optimizations).

16.46.6.7. Executing OPT_CLEAN pass (remove unused cells and wires).

16.46.6.8. Executing OPT_EXPR pass (perform const folding).

16.46.6.9. Finished fast OPT passes. (There is nothing left to do.)

16.46.7. Executing TECHMAP pass (map to technology primitives).

16.46.7.1. Executing Verilog-2005 frontend: /usr/bin/../share/yosys/abc9_map.v
Parsing Verilog input from `/usr/bin/../share/yosys/abc9_map.v' to AST representation.
Successfully finished Verilog frontend.

16.46.7.2. Continuing TECHMAP pass.
No more expansions possible.
<suppressed ~2 debug messages>

16.46.8. Executing Verilog-2005 frontend: /usr/bin/../share/yosys/abc9_model.v
Parsing Verilog input from `/usr/bin/../share/yosys/abc9_model.v' to AST representation.
Generating RTLIL representation for module `$__ABC9_DELAY'.
Generating RTLIL representation for module `$__ABC9_SCC_BREAKER'.
Generating RTLIL representation for module `$__DFF_N__$abc9_flop'.
Generating RTLIL representation for module `$__DFF_P__$abc9_flop'.
Successfully finished Verilog frontend.

16.46.9. Executing ABC9_OPS pass (helper functions for ABC9).
<suppressed ~2 debug messages>

16.46.10. Executing ABC9_OPS pass (helper functions for ABC9).

16.46.11. Executing ABC9_OPS pass (helper functions for ABC9).
<suppressed ~2 debug messages>

16.46.12. Executing TECHMAP pass (map to technology primitives).

16.46.12.1. Executing Verilog-2005 frontend: /usr/bin/../share/yosys/techmap.v
Parsing Verilog input from `/usr/bin/../share/yosys/techmap.v' to AST representation.
Generating RTLIL representation for module `\_90_simplemap_bool_ops'.
Generating RTLIL representation for module `\_90_simplemap_reduce_ops'.
Generating RTLIL representation for module `\_90_simplemap_logic_ops'.
Generating RTLIL representation for module `\_90_simplemap_compare_ops'.
Generating RTLIL representation for module `\_90_simplemap_various'.
Generating RTLIL representation for module `\_90_simplemap_registers'.
Generating RTLIL representation for module `\_90_shift_ops_shr_shl_sshl_sshr'.
Generating RTLIL representation for module `\_90_shift_shiftx'.
Generating RTLIL representation for module `\_90_fa'.
Generating RTLIL representation for module `\_90_lcu_brent_kung'.
Generating RTLIL representation for module `\_90_alu'.
Generating RTLIL representation for module `\_90_macc'.
Generating RTLIL representation for module `\_90_alumacc'.
Generating RTLIL representation for module `$__div_mod_u'.
Generating RTLIL representation for module `$__div_mod_trunc'.
Generating RTLIL representation for module `\_90_div'.
Generating RTLIL representation for module `\_90_mod'.
Generating RTLIL representation for module `$__div_mod_floor'.
Generating RTLIL representation for module `\_90_divfloor'.
Generating RTLIL representation for module `\_90_modfloor'.
Generating RTLIL representation for module `\_90_pow'.
Generating RTLIL representation for module `\_90_demux'.
Generating RTLIL representation for module `\_90_lut'.
Generating RTLIL representation for module `$connect'.
Generating RTLIL representation for module `$input_port'.
Successfully finished Verilog frontend.

16.46.12.2. Continuing TECHMAP pass.
Using template $paramod$838872d5a4bab89607f53482b205c0fd50d8b82e\CCU2C for cells of type $paramod$838872d5a4bab89607f53482b205c0fd50d8b82e\CCU2C.
Using extmapper simplemap for cells of type $or.
Using extmapper simplemap for cells of type $and.
Using extmapper simplemap for cells of type $not.
Using extmapper simplemap for cells of type $xor.
Using template $paramod\LUT2\INIT=4'1010 for cells of type LUT2.
Using template $paramod\LUT4\INIT=16'1001011010101010 for cells of type LUT4.
Using extmapper simplemap for cells of type $mux.
No more expansions possible.
<suppressed ~205 debug messages>

16.46.13. Executing OPT pass (performing simple optimizations).

16.46.13.1. Executing OPT_EXPR pass (perform const folding).
Optimizing module top.
<suppressed ~18 debug messages>

16.46.13.2. Executing OPT_MERGE pass (detect identical cells).
Finding identical cells in module `\top'.
Computing hashes of 59 cells of `\top'.
Finding duplicate cells in `\top'.
Computing hashes of 57 cells of `\top'.
Finding duplicate cells in `\top'.
<suppressed ~6 debug messages>
Removed a total of 2 cells.

16.46.13.3. Executing OPT_MUXTREE pass (detect dead branches in mux trees).
Running muxtree optimizer on module \top..
  Creating internal representation of mux trees.
  No muxes found in this module.
Removed 0 multiplexer ports.

16.46.13.4. Executing OPT_REDUCE pass (consolidate $*mux and $reduce_* inputs).
  Optimizing cells in module \top.
Performed a total of 0 changes.

16.46.13.5. Executing OPT_MERGE pass (detect identical cells).
Finding identical cells in module `\top'.
Computing hashes of 57 cells of `\top'.
Finding duplicate cells in `\top'.
Removed a total of 0 cells.

16.46.13.6. Executing OPT_DFF pass (perform DFF optimizations).

16.46.13.7. Executing OPT_CLEAN pass (remove unused cells and wires).
Finding unused cells or wires in module \top..
Removed 0 unused cells and 55 unused wires.
<suppressed ~1 debug messages>

16.46.13.8. Executing OPT_EXPR pass (perform const folding).
Optimizing module top.

16.46.13.9. Rerunning OPT passes. (Maybe there is more to do..)

16.46.13.10. Executing OPT_MUXTREE pass (detect dead branches in mux trees).
Running muxtree optimizer on module \top..
  Creating internal representation of mux trees.
  No muxes found in this module.
Removed 0 multiplexer ports.

16.46.13.11. Executing OPT_REDUCE pass (consolidate $*mux and $reduce_* inputs).
  Optimizing cells in module \top.
Performed a total of 0 changes.

16.46.13.12. Executing OPT_MERGE pass (detect identical cells).
Finding identical cells in module `\top'.
Computing hashes of 57 cells of `\top'.
Finding duplicate cells in `\top'.
Removed a total of 0 cells.

16.46.13.13. Executing OPT_DFF pass (perform DFF optimizations).

16.46.13.14. Executing OPT_CLEAN pass (remove unused cells and wires).
Finding unused cells or wires in module \top..

16.46.13.15. Executing OPT_EXPR pass (perform const folding).
Optimizing module top.

16.46.13.16. Finished fast OPT passes. (There is nothing left to do.)

16.46.14. Executing AIGMAP pass (map logic to AIG).
Module top: replaced 18 cells with 120 new cells, skipped 39 cells.
  replaced 3 cell types:
      14 $_MUX_
       2 $_OR_
       2 $_XOR_
  not replaced 3 cell types:
       4 $_AND_
       4 $_NOT_
      31 $specify2

16.46.15. Executing AIGMAP pass (map logic to AIG).
Module top: replaced 202 cells with 1023 new cells, skipped 253 cells.
  replaced 4 cell types:
      63 $_MUX_
       1 $_ORNOT_
     129 $_OR_
       9 $_XOR_
  not replaced 5 cell types:
      41 $_AND_
      42 $_NOT_
      14 $scopeinfo
     115 TRELLIS_FF
      41 $paramod$838872d5a4bab89607f53482b205c0fd50d8b82e\CCU2C

16.46.15.1. Executing ABC9_OPS pass (helper functions for ABC9).

16.46.15.2. Executing ABC9_OPS pass (helper functions for ABC9).

16.46.15.3. Executing XAIGER backend.
<suppressed ~11 debug messages>
Extracted 387 AND gates and 1433 wires from module `top' to a netlist network with 116 inputs and 138 outputs.

16.46.15.4. Executing ABC9_EXE pass (technology mapping using ABC9).

16.46.15.5. Executing ABC9.
Running ABC command: "<yosys-exe-dir>/yosys-abc" -s -f <abc-temp-dir>/abc.script 2>&1
ABC: ======== ABC command line "source <abc-temp-dir>/abc.script"
ABC: + read_lut <abc-temp-dir>/input.lut 
ABC: + read_box <abc-temp-dir>/input.box 
ABC: + &read <abc-temp-dir>/input.xaig 
ABC: + &ps 
ABC: <abc-temp-dir>/input : i/o =    116/    138  and =     301  lev =    6 (0.48)  mem = 0.02 MB  box = 41  bb = 0
ABC: + &scorr 
ABC: Warning: The network is combinational.
ABC: + &sweep 
ABC: + &dc2 
ABC: + &dch -f -r 
ABC: + &ps 
ABC: <abc-temp-dir>/input : i/o =    116/    138  and =     239  lev =    6 (0.43)  mem = 0.02 MB  ch =   30  box = 41  bb = 0
ABC: cst =       0  cls =     27  lit =      30  unused =     421  proof =     0
ABC: + &if -W 300 -v 
ABC: K = 7. Memory (bytes): Truth =    0. Cut =   76. Obj =  156. Set =  780. CutMin = no
ABC: Node =     239.  Ch =    27.  Total mem =    0.16 MB. Peak cut mem =    0.02 MB.
ABC: P:  Del = 1558.00.  Ar =     151.0.  Edge =      288.  Cut =     1274.  T =     0.00 sec
ABC: P:  Del = 1558.00.  Ar =     151.0.  Edge =      288.  Cut =     1265.  T =     0.00 sec
ABC: P:  Del = 1558.00.  Ar =     132.0.  Edge =      288.  Cut =     1475.  T =     0.00 sec
ABC: F:  Del = 1558.00.  Ar =     103.0.  Edge =      278.  Cut =     1243.  T =     0.00 sec
ABC: A:  Del = 1558.00.  Ar =     100.0.  Edge =      281.  Cut =     1319.  T =     0.00 sec
ABC: A:  Del = 1558.00.  Ar =      97.0.  Edge =      275.  Cut =     1168.  T =     0.00 sec
ABC: Total time =     0.00 sec
ABC: + &write -n <abc-temp-dir>/output.aig 
ABC: + &mfs 
ABC: The network is not changed by "&mfs".
ABC: + &ps -l 
ABC: <abc-temp-dir>/input : i/o =    116/    138  and =     235  lev =    6 (0.44)  mem = 0.02 MB  box = 41  bb = 0
ABC: Mapping (K=5)  :  lut =     74  edge =     275  lev =    3 (0.20)  levB =   11  mem = 0.01 MB
ABC: LUT = 74 : 2=14 18.9 %  3=16 21.6 %  4=21 28.4 %  5=23 31.1 %  Ave = 3.72
ABC: + &write -n <abc-temp-dir>/output.aig 
ABC: + &verify 
ABC: Networks are equivalent.  Time =     0.01 sec
ABC: + time 
ABC: elapse: 0.02 seconds, total: 0.02 seconds

16.46.15.6. Executing AIGER frontend.
<suppressed ~518 debug messages>
Removed 311 unused cells and 1081 unused wires.

16.46.15.7. Executing ABC9_OPS pass (helper functions for ABC9).
ABC RESULTS:              $lut cells:       78
ABC RESULTS:   $paramod$838872d5a4bab89607f53482b205c0fd50d8b82e\CCU2C cells:       41
ABC RESULTS:           input signals:       19
ABC RESULTS:          output signals:       64
Removing temp directory.

16.46.16. Executing TECHMAP pass (map to technology primitives).

16.46.16.1. Executing Verilog-2005 frontend: /usr/bin/../share/yosys/abc9_unmap.v
Parsing Verilog input from `/usr/bin/../share/yosys/abc9_unmap.v' to AST representation.
Generating RTLIL representation for module `$__DFF_x__$abc9_flop'.
Generating RTLIL representation for module `$__ABC9_SCC_BREAKER'.
Successfully finished Verilog frontend.

16.46.16.2. Continuing TECHMAP pass.
Using template $paramod$838872d5a4bab89607f53482b205c0fd50d8b82e\CCU2C for cells of type $paramod$838872d5a4bab89607f53482b205c0fd50d8b82e\CCU2C.
No more expansions possible.
<suppressed ~47 debug messages>
Removed 8 unused cells and 1891 unused wires.

16.47. Executing TECHMAP pass (map to technology primitives).

16.47.1. Executing Verilog-2005 frontend: /usr/bin/../share/yosys/lattice/cells_map_trellis.v
Parsing Verilog input from `/usr/bin/../share/yosys/lattice/cells_map_trellis.v' to AST representation.
Generating RTLIL representation for module `$_DFF_N_'.
Generating RTLIL representation for module `$_DFF_P_'.
Generating RTLIL representation for module `$_DFFE_NN_'.
Generating RTLIL representation for module `$_DFFE_PN_'.
Generating RTLIL representation for module `$_DFFE_NP_'.
Generating RTLIL representation for module `$_DFFE_PP_'.
Generating RTLIL representation for module `$_DFF_NP0_'.
Generating RTLIL representation for module `$_DFF_NP1_'.
Generating RTLIL representation for module `$_DFF_PP0_'.
Generating RTLIL representation for module `$_DFF_PP1_'.
Generating RTLIL representation for module `$_SDFF_NP0_'.
Generating RTLIL representation for module `$_SDFF_NP1_'.
Generating RTLIL representation for module `$_SDFF_PP0_'.
Generating RTLIL representation for module `$_SDFF_PP1_'.
Generating RTLIL representation for module `$_DFFE_NP0P_'.
Generating RTLIL representation for module `$_DFFE_NP1P_'.
Generating RTLIL representation for module `$_DFFE_PP0P_'.
Generating RTLIL representation for module `$_DFFE_PP1P_'.
Generating RTLIL representation for module `$_DFFE_NP0N_'.
Generating RTLIL representation for module `$_DFFE_NP1N_'.
Generating RTLIL representation for module `$_DFFE_PP0N_'.
Generating RTLIL representation for module `$_DFFE_PP1N_'.
Generating RTLIL representation for module `$_SDFFE_NP0P_'.
Generating RTLIL representation for module `$_SDFFE_NP1P_'.
Generating RTLIL representation for module `$_SDFFE_PP0P_'.
Generating RTLIL representation for module `$_SDFFE_PP1P_'.
Generating RTLIL representation for module `$_SDFFE_NP0N_'.
Generating RTLIL representation for module `$_SDFFE_NP1N_'.
Generating RTLIL representation for module `$_SDFFE_PP0N_'.
Generating RTLIL representation for module `$_SDFFE_PP1N_'.
Generating RTLIL representation for module `$_ALDFF_NP_'.
Generating RTLIL representation for module `$_ALDFF_PP_'.
Generating RTLIL representation for module `$_ALDFFE_NPN_'.
Generating RTLIL representation for module `$_ALDFFE_NPP_'.
Generating RTLIL representation for module `$_ALDFFE_PPN_'.
Generating RTLIL representation for module `$_ALDFFE_PPP_'.
Generating RTLIL representation for module `\FD1P3AX'.
Generating RTLIL representation for module `\FD1P3AY'.
Generating RTLIL representation for module `\FD1P3BX'.
Generating RTLIL representation for module `\FD1P3DX'.
Generating RTLIL representation for module `\FD1P3IX'.
Generating RTLIL representation for module `\FD1P3JX'.
Generating RTLIL representation for module `\FD1S3AX'.
Generating RTLIL representation for module `\FD1S3AY'.
Generating RTLIL representation for module `\FD1S3BX'.
Generating RTLIL representation for module `\FD1S3DX'.
Generating RTLIL representation for module `\FD1S3IX'.
Generating RTLIL representation for module `\FD1S3JX'.
Generating RTLIL representation for module `\IFS1P3BX'.
Generating RTLIL representation for module `\IFS1P3DX'.
Generating RTLIL representation for module `\IFS1P3IX'.
Generating RTLIL representation for module `\IFS1P3JX'.
Generating RTLIL representation for module `\OFS1P3BX'.
Generating RTLIL representation for module `\OFS1P3DX'.
Generating RTLIL representation for module `\OFS1P3IX'.
Generating RTLIL representation for module `\OFS1P3JX'.
Generating RTLIL representation for module `\IB'.
Generating RTLIL representation for module `\IBPU'.
Generating RTLIL representation for module `\IBPD'.
Generating RTLIL representation for module `\OB'.
Generating RTLIL representation for module `\OBZ'.
Generating RTLIL representation for module `\OBZPU'.
Generating RTLIL representation for module `\OBZPD'.
Generating RTLIL representation for module `\OBCO'.
Generating RTLIL representation for module `\BB'.
Generating RTLIL representation for module `\BBPU'.
Generating RTLIL representation for module `\BBPD'.
Generating RTLIL representation for module `\ILVDS'.
Generating RTLIL representation for module `\OLVDS'.
Generating RTLIL representation for module `$lut'.
Successfully finished Verilog frontend.

16.47.2. Continuing TECHMAP pass.
Using template $paramod$lut\WIDTH=32'00000000000000000000000000000010\LUT=4'1110 for cells of type $lut.
Using template $paramod$18e50808df562b188523e13714b96fedec6427c1$lut for cells of type $lut.
Using template $paramod$lut\WIDTH=32'00000000000000000000000000000011\LUT=8'00000001 for cells of type $lut.
Using template $paramod$lut\WIDTH=32'00000000000000000000000000000010\LUT=4'1101 for cells of type $lut.
Using template $paramod$lut\WIDTH=32'00000000000000000000000000000010\LUT=4'0111 for cells of type $lut.
Using template $paramod$lut\WIDTH=32'00000000000000000000000000000010\LUT=4'1011 for cells of type $lut.
Using template $paramod$0939298d426d727b8afa3e9642d621400f6da76d$lut for cells of type $lut.
Using template $paramod$9664b2f5fd61944d7798b30cde43b99ccda87303$lut for cells of type $lut.
Using template $paramod$lut\WIDTH=32'00000000000000000000000000000011\LUT=8'11111110 for cells of type $lut.
Using template $paramod$658b9ed803f0d3d335616d3858b53e0a2522f1e8$lut for cells of type $lut.
Using template $paramod$lut\WIDTH=32'00000000000000000000000000000011\LUT=8'10000001 for cells of type $lut.
Using template $paramod$101238f3d8d49ab12a9b49a2f01cd503b26e9c61$lut for cells of type $lut.
Using template $paramod$32240f9e2ebc317cbda491d6bd5dbc2f0bdb83e6$lut for cells of type $lut.
Using template $paramod$370cc1146434026a38e50c53c53e7cd0faaf0779$lut for cells of type $lut.
Using template $paramod$lut\WIDTH=32'00000000000000000000000000000010\LUT=4'0001 for cells of type $lut.
Using template $paramod$9c6e6280a775dae4d2477cb892bc9e7215c81938$lut for cells of type $lut.
Using template $paramod$lut\WIDTH=32'00000000000000000000000000000010\LUT=4'0010 for cells of type $lut.
Using template $paramod$64c98a93c00f2932cdb01ce29e3a216b58ad51fe$lut for cells of type $lut.
Using template $paramod$74d781bc4fcddb3928013b0632ab06edc0845b08$lut for cells of type $lut.
Using template $paramod$76e3d0718cc51865e93441b09fb8f3eb5cb6786e$lut for cells of type $lut.
Using template $paramod$485c4ed404306f964043971d0333f04976e0b6cc$lut for cells of type $lut.
Using template $paramod$lut\WIDTH=32'00000000000000000000000000000011\LUT=8'00000010 for cells of type $lut.
Using template $paramod$lut\WIDTH=32'00000000000000000000000000000011\LUT=8'00000100 for cells of type $lut.
Using template $paramod$9630d6229ecb721e0e9cb49494fc04203c66144b$lut for cells of type $lut.
Using template $paramod$lut\WIDTH=32'00000000000000000000000000000011\LUT=8'00010000 for cells of type $lut.
Using template $paramod$272652f6c6fbe9a75eff76e45cc7e2788835518b$lut for cells of type $lut.
Using template $paramod$lut\WIDTH=32'00000000000000000000000000000010\LUT=4'1000 for cells of type $lut.
Using template $paramod$lut\WIDTH=32'00000000000000000000000000000010\LUT=4'0100 for cells of type $lut.
Using template $paramod$0a4d85497e20c50068555dd5ad9ad3a7952cab73$lut for cells of type $lut.
Using template $paramod$f626b575273537b3090dbe5d04b27b283ec9a192$lut for cells of type $lut.
Using template $paramod$lut\WIDTH=32'00000000000000000000000000000010\LUT=4'1001 for cells of type $lut.
Using template $paramod$047d0df6c87b7042d6d894454cb0917def4e9363$lut for cells of type $lut.
Using template $paramod$30305e55a780880b9c824fe3509a4d981acb0f2b$lut for cells of type $lut.
Using template $paramod$59b5899ed100f80c8878cb0ee0bc66b8f67d7b7b$lut for cells of type $lut.
Using template $paramod$338ce46cf7ff44b9974887dd2adee6c4e0530bed$lut for cells of type $lut.
Using template $paramod$01734a95f9dc3b6d9bc4f50465c7be9432fa0a75$lut for cells of type $lut.
Using template $paramod$6e238df02989b317f10820a22773676e71120644$lut for cells of type $lut.
Using template $paramod$lut\WIDTH=32'00000000000000000000000000000011\LUT=8'00100000 for cells of type $lut.
Using template $paramod$lut\WIDTH=32'00000000000000000000000000000011\LUT=8'00001000 for cells of type $lut.
Using template $paramod$c5b694ec89d7629b942ccf6a9be1d39e24f8edec$lut for cells of type $lut.
Using template $paramod$lut\WIDTH=32'00000000000000000000000000000011\LUT=8'01000000 for cells of type $lut.
Using template $paramod$01cb1024cef3f31022d7b3e8d797895bb1a77af3$lut for cells of type $lut.
Using template $paramod$lut\WIDTH=32'00000000000000000000000000000001\LUT=2'01 for cells of type $lut.
No more expansions possible.
<suppressed ~711 debug messages>

16.48. Executing OPT_LUT_INS pass (discard unused LUT inputs).
Optimizing LUTs in top.
  Optimizing lut $abc$5247$lut$auto$fsm_map.cc:170:map_fsm$744[3].genblk1.genblk1.genblk1.genblk1.genblk1.lut1 (4 -> 3)
  Optimizing lut $abc$5247$lut$0\delay[19:0][10].genblk1.genblk1.genblk1.genblk1.genblk1.lut0 (4 -> 0)
  Optimizing lut $abc$5247$lut$auto$opt_dff.cc:251:make_patterns_logic$899.genblk1.genblk1.genblk1.genblk1.genblk1.lut0 (4 -> 1)
  Optimizing lut $abc$5247$lut$0\delay[19:0][15].genblk1.genblk1.genblk1.genblk1.genblk1.lut0 (4 -> 0)
  Optimizing lut $abc$5247$lut$0\delay[19:0][14].genblk1.genblk1.genblk1.genblk1.genblk1.lut0 (4 -> 0)
  Optimizing lut $abc$5247$lut$0\delay[19:0][9].genblk1.genblk1.genblk1.genblk1.genblk1.lut0 (4 -> 0)
  Optimizing lut $abc$5247$lut$0\delay[19:0][13].genblk1.genblk1.genblk1.genblk1.genblk1.lut0 (4 -> 0)
  Optimizing lut $abc$5247$lut$0\delay[19:0][12].genblk1.genblk1.genblk1.genblk1.genblk1.lut0 (4 -> 0)
  Optimizing lut $abc$5247$lut$auto$fsm_map.cc:170:map_fsm$699[4].genblk1.genblk1.genblk1.genblk1.genblk1.lut0 (4 -> 3)
  Optimizing lut $abc$5247$lut$auto$fsm_map.cc:170:map_fsm$801[4].genblk1.genblk1.genblk1.genblk1.genblk1.lut0 (4 -> 3)
  Optimizing lut $abc$5247$lut$0\delay[19:0][11].genblk1.genblk1.genblk1.genblk1.genblk1.lut0 (4 -> 0)
  Optimizing lut $abc$5247$lut$aiger5246$332.genblk1.genblk1.genblk1.genblk1.genblk1.lut0 (4 -> 0)
  Optimizing lut $abc$5247$lut$auto$opt_dff.cc:251:make_patterns_logic$853.genblk1.genblk1.genblk1.genblk1.genblk1.lut0 (4 -> 1)
Removed 0 unused cells and 166 unused wires.

16.49. Executing AUTONAME pass.
Renamed 477 objects in module top (136 iterations).
<suppressed ~477 debug messages>

16.50. Executing HIERARCHY pass (managing design hierarchy).
Attribute `top' found on module `top'. Setting top module to top.

16.50.1. Analyzing design hierarchy..
Top module:  \top

16.50.2. Analyzing design hierarchy..
Top module:  \top
Removed 0 unused modules.

16.51. Printing statistics.

=== top ===

        +----------Local Count, excluding submodules.
        | 
      299 wires
      754 wire bits
      299 public wires
      754 public wire bits
        2 ports
        2 port bits
       14 cells
       14   $scopeinfo
      282 submodules
       41   CCU2C
      103   LUT4
       23   PFUMX
      115   TRELLIS_FF

=== design hierarchy ===

        +----------Count including submodules.
        | 
       14 top

        +----------Count including submodules.
        | 
      299 wires
      754 wire bits
      299 public wires
      754 public wire bits
        2 ports
        2 port bits
        - memories
        - memory bits
        - processes
       14 cells
       14   $scopeinfo
      282 submodules
       41   CCU2C
      103   LUT4
       23   PFUMX
      115   TRELLIS_FF

16.52. Executing CHECK pass (checking for obvious problems).
Checking module top...
Found and reported 0 problems.

16.53. Executing JSON backend.

Warnings: 1 unique messages, 1 total
End of script. Logfile hash: dfe045e71f, time: 0.31s, user: 0.25s, system: 0.04s, MEM: 35.09 MB peak
Yosys 0.65 (git sha1 b85cad634782fafac275e5f540c056bfacb2b5d2)
Time spent: 41% 49x read_verilog (0 sec), 9% 12x techmap (0 sec), ...
